{"skeleton":{"hash":"pGjwWr3SpIw6bXzLUdVIBCYjmgw","spine":"3.4.02","width":210.39,"height":220.89,"images":""},"bones":[{"name":"root"},{"name":"./images/500595_g","parent":"root","length":55.76,"rotation":90,"x":1.17,"y":-86.3},{"name":"images/500595_debris","parent":"root","x":-64.73,"y":-66.86},{"name":"images/500595_debris2","parent":"root","x":-30.93,"y":-77.85},{"name":"images/500595_debris3","parent":"root","x":0.32,"y":-74.47},{"name":"images/500595_debris4","parent":"root","x":38.35,"y":-77},{"name":"images/500595_debris5","parent":"root","x":78.91,"y":-81.23},{"name":"images/500595_debris6","parent":"root","x":-80.79,"y":-84.61}],"slots":[{"name":"./images/500595_g","bone":"./images/500595_g","color":"49edffff","attachment":"./images/500595_g","blend":"additive"},{"name":"images/500595_debris","bone":"images/500595_debris","attachment":"images/500595_debris"},{"name":"images/500595_debris2","bone":"images/500595_debris2","attachment":"images/500595_debris"},{"name":"images/500595_debris3","bone":"images/500595_debris3","attachment":"images/500595_debris"},{"name":"images/500595_debris4","bone":"images/500595_debris4","attachment":"images/500595_debris"},{"name":"images/500595_debris5","bone":"images/500595_debris5","attachment":"images/500595_debris"},{"name":"images/500595_debris6","bone":"images/500595_debris6","attachment":"images/500595_debris"},{"name":"images/avator_frame_500595","bone":"root","attachment":"images/avator_frame_500595"}],"skins":{"default":{"./images/500595_g":{"./images/500595_g":{"x":41.4,"y":-4.22,"rotation":-90,"width":200,"height":142}},"images/500595_debris":{"images/500595_debris":{"x":2.53,"y":1.68,"width":30,"height":34}},"images/500595_debris2":{"images/500595_debris":{"x":2.53,"y":1.68,"width":30,"height":34}},"images/500595_debris3":{"images/500595_debris":{"x":2.53,"y":1.68,"width":30,"height":34}},"images/500595_debris4":{"images/500595_debris":{"x":2.53,"y":1.68,"width":30,"height":34}},"images/500595_debris5":{"images/500595_debris":{"x":2.53,"y":1.68,"width":30,"height":34}},"images/500595_debris6":{"images/500595_debris":{"x":2.53,"y":1.68,"width":30,"height":34}},"images/avator_frame_500595":{"images/avator_frame_500595":{"width":210,"height":210}}}},"animations":{"500594_1":{"slots":{"images/500595_debris":{"color":[{"time":0,"color":"ffffffa3"},{"time":0.3,"color":"ffffff00","curve":"stepped"},{"time":0.3333,"color":"ffffff00"},{"time":0.8333,"color":"ffffffff","curve":"stepped"},{"time":1.8333,"color":"ffffffff"},{"time":2,"color":"ffffffa3"}]},"images/500595_debris2":{"color":[{"time":0,"color":"ffffffff","curve":"stepped"},{"time":0.5,"color":"ffffffff"},{"time":0.9666,"color":"ffffff00","curve":"stepped"},{"time":1,"color":"ffffff00"},{"time":1.5,"color":"ffffffff","curve":"stepped"},{"time":2,"color":"ffffffff"}]},"images/500595_debris3":{"color":[{"time":0,"color":"ffffffff","curve":"stepped"},{"time":0.1666,"color":"ffffffff"},{"time":0.6333,"color":"ffffff00","curve":"stepped"},{"time":0.6666,"color":"ffffff00"},{"time":1.1666,"color":"ffffffff","curve":"stepped"},{"time":2,"color":"ffffffff"}]},"images/500595_debris4":{"color":[{"time":0,"color":"ffffffa9"},{"time":0.1666,"color":"ffffffff","curve":"stepped"},{"time":1.1666,"color":"ffffffff"},{"time":1.6333,"color":"ffffff00","curve":"stepped"},{"time":1.6666,"color":"ffffff00"},{"time":2,"color":"ffffffa9"}]},"images/500595_debris5":{"color":[{"time":0,"color":"ffffffff","curve":"stepped"},{"time":0.8333,"color":"ffffffff"},{"time":1.3,"color":"ffffff00","curve":"stepped"},{"time":1.3333,"color":"ffffff00"},{"time":1.8333,"color":"ffffffff","curve":"stepped"},{"time":2,"color":"ffffffff"}]},"images/500595_debris6":{"color":[{"time":0,"color":"ffffffff","curve":"stepped"},{"time":0.2666,"color":"ffffffff"},{"time":0.7333,"color":"ffffff00","curve":"stepped"},{"time":0.7666,"color":"ffffff00"},{"time":1.2666,"color":"ffffffff","curve":"stepped"},{"time":2,"color":"ffffffff"}]}},"bones":{"./images/500595_g":{"scale":[{"time":0,"x":0.995,"y":1,"curve":[0.375,0.5,0.75,1]},{"time":0.5,"x":0.826,"y":1},{"time":1.5,"x":1.164,"y":1,"curve":[0.25,0,0.625,0.5]},{"time":2,"x":0.995,"y":1}]},"images/500595_debris":{"rotate":[{"time":0,"angle":152.54},{"time":0.3,"angle":180},{"time":0.3333,"angle":0},{"time":2,"angle":152.54}],"translate":[{"time":0,"x":0,"y":126.41},{"time":0.3,"x":0,"y":149.16},{"time":0.3333,"x":0,"y":0},{"time":2,"x":0,"y":126.41}],"scale":[{"time":0,"x":0.283,"y":0.283},{"time":0.3,"x":0.155,"y":0.155},{"time":0.3333,"x":1,"y":1},{"time":2,"x":0.283,"y":0.283}]},"images/500595_debris2":{"rotate":[{"time":0,"angle":91.52},{"time":0.9666,"angle":180},{"time":1,"angle":0},{"time":2,"angle":91.52}],"translate":[{"time":0,"x":0,"y":75.84},{"time":0.9666,"x":0,"y":149.16},{"time":1,"x":0,"y":0},{"time":2,"x":0,"y":75.84}],"scale":[{"time":0,"x":0.57,"y":0.57},{"time":0.9666,"x":0.155,"y":0.155},{"time":1,"x":1,"y":1},{"time":2,"x":0.57,"y":0.57}]},"images/500595_debris3":{"rotate":[{"time":0,"angle":122.03},{"time":0.6333,"angle":180},{"time":0.6666,"angle":0},{"time":2,"angle":122.03}],"translate":[{"time":0,"x":0,"y":101.13},{"time":0.6333,"x":0,"y":149.16},{"time":0.6666,"x":0,"y":0},{"time":2,"x":0,"y":101.13}],"scale":[{"time":0,"x":0.427,"y":0.427},{"time":0.6333,"x":0.155,"y":0.155},{"time":0.6666,"x":1,"y":1},{"time":2,"x":0.427,"y":0.427}]},"images/500595_debris4":{"rotate":[{"time":0,"angle":30.5},{"time":1.6333,"angle":180},{"time":1.6666,"angle":0},{"time":2,"angle":30.5}],"translate":[{"time":0,"x":0,"y":25.28},{"time":1.6333,"x":0,"y":149.16},{"time":1.6666,"x":0,"y":0},{"time":2,"x":0,"y":25.28}],"scale":[{"time":0,"x":0.856,"y":0.856},{"time":1.6333,"x":0.155,"y":0.155},{"time":1.6666,"x":1,"y":1},{"time":2,"x":0.856,"y":0.856}]},"images/500595_debris5":{"rotate":[{"time":0,"angle":61.01},{"time":1.3,"angle":180},{"time":1.3333,"angle":0},{"time":2,"angle":61.01}],"translate":[{"time":0,"x":0,"y":50.56},{"time":1.3,"x":0,"y":149.16},{"time":1.3333,"x":0,"y":0},{"time":2,"x":0,"y":50.56}],"scale":[{"time":0,"x":0.713,"y":0.713},{"time":1.3,"x":0.155,"y":0.155},{"time":1.3333,"x":1,"y":1},{"time":2,"x":0.713,"y":0.713}]},"images/500595_debris6":{"rotate":[{"time":0,"angle":112.88},{"time":0.7333,"angle":180},{"time":0.7666,"angle":0},{"time":2,"angle":112.88}],"translate":[{"time":0,"x":0,"y":93.54},{"time":0.7333,"x":0,"y":149.16},{"time":0.7666,"x":0,"y":0},{"time":2,"x":0,"y":93.54}],"scale":[{"time":0,"x":0.47,"y":0.47},{"time":0.7333,"x":0.155,"y":0.155},{"time":0.7666,"x":1,"y":1},{"time":2,"x":0.47,"y":0.47}]}}}}}