{"skeleton":{"hash":"lZlVR7EjNDuJ41GzQNOrQwSa5g8","spine":"3.4.02","width":245.81,"height":241.72,"images":"./QT/"},"bones":[{"name":"root"},{"name":"500458_1","parent":"root","length":43.36,"rotation":-72.55,"x":-76.92,"y":86.34},{"name":"bone5","parent":"root","length":16.56,"rotation":-102.05,"x":-92.49,"y":-27.32,"scaleX":0.37,"scaleY":0.37},{"name":"bone6","parent":"root","length":16.56,"rotation":-70.85,"x":81.51,"y":-24.63,"scaleX":0.335,"scaleY":0.335,"shearY":-177.75},{"name":"bone8","parent":"root","length":16.56,"rotation":-102.05,"x":-1.22,"y":78.81,"scaleX":0.289,"scaleY":0.289},{"name":"images/1","parent":"root","x":-50.82,"y":-1.64,"scaleX":0.377,"scaleY":0.377},{"name":"images/2","parent":"bone5","length":25.14,"rotation":-73.62,"x":-22.97,"y":-4.59,"scaleX":1.857,"scaleY":1.418,"shearX":-16.37},{"name":"images/3","parent":"bone5","length":25.14,"rotation":-88.78,"x":-24.78,"y":-3.67,"scaleX":-0.812,"scaleY":1.226,"shearX":64.48,"shearY":13.21},{"name":"images/5","parent":"bone6","length":25.14,"rotation":-73.62,"x":-22.97,"y":-4.59,"scaleX":1.857,"scaleY":1.418,"shearX":-16.37},{"name":"images/7","parent":"bone6","length":25.14,"rotation":-88.78,"x":-24.78,"y":-3.67,"scaleX":-0.812,"scaleY":1.226,"shearX":64.48,"shearY":13.21},{"name":"images/8","parent":"root","x":77.11,"y":32.19,"scaleX":0.415,"scaleY":0.415},{"name":"images/9","parent":"root","x":4.03,"y":-43.3,"scaleX":0.676,"scaleY":0.676},{"name":"images/10","parent":"bone8","length":25.14,"rotation":-73.62,"x":-22.97,"y":-4.59,"scaleX":1.857,"scaleY":1.418,"shearX":-15.78},{"name":"images/11","parent":"bone8","length":25.14,"rotation":-88.78,"x":-24.78,"y":-3.67,"scaleX":-1.28,"scaleY":1.226,"shearX":27.26,"shearY":13.21},{"name":"images/12","parent":"root","x":48.85,"y":95.28,"scaleX":0.511,"scaleY":0.511},{"name":"images/13","parent":"root","x":86.65,"y":59.03,"scaleX":0.356,"scaleY":0.356},{"name":"images/14","parent":"root","x":11.19,"y":62.65,"scaleX":0.305,"scaleY":0.305},{"name":"images/15","parent":"root","x":-108.58,"y":36.97,"scaleX":0.351,"scaleY":0.351},{"name":"images/16","parent":"root","x":85.24,"y":-48.58,"scaleX":0.676,"scaleY":0.676}],"slots":[{"name":"avator_frame_500458","bone":"root"},{"name":"images/1","bone":"images/1","attachment":"images/1"},{"name":"images/13","bone":"images/8","attachment":"images/1"},{"name":"images/23","bone":"images/16","attachment":"images/1"},{"name":"images/22","bone":"images/15","attachment":"images/1"},{"name":"images/21","bone":"images/14","attachment":"images/1"},{"name":"images/16","bone":"images/13","attachment":"images/1"},{"name":"images/15","bone":"images/12","attachment":"images/1"},{"name":"images/14","bone":"images/9","attachment":"images/1"},{"name":"images/2","bone":"images/2","attachment":"images/2"},{"name":"images/17","bone":"images/10","attachment":"images/2"},{"name":"images/9","bone":"images/5","attachment":"images/2"},{"name":"images/7","bone":"images/3","attachment":"images/2"},{"name":"images/19","bone":"images/11","attachment":"images/2"},{"name":"images/11","bone":"images/7","attachment":"images/2"},{"name":"images/8","bone":"images/3","attachment":"images/3"},{"name":"images/20","bone":"images/11","attachment":"images/3"},{"name":"images/12","bone":"images/7","attachment":"images/3"},{"name":"images/3","bone":"images/2","attachment":"images/3","blend":"additive"},{"name":"images/18","bone":"images/10","attachment":"images/3","blend":"additive"},{"name":"images/10","bone":"images/5","attachment":"images/3","blend":"additive"},{"name":"500458_1","bone":"500458_1","attachment":"500458_1"}],"skins":{"default":{"500458_1":{"500458_1":{"x":17.08,"y":-1.06,"rotation":72.55,"width":136,"height":134}},"images/1":{"images/1":{"x":-0.14,"y":0.34,"width":40,"height":39}},"images/10":{"images/3":{"type":"mesh","uvs":[1,0.26872,1,0.53902,1,0.77752,0.7772,1,0.29384,1,0.19208,0.80932,0.37864,0.59732,0,0.45952,0,0.14682,0.2684,0,0.69239,0,0.50584,0.25282,0.61608,0.81462],"triangles":[11,9,10,11,10,0,11,7,8,11,8,9,11,0,1,6,7,11,6,11,1,12,6,1,2,12,1,5,6,12,4,5,12,3,12,2,4,12,3],"vertices":[-4.94999,-10.75,-4.14,0.02,-2.22,5.57,3.81,16.21999,11.21,17.51,13.64,9.43,8.83,1.46,20.54,-5.02,19.6,-17.49,12.47,-22.84,1.9,-22.05,7.31,-12.31,6.26,10.29],"hull":11,"edges":[12,2,12,10,10,8,6,8,2,4,6,4,12,14,14,16,16,18,18,20,2,0,20,0],"width":25,"height":40}},"images/11":{"images/2":{"x":13.64,"y":-1.37,"rotation":175.68,"width":40,"height":68}},"images/12":{"images/3":{"x":8.2,"y":-2.47,"rotation":175.68,"width":25,"height":40}},"images/13":{"images/1":{"x":-0.14,"y":0.34,"width":40,"height":39}},"images/14":{"images/1":{"x":-0.14,"y":0.34,"width":40,"height":39}},"images/15":{"images/1":{"x":-0.14,"y":0.34,"width":40,"height":39}},"images/16":{"images/1":{"x":-0.14,"y":0.34,"width":40,"height":39}},"images/17":{"images/2":{"x":13.64,"y":-1.37,"rotation":175.68,"width":40,"height":68}},"images/18":{"images/3":{"type":"mesh","uvs":[1,0.26872,1,0.53902,1,0.77752,0.7772,1,0.29384,1,0.19208,0.80932,0.37864,0.59732,0,0.45952,0,0.14682,0.2684,0,0.69239,0,0.50584,0.25282,0.61608,0.81462],"triangles":[11,9,10,11,10,0,11,7,8,11,8,9,11,0,1,6,7,11,6,11,1,12,6,1,2,12,1,5,6,12,4,5,12,3,12,2,4,12,3],"vertices":[-4.94999,-10.75,-4.14,0.02,-2.22,5.57,3.81,16.21999,11.21,17.51,13.64,9.43,8.83,1.46,20.54,-5.02,19.6,-17.49,12.47,-22.84,1.9,-22.05,7.31,-12.31,6.26,10.29],"hull":11,"edges":[12,2,12,10,10,8,6,8,2,4,6,4,12,14,14,16,16,18,18,20,2,0,20,0],"width":25,"height":40}},"images/19":{"images/2":{"x":13.64,"y":-1.37,"rotation":175.68,"width":40,"height":68}},"images/2":{"images/2":{"x":13.64,"y":-1.37,"rotation":175.68,"width":40,"height":68}},"images/20":{"images/3":{"x":8.2,"y":-2.47,"rotation":175.68,"width":25,"height":40}},"images/21":{"images/1":{"x":-0.14,"y":0.34,"width":40,"height":39}},"images/22":{"images/1":{"x":-0.14,"y":0.34,"width":40,"height":39}},"images/23":{"images/1":{"x":-0.14,"y":0.34,"width":40,"height":39}},"images/3":{"images/3":{"type":"mesh","uvs":[1,0.26872,1,0.53902,1,0.77752,0.7772,1,0.29384,1,0.19208,0.80932,0.37864,0.59732,0,0.45952,0,0.14682,0.2684,0,0.69239,0,0.50584,0.25282,0.61608,0.81462],"triangles":[11,9,10,11,10,0,11,7,8,11,8,9,11,0,1,6,7,11,6,11,1,12,6,1,2,12,1,5,6,12,4,5,12,3,12,2,4,12,3],"vertices":[-4.94999,-10.75,-4.14,0.02,-2.22,5.57,3.81,16.21999,11.21,17.51,13.64,9.43,8.83,1.46,20.54,-5.02,19.6,-17.49,12.47,-22.84,1.9,-22.05,7.31,-12.31,6.26,10.29],"hull":11,"edges":[12,2,12,10,10,8,6,8,2,4,6,4,12,14,14,16,16,18,18,20,2,0,20,0],"width":25,"height":40}},"images/7":{"images/2":{"x":13.64,"y":-1.37,"rotation":175.68,"width":40,"height":68}},"images/8":{"images/3":{"x":8.2,"y":-2.47,"rotation":175.68,"width":25,"height":40}},"images/9":{"images/2":{"x":13.64,"y":-1.37,"rotation":175.68,"width":40,"height":68}}}},"animations":{"500458_1":{"slots":{"images/1":{"color":[{"time":0,"color":"ffffffff","curve":"stepped"},{"time":1.3666,"color":"ffffffff"},{"time":1.8,"color":"ffffff00","curve":"stepped"},{"time":1.8333,"color":"ffffff00","curve":"stepped"},{"time":2.5333,"color":"ffffff00"},{"time":3.0333,"color":"ffffffff","curve":"stepped"},{"time":4,"color":"ffffffff"}]},"images/2":{"color":[{"time":0,"color":"ffffffff"}]},"images/3":{"color":[{"time":0,"color":"ffffffff"}]},"images/7":{"color":[{"time":0,"color":"ffffffff"}]},"images/8":{"color":[{"time":0,"color":"ffffffff"}]},"images/9":{"color":[{"time":0,"color":"ffffffff"}]},"images/10":{"color":[{"time":0,"color":"ffffffff"}]},"images/11":{"color":[{"time":0,"color":"ffffffff"}]},"images/12":{"color":[{"time":0,"color":"ffffffff"}]},"images/13":{"color":[{"time":0,"color":"ffffff62"},{"time":0.1666,"color":"ffffff00","curve":"stepped"},{"time":0.2,"color":"ffffff00","curve":"stepped"},{"time":0.5333,"color":"ffffff00"},{"time":1.0333,"color":"ffffffff","curve":"stepped"},{"time":3.7333,"color":"ffffffff"},{"time":4,"color":"ffffff62"}]},"images/14":{"color":[{"time":0,"color":"ffffffff","curve":"stepped"},{"time":0.1333,"color":"ffffffff"},{"time":0.5666,"color":"ffffff00","curve":"stepped"},{"time":0.6,"color":"ffffff00","curve":"stepped"},{"time":1.4,"color":"ffffff00"},{"time":1.9,"color":"ffffffff","curve":"stepped"},{"time":4,"color":"ffffffff"}]},"images/15":{"color":[{"time":0,"color":"ffffffff","curve":"stepped"},{"time":0.7666,"color":"ffffffff"},{"time":1.2,"color":"ffffff00","curve":"stepped"},{"time":1.2333,"color":"ffffff00","curve":"stepped"},{"time":1.7333,"color":"ffffff00"},{"time":2.2333,"color":"ffffffff","curve":"stepped"},{"time":4,"color":"ffffffff"}]},"images/16":{"color":[{"time":0,"color":"ffffff00"},{"time":0.5,"color":"ffffffff","curve":"stepped"},{"time":2.6666,"color":"ffffffff"},{"time":3.1,"color":"ffffff00","curve":"stepped"},{"time":3.1333,"color":"ffffff00","curve":"stepped"},{"time":4,"color":"ffffff00"}]},"images/17":{"color":[{"time":0,"color":"ffffffff"}]},"images/18":{"color":[{"time":0,"color":"ffffffff"}]},"images/19":{"color":[{"time":0,"color":"ffffffff"}]},"images/20":{"color":[{"time":0,"color":"ffffffff"}]},"images/21":{"color":[{"time":0,"color":"ffffffff","curve":"stepped"},{"time":1.8333,"color":"ffffffff"},{"time":2.2666,"color":"ffffff00","curve":"stepped"},{"time":2.3,"color":"ffffff00","curve":"stepped"},{"time":3,"color":"ffffff00"},{"time":3.5,"color":"ffffffff","curve":"stepped"},{"time":4,"color":"ffffffff"}]},"images/22":{"color":[{"time":0,"color":"ffffffff","curve":"stepped"},{"time":0.9,"color":"ffffffff"},{"time":1.3333,"color":"ffffff00","curve":"stepped"},{"time":1.3666,"color":"ffffff00","curve":"stepped"},{"time":2.5333,"color":"ffffff00"},{"time":3.0333,"color":"ffffffff","curve":"stepped"},{"time":4,"color":"ffffffff"}]},"images/23":{"color":[{"time":0,"color":"ffffff00"},{"time":0.5,"color":"ffffffff","curve":"stepped"},{"time":2.8333,"color":"ffffffff"},{"time":3.2666,"color":"ffffff00","curve":"stepped"},{"time":3.3,"color":"ffffff00","curve":"stepped"},{"time":4,"color":"ffffff00"}]}},"bones":{"images/11":{"scale":[{"time":0,"x":0.796,"y":1,"curve":[0.362,0.44,0.754,1]},{"time":0.2,"x":0.446,"y":1,"curve":[0.25,0,0.75,1]},{"time":0.5333,"x":1,"y":1,"curve":[0.25,0,0.75,1]},{"time":0.8666,"x":0.446,"y":1,"curve":[0.25,0,0.75,1]},{"time":1.2,"x":1,"y":1,"curve":[0.25,0,0.75,1]},{"time":1.5333,"x":0.446,"y":1,"curve":[0.25,0,0.75,1]},{"time":1.8666,"x":1,"y":1},{"time":2,"x":0.796,"y":1,"curve":[0.362,0.44,0.754,1]},{"time":2.2,"x":0.446,"y":1,"curve":[0.25,0,0.75,1]},{"time":2.5333,"x":1,"y":1,"curve":[0.25,0,0.75,1]},{"time":2.8666,"x":0.446,"y":1,"curve":[0.25,0,0.75,1]},{"time":3.2,"x":1,"y":1,"curve":[0.25,0,0.75,1]},{"time":3.5333,"x":0.446,"y":1,"curve":[0.25,0,0.75,1]},{"time":3.8666,"x":1,"y":1},{"time":4,"x":0.796,"y":1}],"shear":[{"time":0,"x":14.68,"y":0,"curve":[0.362,0.44,0.754,1]},{"time":0.2,"x":39.93,"y":0,"curve":[0.25,0,0.75,1]},{"time":0.5333,"x":0,"y":0,"curve":[0.25,0,0.75,1]},{"time":0.8666,"x":39.93,"y":0,"curve":[0.25,0,0.75,1]},{"time":1.2,"x":0,"y":0,"curve":[0.25,0,0.75,1]},{"time":1.5333,"x":39.93,"y":0,"curve":[0.25,0,0.75,1]},{"time":1.8666,"x":0,"y":0,"curve":[0.257,0,0.618,0.45]},{"time":2,"x":14.68,"y":0,"curve":[0.362,0.44,0.754,1]},{"time":2.2,"x":39.93,"y":0,"curve":[0.25,0,0.75,1]},{"time":2.5333,"x":0,"y":0,"curve":[0.25,0,0.75,1]},{"time":2.8666,"x":39.93,"y":0,"curve":[0.25,0,0.75,1]},{"time":3.2,"x":0,"y":0,"curve":[0.25,0,0.75,1]},{"time":3.5333,"x":39.93,"y":0,"curve":[0.25,0,0.75,1]},{"time":3.8666,"x":0,"y":0,"curve":[0.257,0,0.618,0.45]},{"time":4,"x":14.68,"y":0}]},"images/1":{"translate":[{"time":0,"x":1.79,"y":4.77},{"time":1.8,"x":3.99,"y":10.64},{"time":1.8333,"x":0,"y":0,"curve":"stepped"},{"time":2.5333,"x":0,"y":0},{"time":4,"x":1.79,"y":4.77}],"scale":[{"time":0,"x":0.924,"y":0.924},{"time":1.8,"x":0.831,"y":0.831},{"time":1.8333,"x":1,"y":1,"curve":"stepped"},{"time":2.5333,"x":1,"y":1},{"time":4,"x":0.924,"y":0.924}]},"images/16":{"translate":[{"time":0,"x":0,"y":0},{"time":3.2666,"x":11.97,"y":15.96},{"time":3.3,"x":0,"y":0,"curve":"stepped"},{"time":4,"x":0,"y":0}],"scale":[{"time":0,"x":1,"y":1},{"time":3.2666,"x":0.414,"y":0.414},{"time":3.3,"x":1,"y":1,"curve":"stepped"},{"time":4,"x":1,"y":1}]},"images/2":{"scale":[{"time":0,"x":0.767,"y":1,"curve":[0.25,0,0.75,1]},{"time":0.3333,"x":0.906,"y":1,"curve":[0.25,0,0.75,1]},{"time":0.6666,"x":0.767,"y":1,"curve":[0.25,0,0.75,1]},{"time":1,"x":0.906,"y":1,"curve":[0.25,0,0.75,1]},{"time":1.3333,"x":0.767,"y":1,"curve":[0.25,0,0.75,1]},{"time":1.6666,"x":0.906,"y":1,"curve":[0.25,0,0.75,1]},{"time":2,"x":0.767,"y":1,"curve":[0.25,0,0.75,1]},{"time":2.3333,"x":0.906,"y":1,"curve":[0.25,0,0.75,1]},{"time":2.6666,"x":0.767,"y":1,"curve":[0.25,0,0.75,1]},{"time":3,"x":0.906,"y":1,"curve":[0.25,0,0.75,1]},{"time":3.3333,"x":0.767,"y":1,"curve":[0.25,0,0.75,1]},{"time":3.6666,"x":0.906,"y":1,"curve":[0.25,0,0.75,1]},{"time":4,"x":0.767,"y":1}],"shear":[{"time":0,"x":-6.41,"y":0,"curve":[0.25,0,0.75,1]},{"time":0.3333,"x":10.5,"y":0,"curve":[0.25,0,0.75,1]},{"time":0.6666,"x":-6.41,"y":0,"curve":[0.25,0,0.75,1]},{"time":1,"x":10.5,"y":0,"curve":[0.25,0,0.75,1]},{"time":1.3333,"x":-6.41,"y":0,"curve":[0.25,0,0.75,1]},{"time":1.6666,"x":10.5,"y":0,"curve":[0.25,0,0.75,1]},{"time":2,"x":-6.41,"y":0,"curve":[0.25,0,0.75,1]},{"time":2.3333,"x":10.5,"y":0,"curve":[0.25,0,0.75,1]},{"time":2.6666,"x":-6.41,"y":0,"curve":[0.25,0,0.75,1]},{"time":3,"x":10.5,"y":0,"curve":[0.25,0,0.75,1]},{"time":3.3333,"x":-6.41,"y":0,"curve":[0.25,0,0.75,1]},{"time":3.6666,"x":10.5,"y":0,"curve":[0.25,0,0.75,1]},{"time":4,"x":-6.41,"y":0}]},"images/12":{"translate":[{"time":0,"x":-28.32,"y":34.24},{"time":1.2,"x":-25.82,"y":39.25},{"time":1.2333,"x":-33.05,"y":24.79,"curve":"stepped"},{"time":1.7333,"x":-33.05,"y":24.79},{"time":4,"x":-28.32,"y":34.24}],"scale":[{"time":0,"x":0.43,"y":0.43},{"time":1.2,"x":0.129,"y":0.129},{"time":1.2333,"x":1,"y":1,"curve":"stepped"},{"time":1.7333,"x":1,"y":1},{"time":4,"x":0.43,"y":0.43}]},"bone6":{"rotate":[{"time":0,"angle":-3.24,"curve":[0.364,0.63,0.7,1]},{"time":1.3666,"angle":-7.28,"curve":[0.25,0,0.75,1]},{"time":3.3666,"angle":0.43,"curve":[0.343,0.38,0.677,0.71]},{"time":4,"angle":-3.24}],"translate":[{"time":0,"x":0,"y":16.13,"curve":[0.25,0,0.75,1]},{"time":2,"x":0,"y":19.48,"curve":[0.25,0,0.75,1]},{"time":4,"x":0,"y":16.13}]},"images/7":{"scale":[{"time":0,"x":1.037,"y":1.006,"curve":[0.368,0.62,0.706,1]},{"time":0.0666,"x":1,"y":1,"curve":[0.25,0,0.75,1]},{"time":0.4,"x":1.451,"y":1.073,"curve":[0.25,0,0.75,1]},{"time":0.7333,"x":1,"y":1,"curve":[0.25,0,0.75,1]},{"time":1.0666,"x":1.451,"y":1.073,"curve":[0.25,0,0.75,1]},{"time":1.4,"x":1,"y":1,"curve":[0.25,0,0.75,1]},{"time":1.7333,"x":1.451,"y":1.073,"curve":[0.243,0,0.694,0.76]},{"time":2,"x":1.037,"y":1.006,"curve":[0.368,0.62,0.706,1]},{"time":2.0666,"x":1,"y":1,"curve":[0.25,0,0.75,1]},{"time":2.4,"x":1.451,"y":1.073,"curve":[0.25,0,0.75,1]},{"time":2.7333,"x":1,"y":1,"curve":[0.25,0,0.75,1]},{"time":3.0666,"x":1.451,"y":1.073,"curve":[0.25,0,0.75,1]},{"time":3.4,"x":1,"y":1,"curve":[0.25,0,0.75,1]},{"time":3.7333,"x":1.451,"y":1.073,"curve":[0.243,0,0.694,0.76]},{"time":4,"x":1.037,"y":1.006}],"shear":[{"time":0,"x":-3.53,"y":0,"curve":[0.368,0.62,0.706,1]},{"time":0.0666,"x":0,"y":0,"curve":[0.25,0,0.75,1]},{"time":0.4,"x":-42.64,"y":0,"curve":[0.25,0,0.75,1]},{"time":0.7333,"x":0,"y":0,"curve":[0.25,0,0.75,1]},{"time":1.0666,"x":-42.64,"y":0,"curve":[0.25,0,0.75,1]},{"time":1.4,"x":0,"y":0,"curve":[0.25,0,0.75,1]},{"time":1.7333,"x":-42.64,"y":0,"curve":[0.243,0,0.694,0.76]},{"time":2,"x":-3.53,"y":0,"curve":[0.368,0.62,0.706,1]},{"time":2.0666,"x":0,"y":0,"curve":[0.25,0,0.75,1]},{"time":2.4,"x":-42.64,"y":0,"curve":[0.25,0,0.75,1]},{"time":2.7333,"x":0,"y":0,"curve":[0.25,0,0.75,1]},{"time":3.0666,"x":-42.64,"y":0,"curve":[0.25,0,0.75,1]},{"time":3.4,"x":0,"y":0,"curve":[0.25,0,0.75,1]},{"time":3.7333,"x":-42.64,"y":0,"curve":[0.243,0,0.694,0.76]},{"time":4,"x":-3.53,"y":0}]},"images/10":{"scale":[{"time":0,"x":0.869,"y":1,"curve":[0.362,0.44,0.754,1]},{"time":0.2,"x":0.645,"y":1,"curve":[0.25,0,0.75,1]},{"time":0.5333,"x":1,"y":1,"curve":[0.25,0,0.75,1]},{"time":0.8666,"x":0.645,"y":1,"curve":[0.25,0,0.75,1]},{"time":1.2,"x":1,"y":1,"curve":[0.25,0,0.75,1]},{"time":1.5333,"x":0.645,"y":1,"curve":[0.25,0,0.75,1]},{"time":1.8666,"x":1,"y":1},{"time":2,"x":0.869,"y":1,"curve":[0.362,0.44,0.754,1]},{"time":2.2,"x":0.645,"y":1,"curve":[0.25,0,0.75,1]},{"time":2.5333,"x":1,"y":1,"curve":[0.25,0,0.75,1]},{"time":2.8666,"x":0.645,"y":1,"curve":[0.25,0,0.75,1]},{"time":3.2,"x":1,"y":1,"curve":[0.25,0,0.75,1]},{"time":3.5333,"x":0.645,"y":1,"curve":[0.25,0,0.75,1]},{"time":3.8666,"x":1,"y":1},{"time":4,"x":0.869,"y":1}],"shear":[{"time":0,"x":-5.14,"y":0,"curve":[0.362,0.44,0.754,1]},{"time":0.2,"x":-13.98,"y":0,"curve":[0.25,0,0.75,1]},{"time":0.5333,"x":0,"y":0,"curve":[0.25,0,0.75,1]},{"time":0.8666,"x":-13.98,"y":0,"curve":[0.25,0,0.75,1]},{"time":1.2,"x":0,"y":0,"curve":[0.25,0,0.75,1]},{"time":1.5333,"x":-13.98,"y":0,"curve":[0.25,0,0.75,1]},{"time":1.8666,"x":0,"y":0,"curve":[0.257,0,0.618,0.45]},{"time":2,"x":-5.14,"y":0,"curve":[0.362,0.44,0.754,1]},{"time":2.2,"x":-13.98,"y":0,"curve":[0.25,0,0.75,1]},{"time":2.5333,"x":0,"y":0,"curve":[0.25,0,0.75,1]},{"time":2.8666,"x":-13.98,"y":0,"curve":[0.25,0,0.75,1]},{"time":3.2,"x":0,"y":0,"curve":[0.25,0,0.75,1]},{"time":3.5333,"x":-13.98,"y":0,"curve":[0.25,0,0.75,1]},{"time":3.8666,"x":0,"y":0,"curve":[0.257,0,0.618,0.45]},{"time":4,"x":-5.14,"y":0}]},"images/3":{"scale":[{"time":0,"x":1,"y":1,"curve":[0.25,0,0.75,1]},{"time":0.3333,"x":1.405,"y":1.015,"curve":[0.25,0,0.75,1]},{"time":0.6666,"x":1,"y":1,"curve":[0.25,0,0.75,1]},{"time":1,"x":1.405,"y":1.015,"curve":[0.25,0,0.75,1]},{"time":1.3333,"x":1,"y":1,"curve":[0.25,0,0.75,1]},{"time":1.6666,"x":1.405,"y":1.015,"curve":[0.25,0,0.75,1]},{"time":2,"x":1,"y":1,"curve":[0.25,0,0.75,1]},{"time":2.3333,"x":1.405,"y":1.015,"curve":[0.25,0,0.75,1]},{"time":2.6666,"x":1,"y":1,"curve":[0.25,0,0.75,1]},{"time":3,"x":1.405,"y":1.015,"curve":[0.25,0,0.75,1]},{"time":3.3333,"x":1,"y":1,"curve":[0.25,0,0.75,1]},{"time":3.6666,"x":1.405,"y":1.015,"curve":[0.25,0,0.75,1]},{"time":4,"x":1,"y":1}],"shear":[{"time":0,"x":0,"y":0,"curve":[0.25,0,0.75,1]},{"time":0.3333,"x":-17.36,"y":0,"curve":[0.25,0,0.75,1]},{"time":0.6666,"x":0,"y":0,"curve":[0.25,0,0.75,1]},{"time":1,"x":-17.36,"y":0,"curve":[0.25,0,0.75,1]},{"time":1.3333,"x":0,"y":0,"curve":[0.25,0,0.75,1]},{"time":1.6666,"x":-17.36,"y":0,"curve":[0.25,0,0.75,1]},{"time":2,"x":0,"y":0,"curve":[0.25,0,0.75,1]},{"time":2.3333,"x":-17.36,"y":0,"curve":[0.25,0,0.75,1]},{"time":2.6666,"x":0,"y":0,"curve":[0.25,0,0.75,1]},{"time":3,"x":-17.36,"y":0,"curve":[0.25,0,0.75,1]},{"time":3.3333,"x":0,"y":0,"curve":[0.25,0,0.75,1]},{"time":3.6666,"x":-17.36,"y":0,"curve":[0.25,0,0.75,1]},{"time":4,"x":0,"y":0}]},"images/14":{"translate":[{"time":0,"x":-4.88,"y":6.92},{"time":2.2666,"x":-15.96,"y":22.62},{"time":2.3,"x":0,"y":0,"curve":"stepped"},{"time":3,"x":0,"y":0},{"time":4,"x":-4.88,"y":6.92}],"scale":[{"time":0,"x":0.903,"y":0.903},{"time":2.2666,"x":0.684,"y":0.684},{"time":2.3,"x":1,"y":1,"curve":"stepped"},{"time":3,"x":1,"y":1},{"time":4,"x":0.903,"y":0.903}]},"images/8":{"translate":[{"time":0,"x":11.99,"y":26.65},{"time":0.1666,"x":12.57,"y":27.94},{"time":0.2,"x":0,"y":0,"curve":"stepped"},{"time":0.5333,"x":0,"y":0},{"time":4,"x":11.99,"y":26.65}],"scale":[{"time":0,"x":0.651,"y":0.651},{"time":0.1666,"x":0.634,"y":0.634},{"time":0.2,"x":1,"y":1,"curve":"stepped"},{"time":0.5333,"x":1,"y":1},{"time":4,"x":0.651,"y":0.651}]},"images/15":{"translate":[{"time":0,"x":20.03,"y":9.34},{"time":1.3333,"x":38.24,"y":17.84},{"time":1.3666,"x":0,"y":0,"curve":"stepped"},{"time":2.5333,"x":0,"y":0},{"time":4,"x":20.03,"y":9.34}],"scale":[{"time":0,"x":0.969,"y":0.969},{"time":1.3333,"x":0.794,"y":0.794,"curve":"stepped"},{"time":1.3666,"x":0.794,"y":0.794,"curve":"stepped"},{"time":2.5333,"x":0.794,"y":0.794},{"time":3.7666,"x":1,"y":1},{"time":4,"x":0.969,"y":0.969}]},"images/9":{"translate":[{"time":0,"x":-52.44,"y":-54.62},{"time":0.5666,"x":-63.87,"y":-66.53},{"time":0.6,"x":0,"y":0,"curve":"stepped"},{"time":1.4,"x":0,"y":0},{"time":4,"x":-52.44,"y":-54.62}],"scale":[{"time":0,"x":0.588,"y":0.588},{"time":0.5666,"x":0.498,"y":0.498},{"time":0.6,"x":1,"y":1,"curve":"stepped"},{"time":1.4,"x":1,"y":1},{"time":4,"x":0.588,"y":0.588}]},"images/13":{"translate":[{"time":0,"x":0,"y":0},{"time":3.1,"x":47.51,"y":27.89},{"time":3.1333,"x":0,"y":0,"curve":"stepped"},{"time":4,"x":0,"y":0}],"scale":[{"time":0,"x":1,"y":1},{"time":3.1,"x":0.838,"y":0.838},{"time":3.1333,"x":1,"y":1,"curve":"stepped"},{"time":4,"x":1,"y":1}]},"bone8":{"rotate":[{"time":0,"angle":0,"curve":[0.25,0,0.75,1]},{"time":2,"angle":3.63,"curve":[0.25,0,0.75,1]},{"time":4,"angle":0}],"translate":[{"time":0,"x":0,"y":3.71,"curve":[0.298,0.42,0.762,1]},{"time":1.6,"x":0,"y":6.15,"curve":[0.25,0,0.75,1]},{"time":3.6,"x":0,"y":2.8,"curve":[0.256,0.27,0.6,0.62]},{"time":4,"x":0,"y":3.71}]},"images/5":{"scale":[{"time":0,"x":0.692,"y":1,"curve":[0.368,0.62,0.706,1]},{"time":0.0666,"x":0.658,"y":1,"curve":[0.25,0,0.75,1]},{"time":0.4,"x":1.067,"y":1,"curve":[0.25,0,0.75,1]},{"time":0.7333,"x":0.658,"y":1,"curve":[0.25,0,0.75,1]},{"time":1.0666,"x":1.067,"y":1,"curve":[0.25,0,0.75,1]},{"time":1.4,"x":0.658,"y":1,"curve":[0.25,0,0.75,1]},{"time":1.7333,"x":1.067,"y":1,"curve":[0.243,0,0.694,0.76]},{"time":2,"x":0.692,"y":1,"curve":[0.368,0.62,0.706,1]},{"time":2.0666,"x":0.658,"y":1,"curve":[0.25,0,0.75,1]},{"time":2.4,"x":1.067,"y":1,"curve":[0.25,0,0.75,1]},{"time":2.7333,"x":0.658,"y":1,"curve":[0.25,0,0.75,1]},{"time":3.0666,"x":1.067,"y":1,"curve":[0.25,0,0.75,1]},{"time":3.4,"x":0.658,"y":1,"curve":[0.25,0,0.75,1]},{"time":3.7333,"x":1.067,"y":1,"curve":[0.243,0,0.694,0.76]},{"time":4,"x":0.692,"y":1}],"shear":[{"time":0,"x":-19.44,"y":0,"curve":[0.368,0.62,0.706,1]},{"time":0.0666,"x":-22.42,"y":0,"curve":[0.25,0,0.75,1]},{"time":0.4,"x":13.55,"y":0,"curve":[0.25,0,0.75,1]},{"time":0.7333,"x":-22.42,"y":0,"curve":[0.25,0,0.75,1]},{"time":1.0666,"x":13.55,"y":0,"curve":[0.25,0,0.75,1]},{"time":1.4,"x":-22.42,"y":0,"curve":[0.25,0,0.75,1]},{"time":1.7333,"x":13.55,"y":0,"curve":[0.243,0,0.694,0.76]},{"time":2,"x":-19.44,"y":0,"curve":[0.368,0.62,0.706,1]},{"time":2.0666,"x":-22.42,"y":0,"curve":[0.25,0,0.75,1]},{"time":2.4,"x":13.55,"y":0,"curve":[0.25,0,0.75,1]},{"time":2.7333,"x":-22.42,"y":0,"curve":[0.25,0,0.75,1]},{"time":3.0666,"x":13.55,"y":0,"curve":[0.25,0,0.75,1]},{"time":3.4,"x":-22.42,"y":0,"curve":[0.25,0,0.75,1]},{"time":3.7333,"x":13.55,"y":0,"curve":[0.243,0,0.694,0.76]},{"time":4,"x":-19.44,"y":0}]},"bone5":{"rotate":[{"time":0,"angle":-2.81,"curve":[0.25,0,0.75,1]},{"time":2,"angle":0.82,"curve":[0.25,0,0.75,1]},{"time":4,"angle":-2.81}],"translate":[{"time":0,"x":0,"y":0.27,"curve":[0.368,0.62,0.706,1]},{"time":0.3,"x":0,"y":0,"curve":[0.202,0.3,0.75,1]},{"time":2.3,"x":0,"y":3.34,"curve":[0.243,0,0.694,0.76]},{"time":4,"x":0,"y":0.27}]},"500458_1":{"rotate":[{"time":0,"angle":-7.9,"curve":[0.25,0,0.75,1]},{"time":2,"angle":6.63,"curve":[0.25,0,0.75,1]},{"time":4,"angle":-7.9}]}}}}}