{"skeleton":{"hash":"Q3TzIoNJ05gefIHwrH5akTkn82E","spine":"3.4.02","width":207,"height":204,"images":"E:/食之契约/头像框/images"},"bones":[{"name":"root"},{"name":"k","parent":"root","x":-1.81,"y":-90.12},{"name":"hua","parent":"k","x":-78.87,"y":168.26},{"name":"shuizhu_1","parent":"k","x":-63.73,"y":67.51},{"name":"shuizhu_2","parent":"k","x":-62.79,"y":52.85},{"name":"shuizhu_3","parent":"k","x":56.58,"y":31.14},{"name":"shuizhu_4","parent":"k","x":-15.49,"y":39.6},{"name":"shuizhu_5","parent":"k","x":-39.61,"y":32.51},{"name":"shuizhu_6","parent":"k","x":68.96,"y":72.09,"scaleX":-1},{"name":"shuizhu_7","parent":"k","x":46.18,"y":43.95},{"name":"yu","parent":"k","x":10.6,"y":176.02},{"name":"yu2","parent":"k","rotation":-23.76,"x":46.12,"y":171.12},{"name":"yu3","parent":"k","rotation":-43.46,"x":75.13,"y":154.55},{"name":"yu4","parent":"k","rotation":-64.95,"x":83.63,"y":124.29},{"name":"yu5","parent":"k","rotation":-90.78,"x":87.53,"y":97.29}],"slots":[{"name":"k","bone":"k","attachment":"k"},{"name":"shuizhu_1","bone":"shuizhu_1","attachment":"shuizhu_1"},{"name":"shuizhu_6","bone":"shuizhu_6","attachment":"shuizhu_1"},{"name":"shuizhu_2","bone":"shuizhu_2","attachment":"shuizhu_2"},{"name":"shuizhu_3","bone":"shuizhu_3","attachment":"shuizhu_2"},{"name":"shuizhu_4","bone":"shuizhu_4","attachment":"shuizhu_2"},{"name":"shuizhu_5","bone":"shuizhu_5","attachment":"shuizhu_2"},{"name":"shuizhu_7","bone":"shuizhu_7","attachment":"shuizhu_2"},{"name":"yu","bone":"yu"},{"name":"yu2","bone":"yu2"},{"name":"yu3","bone":"yu3"},{"name":"yu4","bone":"yu4"},{"name":"yu5","bone":"yu5"},{"name":"hua","bone":"hua","attachment":"hua"},{"name":"1","bone":"root","attachment":"1"}],"path":[{"name":"1","bones":["yu"],"target":"1"},{"name":"2","bones":["yu2"],"target":"1"},{"name":"3","bones":["yu3"],"target":"1"},{"name":"4","bones":["yu4"],"target":"1"},{"name":"5","bones":["yu5"],"target":"1"}],"skins":{"default":{"1":{"1":{"type":"path","lengths":[129.91,277.2],"vertexCount":6,"vertices":[-23.99,83.61,9.49,84.75,47.56,85.74,90.19,73.35,84.79,2.85,81.01,-46.29]}},"hua":{"hua":{"x":-0.73,"y":4.15,"width":35,"height":37}},"k":{"k":{"x":1.81,"y":90.12,"width":207,"height":204}},"shuizhu_1":{"shuizhu_1":{"x":-0.05,"y":0.74,"width":14,"height":19}},"shuizhu_2":{"shuizhu_2":{"x":1.09,"y":0.08,"width":9,"height":6}},"shuizhu_3":{"shuizhu_2":{"x":1.09,"y":0.08,"width":9,"height":6}},"shuizhu_4":{"shuizhu_2":{"x":1.09,"y":0.08,"width":9,"height":6}},"shuizhu_5":{"shuizhu_2":{"x":1.09,"y":0.08,"width":9,"height":6}},"shuizhu_6":{"shuizhu_1":{"x":-0.05,"y":0.74,"width":14,"height":19}},"shuizhu_7":{"shuizhu_2":{"x":1.09,"y":0.08,"width":9,"height":6}},"yu":{"yu":{"x":-2.5,"y":-1.46,"width":20,"height":21}},"yu2":{"yu":{"x":-2.5,"y":-1.46,"width":20,"height":21}},"yu3":{"yu":{"x":-2.5,"y":-1.46,"width":20,"height":21}},"yu4":{"yu":{"x":-2.5,"y":-1.46,"width":20,"height":21}},"yu5":{"yu":{"x":-2.5,"y":-1.46,"width":20,"height":21}}}},"animations":{"500579_1":{"slots":{"shuizhu_1":{"color":[{"time":0,"color":"ffffffaf","curve":[0.355,0.41,0.756,1]},{"time":0.3,"color":"ffffff00","curve":"stepped"},{"time":0.3333,"color":"ffffff00","curve":[0.25,0,0.75,1]},{"time":0.8333,"color":"ffffffff","curve":"stepped"},{"time":1.8333,"color":"ffffffff","curve":[0.262,0,0.617,0.43]},{"time":2,"color":"ffffffaf","curve":[0.355,0.41,0.756,1]},{"time":2.3,"color":"ffffff00","curve":"stepped"},{"time":2.3333,"color":"ffffff00","curve":[0.25,0,0.75,1]},{"time":2.8333,"color":"ffffffff","curve":"stepped"},{"time":3.8333,"color":"ffffffff","curve":[0.262,0,0.617,0.43]},{"time":4,"color":"ffffffaf"}]},"shuizhu_2":{"color":[{"time":0,"color":"ffffffff","curve":"stepped"},{"time":0.1333,"color":"ffffffff","curve":[0.25,0,0.75,1]},{"time":0.6,"color":"ffffff00","curve":"stepped"},{"time":0.6333,"color":"ffffff00","curve":[0.25,0,0.75,1]},{"time":1.1333,"color":"ffffffff","curve":"stepped"},{"time":2,"color":"ffffffff","curve":"stepped"},{"time":2.1333,"color":"ffffffff","curve":[0.25,0,0.75,1]},{"time":2.6,"color":"ffffff00","curve":"stepped"},{"time":2.6333,"color":"ffffff00","curve":[0.25,0,0.75,1]},{"time":3.1333,"color":"ffffffff","curve":"stepped"},{"time":4,"color":"ffffffff"}]},"shuizhu_3":{"color":[{"time":0,"color":"ffffffff","curve":"stepped"},{"time":0.4666,"color":"ffffffff","curve":[0.25,0,0.75,1]},{"time":0.9333,"color":"ffffff00","curve":"stepped"},{"time":0.9666,"color":"ffffff00","curve":[0.25,0,0.75,1]},{"time":1.4666,"color":"ffffffff","curve":"stepped"},{"time":2,"color":"ffffffff","curve":"stepped"},{"time":2.4666,"color":"ffffffff","curve":[0.25,0,0.75,1]},{"time":2.9333,"color":"ffffff00","curve":"stepped"},{"time":2.9666,"color":"ffffff00","curve":[0.25,0,0.75,1]},{"time":3.4666,"color":"ffffffff","curve":"stepped"},{"time":4,"color":"ffffffff"}]},"shuizhu_4":{"color":[{"time":0,"color":"ffffffff","curve":"stepped"},{"time":0.7666,"color":"ffffffff","curve":[0.25,0,0.75,1]},{"time":1.2333,"color":"ffffff00","curve":"stepped"},{"time":1.2666,"color":"ffffff00","curve":[0.25,0,0.75,1]},{"time":1.7666,"color":"ffffffff","curve":"stepped"},{"time":2,"color":"ffffffff","curve":"stepped"},{"time":2.7666,"color":"ffffffff","curve":[0.25,0,0.75,1]},{"time":3.2333,"color":"ffffff00","curve":"stepped"},{"time":3.2666,"color":"ffffff00","curve":[0.25,0,0.75,1]},{"time":3.7666,"color":"ffffffff","curve":"stepped"},{"time":4,"color":"ffffffff"}]},"shuizhu_5":{"color":[{"time":0,"color":"ffffffed","curve":[0.365,0.63,0.702,1]},{"time":0.0666,"color":"ffffffff","curve":"stepped"},{"time":1.0666,"color":"ffffffff","curve":[0.25,0,0.75,1]},{"time":1.5333,"color":"ffffff00","curve":"stepped"},{"time":1.5666,"color":"ffffff00","curve":[0.25,0,0.75,1]},{"time":2,"color":"ffffffed","curve":[0.365,0.63,0.702,1]},{"time":2.0666,"color":"ffffffff","curve":"stepped"},{"time":3.0666,"color":"ffffffff","curve":[0.25,0,0.75,1]},{"time":3.5333,"color":"ffffff00","curve":"stepped"},{"time":3.5666,"color":"ffffff00","curve":[0.25,0,0.75,1]},{"time":4,"color":"ffffffed"}]},"shuizhu_6":{"color":[{"time":0,"color":"ffffff33","curve":[0.337,0.34,0.757,1]},{"time":0.3666,"color":"ffffffff","curve":"stepped"},{"time":1.3666,"color":"ffffffff","curve":[0.25,0,0.75,1]},{"time":1.8333,"color":"ffffff00","curve":"stepped"},{"time":1.8666,"color":"ffffff00","curve":[0.25,0,0.75,1]},{"time":2,"color":"ffffff33","curve":[0.337,0.34,0.757,1]},{"time":2.3666,"color":"ffffffff","curve":"stepped"},{"time":3.3666,"color":"ffffffff","curve":[0.25,0,0.75,1]},{"time":3.8333,"color":"ffffff00","curve":"stepped"},{"time":3.8666,"color":"ffffff00","curve":[0.25,0,0.75,1]},{"time":4,"color":"ffffff33"}]},"shuizhu_7":{"color":[{"time":0,"color":"ffffffff","curve":"stepped"},{"time":0.1666,"color":"ffffffff","curve":[0.25,0,0.75,1]},{"time":0.6333,"color":"ffffff00","curve":"stepped"},{"time":0.6666,"color":"ffffff00","curve":[0.25,0,0.75,1]},{"time":1.1666,"color":"ffffffff","curve":"stepped"},{"time":2,"color":"ffffffff","curve":"stepped"},{"time":2.1666,"color":"ffffffff","curve":[0.25,0,0.75,1]},{"time":2.6333,"color":"ffffff00","curve":"stepped"},{"time":2.6666,"color":"ffffff00","curve":[0.25,0,0.75,1]},{"time":3.1666,"color":"ffffffff","curve":"stepped"},{"time":4,"color":"ffffffff"}]},"yu":{"color":[{"time":0,"color":"ffffff00"},{"time":0.5,"color":"ffffffff","curve":"stepped"},{"time":1.5,"color":"ffffffff"},{"time":2,"color":"ffffff00"}],"attachment":[{"time":0,"name":"yu"}]},"yu2":{"color":[{"time":0.5,"color":"ffffff00"},{"time":1,"color":"ffffffff","curve":"stepped"},{"time":2,"color":"ffffffff"},{"time":2.5,"color":"ffffff00"}],"attachment":[{"time":0.5,"name":"yu"}]},"yu3":{"color":[{"time":1,"color":"ffffff00"},{"time":1.5,"color":"ffffffff","curve":"stepped"},{"time":2.5,"color":"ffffffff"},{"time":3,"color":"ffffff00"}],"attachment":[{"time":1,"name":"yu"}]},"yu4":{"color":[{"time":1.5,"color":"ffffff00"},{"time":2,"color":"ffffffff","curve":"stepped"},{"time":3,"color":"ffffffff"},{"time":3.5,"color":"ffffff00"}],"attachment":[{"time":1.5,"name":"yu"}]},"yu5":{"color":[{"time":2,"color":"ffffff00"},{"time":2.5,"color":"ffffffff","curve":"stepped"},{"time":3.5,"color":"ffffffff"},{"time":4,"color":"ffffff00"}],"attachment":[{"time":2,"name":"yu"}]}},"bones":{"shuizhu_1":{"rotate":[{"time":0,"angle":-24.47},{"time":0.3,"angle":-28.87,"curve":"stepped"},{"time":0.3333,"angle":0,"curve":[0.25,0,0.75,1]},{"time":2,"angle":-24.47},{"time":2.3,"angle":-28.87,"curve":"stepped"},{"time":2.3333,"angle":0,"curve":[0.25,0,0.75,1]},{"time":4,"angle":-24.47}],"translate":[{"time":0,"x":0,"y":-5.1},{"time":0.3,"x":0,"y":0,"curve":"stepped"},{"time":0.3333,"x":0,"y":-33.49,"curve":[0.25,0,0.75,1]},{"time":2,"x":0,"y":-5.1},{"time":2.3,"x":0,"y":0,"curve":"stepped"},{"time":2.3333,"x":0,"y":-33.49,"curve":[0.25,0,0.75,1]},{"time":4,"x":0,"y":-5.1}],"scale":[{"time":0,"x":1,"y":1,"curve":"stepped"},{"time":0.3,"x":1,"y":1,"curve":"stepped"},{"time":0.3333,"x":1,"y":1,"curve":"stepped"},{"time":2,"x":1,"y":1,"curve":"stepped"},{"time":2.3,"x":1,"y":1,"curve":"stepped"},{"time":2.3333,"x":1,"y":1,"curve":"stepped"},{"time":4,"x":1,"y":1}]},"shuizhu_2":{"rotate":[{"time":0,"angle":-54.51},{"time":0.6,"angle":-78.44,"curve":"stepped"},{"time":0.6333,"angle":0,"curve":[0.25,0,0.75,1]},{"time":2,"angle":-54.51},{"time":2.6,"angle":-78.44,"curve":"stepped"},{"time":2.6333,"angle":0,"curve":[0.25,0,0.75,1]},{"time":4,"angle":-54.51}],"translate":[{"time":0,"x":0,"y":-10.21},{"time":0.6,"x":0,"y":0,"curve":"stepped"},{"time":0.6333,"x":0,"y":-33.49,"curve":[0.25,0,0.75,1]},{"time":2,"x":0,"y":-10.21},{"time":2.6,"x":0,"y":0,"curve":"stepped"},{"time":2.6333,"x":0,"y":-33.49,"curve":[0.25,0,0.75,1]},{"time":4,"x":0,"y":-10.21}],"scale":[{"time":0,"x":1,"y":1,"curve":"stepped"},{"time":0.6,"x":1,"y":1,"curve":"stepped"},{"time":0.6333,"x":1,"y":1,"curve":"stepped"},{"time":2,"x":1,"y":1,"curve":"stepped"},{"time":2.6,"x":1,"y":1,"curve":"stepped"},{"time":2.6333,"x":1,"y":1,"curve":"stepped"},{"time":4,"x":1,"y":1}]},"shuizhu_3":{"rotate":[{"time":0,"angle":-41.21},{"time":0.9333,"angle":-78.44,"curve":"stepped"},{"time":0.9666,"angle":0,"curve":[0.25,0,0.75,1]},{"time":2,"angle":-41.21},{"time":2.9333,"angle":-78.44,"curve":"stepped"},{"time":2.9666,"angle":0,"curve":[0.25,0,0.75,1]},{"time":4,"angle":-41.21}],"translate":[{"time":0,"x":0,"y":-15.89},{"time":0.9333,"x":0,"y":0,"curve":"stepped"},{"time":0.9666,"x":0,"y":-33.49,"curve":[0.25,0,0.75,1]},{"time":2,"x":0,"y":-15.89},{"time":2.9333,"x":0,"y":0,"curve":"stepped"},{"time":2.9666,"x":0,"y":-33.49,"curve":[0.25,0,0.75,1]},{"time":4,"x":0,"y":-15.89}],"scale":[{"time":0,"x":1,"y":1,"curve":"stepped"},{"time":0.9333,"x":1,"y":1,"curve":"stepped"},{"time":0.9666,"x":1,"y":1,"curve":"stepped"},{"time":2,"x":1,"y":1,"curve":"stepped"},{"time":2.9333,"x":1,"y":1,"curve":"stepped"},{"time":2.9666,"x":1,"y":1,"curve":"stepped"},{"time":4,"x":1,"y":1}]},"shuizhu_4":{"rotate":[{"time":0,"angle":-29.25},{"time":1.2333,"angle":-78.44,"curve":"stepped"},{"time":1.2666,"angle":0,"curve":[0.25,0,0.75,1]},{"time":2,"angle":-29.25},{"time":3.2333,"angle":-78.44,"curve":"stepped"},{"time":3.2666,"angle":0,"curve":[0.25,0,0.75,1]},{"time":4,"angle":-29.25}],"translate":[{"time":0,"x":0,"y":-21},{"time":1.2333,"x":0,"y":0,"curve":"stepped"},{"time":1.2666,"x":0,"y":-33.49,"curve":[0.25,0,0.75,1]},{"time":2,"x":0,"y":-21},{"time":3.2333,"x":0,"y":0,"curve":"stepped"},{"time":3.2666,"x":0,"y":-33.49,"curve":[0.25,0,0.75,1]},{"time":4,"x":0,"y":-21}],"scale":[{"time":0,"x":1,"y":1,"curve":"stepped"},{"time":1.2333,"x":1,"y":1,"curve":"stepped"},{"time":1.2666,"x":1,"y":1,"curve":"stepped"},{"time":2,"x":1,"y":1,"curve":"stepped"},{"time":3.2333,"x":1,"y":1,"curve":"stepped"},{"time":3.2666,"x":1,"y":1,"curve":"stepped"},{"time":4,"x":1,"y":1}]},"shuizhu_5":{"rotate":[{"time":0,"angle":-17.28},{"time":1.5333,"angle":-78.44,"curve":"stepped"},{"time":1.5666,"angle":0,"curve":[0.25,0,0.75,1]},{"time":2,"angle":-17.28},{"time":3.5333,"angle":-78.44,"curve":"stepped"},{"time":3.5666,"angle":0,"curve":[0.25,0,0.75,1]},{"time":4,"angle":-17.28}],"translate":[{"time":0,"x":0,"y":-26.11},{"time":1.5333,"x":0,"y":0,"curve":"stepped"},{"time":1.5666,"x":0,"y":-33.49,"curve":[0.25,0,0.75,1]},{"time":2,"x":0,"y":-26.11},{"time":3.5333,"x":0,"y":0,"curve":"stepped"},{"time":3.5666,"x":0,"y":-33.49,"curve":[0.25,0,0.75,1]},{"time":4,"x":0,"y":-26.11}],"scale":[{"time":0,"x":1,"y":1,"curve":"stepped"},{"time":1.5333,"x":1,"y":1,"curve":"stepped"},{"time":1.5666,"x":1,"y":1,"curve":"stepped"},{"time":2,"x":1,"y":1,"curve":"stepped"},{"time":3.5333,"x":1,"y":1,"curve":"stepped"},{"time":3.5666,"x":1,"y":1,"curve":"stepped"},{"time":4,"x":1,"y":1}]},"shuizhu_6":{"rotate":[{"time":0,"angle":2.11},{"time":1.8333,"angle":31.24,"curve":"stepped"},{"time":1.8666,"angle":0,"curve":[0.25,0,0.75,1]},{"time":2,"angle":2.11},{"time":3.8333,"angle":31.24,"curve":"stepped"},{"time":3.8666,"angle":0,"curve":[0.25,0,0.75,1]},{"time":4,"angle":2.11}],"translate":[{"time":0,"x":0,"y":-31.22},{"time":1.8333,"x":0,"y":0,"curve":"stepped"},{"time":1.8666,"x":0,"y":-33.49,"curve":[0.25,0,0.75,1]},{"time":2,"x":0,"y":-31.22},{"time":3.8333,"x":0,"y":0,"curve":"stepped"},{"time":3.8666,"x":0,"y":-33.49,"curve":[0.25,0,0.75,1]},{"time":4,"x":0,"y":-31.22}],"scale":[{"time":0,"x":1,"y":1,"curve":"stepped"},{"time":1.8333,"x":1,"y":1,"curve":"stepped"},{"time":1.8666,"x":1,"y":1,"curve":"stepped"},{"time":2,"x":1,"y":1,"curve":"stepped"},{"time":3.8333,"x":1,"y":1,"curve":"stepped"},{"time":3.8666,"x":1,"y":1,"curve":"stepped"},{"time":4,"x":1,"y":1}]},"shuizhu_7":{"rotate":[{"time":0,"angle":-48.49},{"time":0.6333,"angle":-71.53,"curve":"stepped"},{"time":0.6666,"angle":0,"curve":[0.25,0,0.75,1]},{"time":2,"angle":-48.49},{"time":2.6333,"angle":-71.53,"curve":"stepped"},{"time":2.6666,"angle":0,"curve":[0.25,0,0.75,1]},{"time":4,"angle":-48.49}],"translate":[{"time":0,"x":0,"y":-10.78},{"time":0.6333,"x":0,"y":0,"curve":"stepped"},{"time":0.6666,"x":0,"y":-33.49,"curve":[0.25,0,0.75,1]},{"time":2,"x":0,"y":-10.78},{"time":2.6333,"x":0,"y":0,"curve":"stepped"},{"time":2.6666,"x":0,"y":-33.49,"curve":[0.25,0,0.75,1]},{"time":4,"x":0,"y":-10.78}],"scale":[{"time":0,"x":1,"y":1,"curve":"stepped"},{"time":0.6333,"x":1,"y":1,"curve":"stepped"},{"time":0.6666,"x":1,"y":1,"curve":"stepped"},{"time":2,"x":1,"y":1,"curve":"stepped"},{"time":2.6333,"x":1,"y":1,"curve":"stepped"},{"time":2.6666,"x":1,"y":1,"curve":"stepped"},{"time":4,"x":1,"y":1}]},"yu":{"rotate":[{"time":0,"angle":0,"curve":"stepped"},{"time":2,"angle":0,"curve":"stepped"},{"time":4,"angle":0}],"translate":[{"time":0,"x":0,"y":0,"curve":"stepped"},{"time":2,"x":0,"y":0,"curve":"stepped"},{"time":4,"x":0,"y":0}],"scale":[{"time":0,"x":1,"y":1,"curve":"stepped"},{"time":2,"x":1,"y":1,"curve":"stepped"},{"time":4,"x":1,"y":1}]},"yu2":{"rotate":[{"time":0,"angle":0,"curve":"stepped"},{"time":4,"angle":0}],"translate":[{"time":0,"x":0,"y":0,"curve":"stepped"},{"time":4,"x":0,"y":0}],"scale":[{"time":0,"x":1,"y":1,"curve":"stepped"},{"time":4,"x":1,"y":1}]},"yu3":{"rotate":[{"time":0,"angle":0,"curve":"stepped"},{"time":4,"angle":0}],"translate":[{"time":0,"x":0,"y":0,"curve":"stepped"},{"time":4,"x":0,"y":0}],"scale":[{"time":0,"x":1,"y":1,"curve":"stepped"},{"time":4,"x":1,"y":1}]},"yu4":{"rotate":[{"time":0,"angle":0,"curve":"stepped"},{"time":4,"angle":0}],"translate":[{"time":0,"x":0,"y":0,"curve":"stepped"},{"time":4,"x":0,"y":0}],"scale":[{"time":0,"x":1,"y":1,"curve":"stepped"},{"time":4,"x":1,"y":1}]},"root":{"rotate":[{"time":0,"angle":0,"curve":"stepped"},{"time":4,"angle":0}],"translate":[{"time":0,"x":0,"y":0,"curve":"stepped"},{"time":4,"x":0,"y":0}],"scale":[{"time":0,"x":1,"y":1,"curve":"stepped"},{"time":4,"x":1,"y":1}]},"k":{"rotate":[{"time":0,"angle":0,"curve":"stepped"},{"time":2,"angle":0,"curve":"stepped"},{"time":4,"angle":0}],"translate":[{"time":0,"x":0,"y":0,"curve":"stepped"},{"time":2,"x":0,"y":0,"curve":"stepped"},{"time":4,"x":0,"y":0}],"scale":[{"time":0,"x":1,"y":1,"curve":"stepped"},{"time":2,"x":1,"y":1,"curve":"stepped"},{"time":4,"x":1,"y":1}]},"hua":{"rotate":[{"time":0,"angle":0,"curve":"stepped"},{"time":2,"angle":0,"curve":"stepped"},{"time":4,"angle":0}],"translate":[{"time":0,"x":0,"y":2.43,"curve":[0.25,0,0.75,1]},{"time":1,"x":0,"y":-3.65,"curve":[0.25,0,0.75,1]},{"time":2,"x":0,"y":2.43,"curve":[0.25,0,0.75,1]},{"time":3,"x":0,"y":-3.65,"curve":[0.25,0,0.75,1]},{"time":4,"x":0,"y":2.43}],"scale":[{"time":0,"x":1,"y":1,"curve":"stepped"},{"time":2,"x":1,"y":1,"curve":"stepped"},{"time":4,"x":1,"y":1}]}},"paths":{"1":{"position":[{"time":0},{"time":2,"position":1}]},"2":{"position":[{"time":0,"curve":"stepped"},{"time":0.5},{"time":2.5,"position":1}]},"3":{"position":[{"time":1},{"time":3,"position":1}]},"4":{"position":[{"time":1.5},{"time":3.5,"position":1}]},"5":{"position":[{"time":2},{"time":4,"position":1}]}}}}}