{"skeleton":{"hash":"Sxt1Xsc2GifybgSM9rgz/CNx2Co","spine":"3.4.02","width":210,"height":211.02,"images":"./images/"},"bones":[{"name":"root"},{"name":"750000","parent":"root","x":52.43,"y":48.62},{"name":"750001","parent":"root","x":-48.74,"y":56.51,"scaleX":1.2,"scaleY":1.2},{"name":"750002","parent":"root","x":-2.75,"y":16.21,"scaleX":1.5,"scaleY":1.5},{"name":"box","parent":"root","x":47.78,"y":-80.46},{"name":"gold","parent":"root","x":-69.06,"y":88.59},{"name":"idle_2_01","parent":"root","length":24.27,"rotation":89.99,"x":43.21,"y":-39.07},{"name":"idle_2_1","parent":"root","length":24.27,"rotation":89.99,"x":-56.83,"y":-37.88,"scaleY":-1},{"name":"idle_2_2","parent":"root","length":24.27,"rotation":89.99,"x":-3.15,"y":-37.88,"scaleY":-1}],"slots":[{"name":"avator_frame_500300","bone":"root"},{"name":"box","bone":"box","attachment":"box"},{"name":"gold","bone":"gold","attachment":"gold"},{"name":"750000","bone":"750000","color":"8c79ffff","blend":"additive"},{"name":"750003","bone":"750000","color":"8c79ffff","blend":"additive"},{"name":"750002","bone":"750002","color":"ff7bb5ff","blend":"additive"},{"name":"750005","bone":"750002","color":"ff7bb5ff","blend":"additive"},{"name":"750001","bone":"750001","color":"fff674ff","blend":"additive"},{"name":"750004","bone":"750001","color":"fff674ff","blend":"additive"},{"name":"1","bone":"root","attachment":"1"},{"name":"idle_2_01","bone":"idle_2_01","attachment":"idle_2_01","blend":"additive"},{"name":"idle_2_1","bone":"idle_2_1","attachment":"idle_2_01","blend":"additive"},{"name":"idle_2_2","bone":"idle_2_2","attachment":"idle_2_01","blend":"additive"}],"path":[{"name":"1","bones":["gold"],"target":"1"}],"skins":{"default":{"1":{"1":{"type":"path","lengths":[151.67,251.41,313.56,524.41],"vertexCount":12,"vertices":[-71.33999,89.64,-69.69,89.92,-38.31,95.41,-24.62,-35.58,-21.92,-49.07,-21.12,-50.66,-7.59,51.24,20.27,-52.99,20.51,-53.87,38.88,-13.98,53.71,-80.11,54.1,-81.82]}},"750000":{"750000":{"width":88,"height":105},"750001":{"width":88,"height":105},"750002":{"width":88,"height":105},"750003":{"width":88,"height":105},"750004":{"width":88,"height":105},"750005":{"width":88,"height":105},"750006":{"width":88,"height":105},"750007":{"width":88,"height":105},"750008":{"width":88,"height":105},"750009":{"width":88,"height":105},"750010":{"width":88,"height":105},"750011":{"width":88,"height":105},"750012":{"width":88,"height":105},"750013":{"width":88,"height":105},"750014":{"width":88,"height":105},"750015":{"width":88,"height":105},"750016":{"width":88,"height":105},"750017":{"width":88,"height":105},"750019":{"width":88,"height":105}},"750001":{"750000":{"width":88,"height":105},"750001":{"width":88,"height":105},"750002":{"width":88,"height":105},"750003":{"width":88,"height":105},"750004":{"width":88,"height":105},"750005":{"width":88,"height":105},"750006":{"width":88,"height":105},"750007":{"width":88,"height":105},"750008":{"width":88,"height":105},"750009":{"width":88,"height":105},"750010":{"width":88,"height":105},"750011":{"width":88,"height":105},"750012":{"width":88,"height":105},"750013":{"width":88,"height":105},"750014":{"width":88,"height":105},"750015":{"width":88,"height":105},"750016":{"width":88,"height":105},"750017":{"width":88,"height":105},"750019":{"width":88,"height":105}},"750002":{"750000":{"width":88,"height":105},"750001":{"width":88,"height":105},"750002":{"width":88,"height":105},"750003":{"width":88,"height":105},"750004":{"width":88,"height":105},"750005":{"width":88,"height":105},"750006":{"width":88,"height":105},"750007":{"width":88,"height":105},"750008":{"width":88,"height":105},"750009":{"width":88,"height":105},"750010":{"width":88,"height":105},"750011":{"width":88,"height":105},"750012":{"width":88,"height":105},"750013":{"width":88,"height":105},"750014":{"width":88,"height":105},"750015":{"width":88,"height":105},"750016":{"width":88,"height":105},"750017":{"width":88,"height":105},"750019":{"width":88,"height":105}},"750003":{"750000":{"width":88,"height":105},"750001":{"width":88,"height":105},"750002":{"width":88,"height":105},"750003":{"width":88,"height":105},"750004":{"width":88,"height":105},"750005":{"width":88,"height":105},"750006":{"width":88,"height":105},"750007":{"width":88,"height":105},"750008":{"width":88,"height":105},"750009":{"width":88,"height":105},"750010":{"width":88,"height":105},"750011":{"width":88,"height":105},"750012":{"width":88,"height":105},"750013":{"width":88,"height":105},"750014":{"width":88,"height":105},"750015":{"width":88,"height":105},"750016":{"width":88,"height":105},"750017":{"width":88,"height":105},"750019":{"width":88,"height":105}},"750004":{"750000":{"width":88,"height":105},"750001":{"width":88,"height":105},"750002":{"width":88,"height":105},"750003":{"width":88,"height":105},"750004":{"width":88,"height":105},"750005":{"width":88,"height":105},"750006":{"width":88,"height":105},"750007":{"width":88,"height":105},"750008":{"width":88,"height":105},"750009":{"width":88,"height":105},"750010":{"width":88,"height":105},"750011":{"width":88,"height":105},"750012":{"width":88,"height":105},"750013":{"width":88,"height":105},"750014":{"width":88,"height":105},"750015":{"width":88,"height":105},"750016":{"width":88,"height":105},"750017":{"width":88,"height":105},"750019":{"width":88,"height":105}},"750005":{"750000":{"width":88,"height":105},"750001":{"width":88,"height":105},"750002":{"width":88,"height":105},"750003":{"width":88,"height":105},"750004":{"width":88,"height":105},"750005":{"width":88,"height":105},"750006":{"width":88,"height":105},"750007":{"width":88,"height":105},"750008":{"width":88,"height":105},"750009":{"width":88,"height":105},"750010":{"width":88,"height":105},"750011":{"width":88,"height":105},"750012":{"width":88,"height":105},"750013":{"width":88,"height":105},"750014":{"width":88,"height":105},"750015":{"width":88,"height":105},"750016":{"width":88,"height":105},"750017":{"width":88,"height":105},"750019":{"width":88,"height":105}},"box":{"box":{"x":-0.15,"y":-3.15,"width":111,"height":27}},"gold":{"gold":{"x":-1.25,"y":-0.85,"width":28,"height":30}},"idle_2_01":{"idle_2_01":{"rotation":-89.99,"width":55,"height":59},"idle_2_02":{"rotation":-89.99,"width":55,"height":59},"idle_2_03":{"rotation":-89.99,"width":55,"height":59},"idle_2_04":{"rotation":-89.99,"width":55,"height":59},"idle_2_05":{"rotation":-89.99,"width":55,"height":59},"idle_2_06":{"rotation":-89.99,"width":55,"height":59},"idle_2_07":{"rotation":-89.99,"width":55,"height":59},"idle_2_08":{"rotation":-89.99,"width":55,"height":59},"idle_2_09":{"rotation":-89.99,"width":55,"height":59},"idle_2_10":{"rotation":-89.99,"width":55,"height":59}},"idle_2_1":{"idle_2_01":{"rotation":-89.99,"width":55,"height":59},"idle_2_02":{"rotation":-89.99,"width":55,"height":59},"idle_2_03":{"rotation":-89.99,"width":55,"height":59},"idle_2_04":{"rotation":-89.99,"width":55,"height":59},"idle_2_05":{"rotation":-89.99,"width":55,"height":59},"idle_2_06":{"rotation":-89.99,"width":55,"height":59},"idle_2_07":{"rotation":-89.99,"width":55,"height":59},"idle_2_08":{"rotation":-89.99,"width":55,"height":59},"idle_2_09":{"rotation":-89.99,"width":55,"height":59},"idle_2_10":{"rotation":-89.99,"width":55,"height":59}},"idle_2_2":{"idle_2_01":{"rotation":-89.99,"width":55,"height":59},"idle_2_02":{"rotation":-89.99,"width":55,"height":59},"idle_2_03":{"rotation":-89.99,"width":55,"height":59},"idle_2_04":{"rotation":-89.99,"width":55,"height":59},"idle_2_05":{"rotation":-89.99,"width":55,"height":59},"idle_2_06":{"rotation":-89.99,"width":55,"height":59},"idle_2_07":{"rotation":-89.99,"width":55,"height":59},"idle_2_08":{"rotation":-89.99,"width":55,"height":59},"idle_2_09":{"rotation":-89.99,"width":55,"height":59},"idle_2_10":{"rotation":-89.99,"width":55,"height":59}}}},"animations":{"500300_1":{"slots":{"750000":{"attachment":[{"time":1.5,"name":"750000"},{"time":1.5666,"name":"750001"},{"time":1.6333,"name":"750002"},{"time":1.7,"name":"750003"},{"time":1.7666,"name":"750004"},{"time":1.8333,"name":"750005"},{"time":1.9,"name":"750006"},{"time":1.9666,"name":"750007"},{"time":2.0333,"name":"750008"},{"time":2.1,"name":"750009"},{"time":2.1666,"name":"750010"},{"time":2.2333,"name":"750011"},{"time":2.3,"name":"750012"},{"time":2.3666,"name":"750013"},{"time":2.4333,"name":"750014"},{"time":2.5,"name":"750015"},{"time":2.5666,"name":"750016"},{"time":2.6333,"name":"750017"},{"time":2.7,"name":"750019"},{"time":2.7666,"name":null}]},"750001":{"attachment":[{"time":1.9,"name":"750000"},{"time":1.9666,"name":"750001"},{"time":2.0333,"name":"750002"},{"time":2.1,"name":"750003"},{"time":2.1666,"name":"750004"},{"time":2.2333,"name":"750005"},{"time":2.3,"name":"750006"},{"time":2.3666,"name":"750007"},{"time":2.4333,"name":"750008"},{"time":2.5,"name":"750009"},{"time":2.5666,"name":"750010"},{"time":2.6333,"name":"750011"},{"time":2.7,"name":"750012"},{"time":2.7666,"name":"750013"},{"time":2.8333,"name":"750014"},{"time":2.9,"name":"750015"},{"time":2.9666,"name":"750016"},{"time":3.0333,"name":"750017"},{"time":3.1,"name":"750019"},{"time":3.1666,"name":null}]},"750002":{"attachment":[{"time":2.1666,"name":"750000"},{"time":2.2333,"name":"750001"},{"time":2.3,"name":"750002"},{"time":2.3666,"name":"750003"},{"time":2.4333,"name":"750004"},{"time":2.5,"name":"750005"},{"time":2.5666,"name":"750006"},{"time":2.6333,"name":"750007"},{"time":2.7,"name":"750008"},{"time":2.7666,"name":"750009"},{"time":2.8333,"name":"750010"},{"time":2.9,"name":"750011"},{"time":2.9666,"name":"750012"},{"time":3.0333,"name":"750013"},{"time":3.1,"name":"750014"},{"time":3.1666,"name":"750015"},{"time":3.2333,"name":"750016"},{"time":3.3,"name":"750017"},{"time":3.3666,"name":"750019"},{"time":3.4333,"name":null}]},"750003":{"attachment":[{"time":1.5,"name":"750000"},{"time":1.5666,"name":"750001"},{"time":1.6333,"name":"750002"},{"time":1.7,"name":"750003"},{"time":1.7666,"name":"750004"},{"time":1.8333,"name":"750005"},{"time":1.9,"name":"750006"},{"time":1.9666,"name":"750007"},{"time":2.0333,"name":"750008"},{"time":2.1,"name":"750009"},{"time":2.1666,"name":"750010"},{"time":2.2333,"name":"750011"},{"time":2.3,"name":"750012"},{"time":2.3666,"name":"750013"},{"time":2.4333,"name":"750014"},{"time":2.5,"name":"750015"},{"time":2.5666,"name":"750016"},{"time":2.6333,"name":"750017"},{"time":2.7,"name":"750019"},{"time":2.7666,"name":null}]},"750004":{"attachment":[{"time":1.9,"name":"750000"},{"time":1.9666,"name":"750001"},{"time":2.0333,"name":"750002"},{"time":2.1,"name":"750003"},{"time":2.1666,"name":"750004"},{"time":2.2333,"name":"750005"},{"time":2.3,"name":"750006"},{"time":2.3666,"name":"750007"},{"time":2.4333,"name":"750008"},{"time":2.5,"name":"750009"},{"time":2.5666,"name":"750010"},{"time":2.6333,"name":"750011"},{"time":2.7,"name":"750012"},{"time":2.7666,"name":"750013"},{"time":2.8333,"name":"750014"},{"time":2.9,"name":"750015"},{"time":2.9666,"name":"750016"},{"time":3.0333,"name":"750017"},{"time":3.1,"name":"750019"},{"time":3.1666,"name":null}]},"750005":{"attachment":[{"time":2.1666,"name":"750000"},{"time":2.2333,"name":"750001"},{"time":2.3,"name":"750002"},{"time":2.3666,"name":"750003"},{"time":2.4333,"name":"750004"},{"time":2.5,"name":"750005"},{"time":2.5666,"name":"750006"},{"time":2.6333,"name":"750007"},{"time":2.7,"name":"750008"},{"time":2.7666,"name":"750009"},{"time":2.8333,"name":"750010"},{"time":2.9,"name":"750011"},{"time":2.9666,"name":"750012"},{"time":3.0333,"name":"750013"},{"time":3.1,"name":"750014"},{"time":3.1666,"name":"750015"},{"time":3.2333,"name":"750016"},{"time":3.3,"name":"750017"},{"time":3.3666,"name":"750019"},{"time":3.4333,"name":null}]},"gold":{"color":[{"time":0,"color":"ffffff00"},{"time":0.2,"color":"ffffffff"}],"attachment":[{"time":0,"name":"gold"},{"time":1.3333,"name":null}]},"idle_2_01":{"attachment":[{"time":0,"name":"idle_2_01"},{"time":0.0666,"name":"idle_2_02"},{"time":0.1333,"name":"idle_2_03"},{"time":0.2,"name":"idle_2_04"},{"time":0.2666,"name":"idle_2_05"},{"time":0.3,"name":"idle_2_06"},{"time":0.3666,"name":"idle_2_07"},{"time":0.4333,"name":"idle_2_08"},{"time":0.5,"name":"idle_2_09"},{"time":0.5666,"name":"idle_2_10"},{"time":0.6333,"name":"idle_2_01"},{"time":0.7,"name":"idle_2_02"},{"time":0.7666,"name":"idle_2_03"},{"time":0.8,"name":"idle_2_04"},{"time":0.8666,"name":"idle_2_05"},{"time":0.9333,"name":"idle_2_06"},{"time":1,"name":"idle_2_07"},{"time":1.0666,"name":"idle_2_08"},{"time":1.1333,"name":"idle_2_09"},{"time":1.2,"name":"idle_2_10"},{"time":1.2666,"name":"idle_2_01"},{"time":1.3,"name":"idle_2_02"},{"time":1.3666,"name":"idle_2_03"},{"time":1.4333,"name":"idle_2_04"},{"time":1.5,"name":"idle_2_05"},{"time":1.5666,"name":"idle_2_06"},{"time":1.6333,"name":"idle_2_07"},{"time":1.7,"name":"idle_2_08"},{"time":1.7666,"name":"idle_2_09"},{"time":1.8333,"name":"idle_2_10"},{"time":1.8666,"name":"idle_2_01"},{"time":1.9333,"name":"idle_2_02"},{"time":2,"name":"idle_2_03"},{"time":2.0666,"name":"idle_2_04"},{"time":2.1333,"name":"idle_2_05"},{"time":2.2,"name":"idle_2_06"},{"time":2.2666,"name":"idle_2_07"},{"time":2.3333,"name":"idle_2_08"},{"time":2.3666,"name":"idle_2_09"},{"time":2.4333,"name":"idle_2_10"},{"time":2.5,"name":"idle_2_01"},{"time":2.5666,"name":"idle_2_02"},{"time":2.6333,"name":"idle_2_03"},{"time":2.7,"name":"idle_2_04"},{"time":2.7666,"name":"idle_2_05"},{"time":2.8333,"name":"idle_2_06"},{"time":2.8666,"name":"idle_2_07"},{"time":2.9333,"name":"idle_2_08"},{"time":3,"name":"idle_2_09"},{"time":3.0666,"name":"idle_2_10"},{"time":3.1333,"name":"idle_2_01"},{"time":3.2,"name":"idle_2_02"},{"time":3.2666,"name":"idle_2_03"},{"time":3.3333,"name":"idle_2_04"},{"time":3.4,"name":"idle_2_05"},{"time":3.4333,"name":"idle_2_06"},{"time":3.5,"name":"idle_2_07"},{"time":3.5666,"name":"idle_2_08"},{"time":3.6333,"name":"idle_2_09"},{"time":3.7,"name":"idle_2_10"},{"time":3.7666,"name":"idle_2_01"},{"time":3.8333,"name":"idle_2_02"},{"time":3.9,"name":"idle_2_03"},{"time":3.9333,"name":"idle_2_04"},{"time":4,"name":"idle_2_05"},{"time":4.0666,"name":"idle_2_06"},{"time":4.1333,"name":"idle_2_07"},{"time":4.2,"name":"idle_2_08"},{"time":4.2666,"name":"idle_2_09"},{"time":4.3333,"name":"idle_2_10"},{"time":4.4,"name":"idle_2_01"},{"time":4.4333,"name":"idle_2_02"},{"time":4.5,"name":"idle_2_03"},{"time":4.5666,"name":"idle_2_04"},{"time":4.6333,"name":"idle_2_05"},{"time":4.7,"name":"idle_2_06"},{"time":4.7666,"name":"idle_2_07"},{"time":4.8333,"name":"idle_2_08"},{"time":4.9,"name":"idle_2_09"},{"time":4.9666,"name":"idle_2_10"},{"time":5,"name":"idle_2_01"}]},"idle_2_1":{"attachment":[{"time":0,"name":"idle_2_06"},{"time":0.0666,"name":"idle_2_07"},{"time":0.1333,"name":"idle_2_08"},{"time":0.2,"name":"idle_2_09"},{"time":0.2666,"name":"idle_2_10"},{"time":0.3333,"name":"idle_2_01"},{"time":0.4,"name":"idle_2_02"},{"time":0.4666,"name":"idle_2_03"},{"time":0.5333,"name":"idle_2_04"},{"time":0.5666,"name":"idle_2_05"},{"time":0.6333,"name":"idle_2_06"},{"time":0.7,"name":"idle_2_07"},{"time":0.7666,"name":"idle_2_08"},{"time":0.8333,"name":"idle_2_09"},{"time":0.9,"name":"idle_2_10"},{"time":0.9666,"name":"idle_2_01"},{"time":1.0333,"name":"idle_2_02"},{"time":1.0666,"name":"idle_2_03"},{"time":1.1333,"name":"idle_2_04"},{"time":1.2,"name":"idle_2_05"},{"time":1.2666,"name":"idle_2_06"},{"time":1.3333,"name":"idle_2_07"},{"time":1.4,"name":"idle_2_08"},{"time":1.4666,"name":"idle_2_09"},{"time":1.5333,"name":"idle_2_10"},{"time":1.5666,"name":"idle_2_01"},{"time":1.6333,"name":"idle_2_02"},{"time":1.7,"name":"idle_2_03"},{"time":1.7666,"name":"idle_2_04"},{"time":1.8333,"name":"idle_2_05"},{"time":1.9,"name":"idle_2_06"},{"time":1.9666,"name":"idle_2_07"},{"time":2.0333,"name":"idle_2_08"},{"time":2.0666,"name":"idle_2_09"},{"time":2.1333,"name":"idle_2_10"},{"time":2.2,"name":"idle_2_01"},{"time":2.2666,"name":"idle_2_02"},{"time":2.3333,"name":"idle_2_03"},{"time":2.4,"name":"idle_2_04"},{"time":2.4666,"name":"idle_2_05"},{"time":2.5,"name":"idle_2_06"},{"time":2.5666,"name":"idle_2_07"},{"time":2.6333,"name":"idle_2_08"},{"time":2.7,"name":"idle_2_09"},{"time":2.7666,"name":"idle_2_10"},{"time":2.8333,"name":"idle_2_01"},{"time":2.9,"name":"idle_2_02"},{"time":2.9666,"name":"idle_2_03"},{"time":3,"name":"idle_2_04"},{"time":3.0666,"name":"idle_2_05"},{"time":3.1333,"name":"idle_2_06"},{"time":3.2,"name":"idle_2_07"},{"time":3.2666,"name":"idle_2_08"},{"time":3.3333,"name":"idle_2_09"},{"time":3.4,"name":"idle_2_10"},{"time":3.4666,"name":"idle_2_01"},{"time":3.5,"name":"idle_2_02"},{"time":3.5666,"name":"idle_2_03"},{"time":3.6333,"name":"idle_2_04"},{"time":3.7,"name":"idle_2_05"},{"time":3.7666,"name":"idle_2_06"},{"time":3.8333,"name":"idle_2_07"},{"time":3.9,"name":"idle_2_08"},{"time":3.9333,"name":"idle_2_09"},{"time":4,"name":"idle_2_10"},{"time":4.0666,"name":"idle_2_01"},{"time":4.1333,"name":"idle_2_02"},{"time":4.2,"name":"idle_2_03"},{"time":4.2666,"name":"idle_2_04"},{"time":4.3333,"name":"idle_2_05"},{"time":4.4,"name":"idle_2_06"},{"time":4.4333,"name":"idle_2_07"},{"time":4.5,"name":"idle_2_08"},{"time":4.5666,"name":"idle_2_09"},{"time":4.6333,"name":"idle_2_10"},{"time":4.7,"name":"idle_2_01"},{"time":4.7666,"name":"idle_2_02"},{"time":4.8333,"name":"idle_2_03"},{"time":4.9,"name":"idle_2_04"},{"time":4.9333,"name":"idle_2_05"},{"time":5,"name":"idle_2_06"}]},"idle_2_2":{"attachment":[{"time":0,"name":"idle_2_07"},{"time":0.0666,"name":"idle_2_08"},{"time":0.1333,"name":"idle_2_09"},{"time":0.2,"name":"idle_2_10"},{"time":0.2666,"name":"idle_2_01"},{"time":0.3333,"name":"idle_2_02"},{"time":0.4,"name":"idle_2_03"},{"time":0.4666,"name":"idle_2_04"},{"time":0.5,"name":"idle_2_05"},{"time":0.5666,"name":"idle_2_06"},{"time":0.6333,"name":"idle_2_07"},{"time":0.7,"name":"idle_2_08"},{"time":0.7666,"name":"idle_2_09"},{"time":0.8333,"name":"idle_2_10"},{"time":0.9,"name":"idle_2_01"},{"time":0.9666,"name":"idle_2_02"},{"time":1,"name":"idle_2_03"},{"time":1.0666,"name":"idle_2_04"},{"time":1.1333,"name":"idle_2_05"},{"time":1.2,"name":"idle_2_06"},{"time":1.2666,"name":"idle_2_07"},{"time":1.3333,"name":"idle_2_08"},{"time":1.4,"name":"idle_2_09"},{"time":1.4666,"name":"idle_2_10"},{"time":1.5,"name":"idle_2_01"},{"time":1.5666,"name":"idle_2_02"},{"time":1.6333,"name":"idle_2_03"},{"time":1.7,"name":"idle_2_04"},{"time":1.7666,"name":"idle_2_05"},{"time":1.8333,"name":"idle_2_06"},{"time":1.9,"name":"idle_2_07"},{"time":1.9666,"name":"idle_2_08"},{"time":2,"name":"idle_2_09"},{"time":2.0666,"name":"idle_2_10"},{"time":2.1333,"name":"idle_2_01"},{"time":2.2,"name":"idle_2_02"},{"time":2.2666,"name":"idle_2_03"},{"time":2.3333,"name":"idle_2_04"},{"time":2.4,"name":"idle_2_05"},{"time":2.4666,"name":"idle_2_06"},{"time":2.5,"name":"idle_2_07"},{"time":2.5666,"name":"idle_2_08"},{"time":2.6333,"name":"idle_2_09"},{"time":2.7,"name":"idle_2_10"},{"time":2.7666,"name":"idle_2_01"},{"time":2.8333,"name":"idle_2_02"},{"time":2.9,"name":"idle_2_03"},{"time":2.9666,"name":"idle_2_04"},{"time":3,"name":"idle_2_05"},{"time":3.0666,"name":"idle_2_06"},{"time":3.1333,"name":"idle_2_07"},{"time":3.2,"name":"idle_2_08"},{"time":3.2666,"name":"idle_2_09"},{"time":3.3333,"name":"idle_2_10"},{"time":3.4,"name":"idle_2_01"},{"time":3.4666,"name":"idle_2_02"},{"time":3.5,"name":"idle_2_03"},{"time":3.5666,"name":"idle_2_04"},{"time":3.6333,"name":"idle_2_05"},{"time":3.7,"name":"idle_2_06"},{"time":3.7666,"name":"idle_2_07"},{"time":3.8333,"name":"idle_2_08"},{"time":3.9,"name":"idle_2_09"},{"time":3.9333,"name":"idle_2_10"},{"time":4,"name":"idle_2_01"},{"time":4.0666,"name":"idle_2_02"},{"time":4.1333,"name":"idle_2_03"},{"time":4.2,"name":"idle_2_04"},{"time":4.2666,"name":"idle_2_05"},{"time":4.3333,"name":"idle_2_06"},{"time":4.4,"name":"idle_2_07"},{"time":4.4333,"name":"idle_2_08"},{"time":4.5,"name":"idle_2_09"},{"time":4.5666,"name":"idle_2_10"},{"time":4.6333,"name":"idle_2_01"},{"time":4.7,"name":"idle_2_02"},{"time":4.7666,"name":"idle_2_03"},{"time":4.8333,"name":"idle_2_04"},{"time":4.9,"name":"idle_2_05"},{"time":4.9333,"name":"idle_2_06"},{"time":5,"name":"idle_2_07"}]}},"bones":{"gold":{"rotate":[{"time":0,"angle":12.75},{"time":0.2,"angle":260},{"time":0.4333,"angle":136.81},{"time":0.6666,"angle":-5.41},{"time":0.8666,"angle":-145.91},{"time":1,"angle":165.07},{"time":1.1666,"angle":99.99},{"time":1.3333,"angle":10.16}],"translate":[{"time":0,"x":0,"y":0},{"time":2,"x":123.73,"y":-165.4}],"scale":[{"time":0,"x":1,"y":1}]},"750000":{"translate":[{"time":1.5,"x":0,"y":0,"curve":"stepped"},{"time":5,"x":0,"y":0}]},"750001":{"translate":[{"time":1.9,"x":0,"y":0}]},"750002":{"translate":[{"time":2.1666,"x":0,"y":0}]},"idle_2_2":{"rotate":[{"time":0,"angle":-90.08}],"translate":[{"time":0,"x":3.99,"y":-9.13}]}},"paths":{"1":{"position":[{"time":0},{"time":0.4,"position":0.5},{"time":1.3333,"position":1}],"mix":[{"time":0,"rotateMix":0,"curve":"stepped"},{"time":1.3333,"rotateMix":0}]}},"drawOrder":[{"time":0,"offsets":[{"slot":"box","offset":1}]},{"time":1.1666,"offsets":[{"slot":"box","offset":1}]}]}}}