{"skeleton":{"hash":"e+GzQhObqk8t+xH8D8HbkslQVK8","spine":"3.4.02","width":0,"height":0,"images":""},"bones":[{"name":"root"},{"name":"./images/0_0","parent":"root","x":-34.35,"y":67.14,"scaleX":0.332,"scaleY":0.332},{"name":"./images/0_1","parent":"root","x":-61.79,"y":70.27,"scaleX":0.332,"scaleY":0.332},{"name":"./images/0_2","parent":"root","x":-10.83,"y":65.57,"scaleX":0.332,"scaleY":0.332},{"name":"./images/0_3","parent":"root","x":7.98,"y":82.03,"scaleX":0.332,"scaleY":0.332},{"name":"./images/0_4","parent":"root","x":24.44,"y":63.22,"scaleX":0.332,"scaleY":0.332},{"name":"./images/0_5","parent":"root","x":52.67,"y":69.49,"scaleX":0.332,"scaleY":0.332},{"name":"./images/0_6","parent":"root","x":29.93,"y":85.95,"scaleX":0.332,"scaleY":0.332},{"name":"./images/0_7","parent":"root","x":-56.3,"y":52.24,"scaleX":0.332,"scaleY":0.332},{"name":"./images/0_8","parent":"root","x":-7.69,"y":89.09,"scaleX":0.332,"scaleY":0.332},{"name":"./images/0_9","parent":"root","x":62.86,"y":49.89,"scaleX":0.332,"scaleY":0.332},{"name":"./images/0_10","parent":"root","x":-30.43,"y":90.66,"scaleX":0.332,"scaleY":0.332},{"name":"bone","parent":"root","x":-60.46,"y":79.42},{"name":"bone2","parent":"root","x":-5.49,"y":79.98},{"name":"bone3","parent":"root","x":78.65,"y":77.18},{"name":"bone4","parent":"root","x":84.26,"y":22.76},{"name":"bone5","parent":"root","x":91,"y":-26.6},{"name":"bone6","parent":"root","x":52.29,"y":-84.38},{"name":"bone7","parent":"root","x":6.85,"y":-92.79},{"name":"bone8","parent":"root","x":-77.85,"y":-87.75},{"name":"bone9","parent":"root","x":-93.56,"y":-60.26},{"name":"images/500586_fire_1","parent":"root","x":-87.39,"y":32.86}],"slots":[{"name":"images/avator_frame_500586","bone":"root","attachment":"images/avator_frame_500586"},{"name":"images/500586_fire_1","bone":"images/500586_fire_1","attachment":"images/500586_fire_1"},{"name":"./images/0_0","bone":"./images/0_0","attachment":"./images/0_0","blend":"additive"},{"name":"./images/0_1","bone":"./images/0_1","attachment":"./images/0_0","blend":"additive"},{"name":"./images/0_2","bone":"./images/0_2","attachment":"./images/0_0","blend":"additive"},{"name":"./images/0_3","bone":"./images/0_3","attachment":"./images/0_0","blend":"additive"},{"name":"./images/0_4","bone":"./images/0_4","attachment":"./images/0_0","blend":"additive"},{"name":"./images/0_5","bone":"./images/0_5","attachment":"./images/0_0","blend":"additive"},{"name":"./images/0_6","bone":"./images/0_6","attachment":"./images/0_0","blend":"additive"},{"name":"./images/0_7","bone":"./images/0_7","attachment":"./images/0_0","blend":"additive"},{"name":"./images/0_8","bone":"./images/0_8","attachment":"./images/0_0","blend":"additive"},{"name":"./images/0_9","bone":"./images/0_9","attachment":"./images/0_0","blend":"additive"},{"name":"./images/0_10","bone":"./images/0_10","attachment":"./images/0_0","blend":"additive"}],"skins":{"default":{"./images/0_0":{"./images/0_0":{"x":0.77,"y":1.41,"width":11,"height":12}},"./images/0_1":{"./images/0_0":{"x":0.77,"y":1.41,"width":11,"height":12}},"./images/0_10":{"./images/0_0":{"x":0.77,"y":1.41,"width":11,"height":12}},"./images/0_2":{"./images/0_0":{"x":0.77,"y":1.41,"width":11,"height":12}},"./images/0_3":{"./images/0_0":{"x":0.77,"y":1.41,"width":11,"height":12}},"./images/0_4":{"./images/0_0":{"x":0.77,"y":1.41,"width":11,"height":12}},"./images/0_5":{"./images/0_0":{"x":0.77,"y":1.41,"width":11,"height":12}},"./images/0_6":{"./images/0_0":{"x":0.77,"y":1.41,"width":11,"height":12}},"./images/0_7":{"./images/0_0":{"x":0.77,"y":1.41,"width":11,"height":12}},"./images/0_8":{"./images/0_0":{"x":0.77,"y":1.41,"width":11,"height":12}},"./images/0_9":{"./images/0_0":{"x":0.77,"y":1.41,"width":11,"height":12}},"images/500586_fire_1":{"images/500586_fire_1":{"type":"mesh","uvs":[0.17783,0,0.0979,0.05413,0.04652,0.10692,0,0.18316,0,0.28483,0,0.41191,0,0.50185,0,0.59569,0,0.68563,0,0.77361,0,0.87723,0.01988,0.94761,0.08839,1,0.21208,1,0.3586,1,0.46326,1,0.57173,0.99454,0.6821,0.98671,0.76392,0.97498,0.83623,0.95934,0.91806,0.95934,1,0.94175,1,0.82444,1,0.73646,1,0.65826,1,0.5781,0.97324,0.5038,0.94089,0.40996,0.94089,0.32393,0.93138,0.24768,0.93899,0.1773,0.93709,0.11083,0.90093,0.0424,0.78676,0,0.64404,0,0.5527,0,0.4861,0,0.37573,0,0.28439,0,0.15467,0.23153,0.22923,0.1645,0.34729,0.12939,0.48088,0.11981,0.61448,0.14535,0.73254,0.17727,0.76671,0.28579,0.79467,0.41028,0.81021,0.5252,0.78535,0.64649,0.70768,0.7231,0.61758,0.75821,0.49331,0.75183,0.36593,0.76141,0.27273,0.80929,0.18574,0.78694,0.11428,0.71033,0.10186,0.63053,0.10186,0.52839,0.10807,0.45816,0.11118,0.37198,0.48088,0.47732],"triangles":[17,50,18,52,51,15,13,12,54,15,14,52,16,15,51,16,50,17,49,50,60,50,51,60,60,51,52,57,60,52,60,57,58,39,40,60,45,60,43,40,41,60,60,46,49,45,46,60,13,53,14,14,53,52,12,11,54,16,51,50,21,20,22,18,49,19,53,13,54,22,20,19,50,49,18,45,44,29,45,29,28,46,45,28,27,46,28,47,46,27,47,27,26,47,49,46,44,45,43,29,44,30,43,34,44,44,34,33,44,33,32,44,32,31,44,31,30,60,42,43,43,35,34,41,38,37,42,37,36,41,37,42,42,36,35,43,42,35,41,42,60,40,0,38,1,0,40,39,1,40,2,1,39,40,38,41,59,39,60,60,58,59,4,3,39,59,4,39,5,4,59,58,5,59,6,5,58,57,6,58,3,2,39,7,6,57,56,7,57,8,7,56,57,52,56,56,52,55,8,56,55,9,8,55,54,55,52,54,10,9,54,9,55,53,54,52,11,10,54,22,19,49,49,48,22,47,26,25,47,48,49,24,47,25,24,48,47,23,48,24,48,23,22],"vertices":[2,12,-0.7,15.52,0.99823,13,-55.68,14.96,0.00176,2,21,9.75,51.23,0.11012,12,-17.17,4.67,0.88987,2,21,-0.82,40.65,0.35875,12,-27.75,-5.9,0.64124,2,21,-10.41,25.36,0.66015,12,-37.34,-21.19,0.33984,2,21,-10.41,4.98,0.99747,12,-37.34,-41.58,0.00252,3,20,-4.23999,72.62,0.15078,21,-10.41,-20.49,0.81034,0,-97.81,12.36,0.03887,4,18,-104.66,87.13,4.4E-4,20,-4.23999,54.59,0.3592,21,-10.41,-38.52,0.56343,0,-97.81,-5.66,0.07692,4,18,-104.66,68.31,0.00351,20,-4.23999,35.78,0.58462,21,-10.41,-57.34,0.33317,0,-97.81,-24.48,0.07868,4,18,-104.66,50.28,0.00391,20,-4.23999,17.74,0.80255,21,-10.41,-75.37,0.14621,0,-97.81,-42.51,0.04731,1,20,-4.23999,0.1,1,2,19,-19.95,6.82,0.63201,20,-4.23999,-20.66,0.36798,3,19,-15.85,-7.29,0.15916,20,-0.14,-34.77,0.00883,0,-93.71,-95.04,0.832,3,18,-86.45,-12.74,0.00208,19,-1.74,-17.79,0.16591,0,-79.6,-105.54,0.832,3,18,-60.97,-12.74,0.03922,19,23.73,-17.79,0.11273,0,-54.12,-105.54,0.84804,4,18,-30.78,-12.74,0.09861,19,53.92,-17.79,0.04401,20,69.62,-45.28,8.6E-4,0,-23.93,-105.54,0.8565,3,18,-9.22,-12.74,0.15768,19,75.48,-17.79,0.01031,0,-2.36999,-105.54,0.832,3,17,-32.32,-20.06,0.03612,18,13.11,-11.64,0.13187,0,19.95999,-104.44,0.832,3,17,-9.59,-18.49,0.12949,18,35.84999,-10.08,0.0385,0,42.7,-102.88,0.832,3,16,-31.44,-73.92,0.00512,17,7.26,-16.14,0.16287,0,59.55,-100.52,0.832,3,16,-16.54,-70.79,0.0281,17,22.16,-13,0.13989,0,74.44999,-97.39,0.832,3,16,0.3,-70.79,0.0492,17,39.00999,-13,0.11879,0,91.31,-97.39,0.832,3,16,17.18,-67.26,0.05745,17,55.89,-9.47999,0.11054,0,108.18,-93.86,0.832,2,16,17.18,-43.74,0.46112,17,55.89,14.03,0.53886,2,16,17.18,-26.1,0.67296,17,55.89,31.67,0.32703,2,16,17.18,-10.42,0.88106,17,55.89,47.35,0.11893,2,16,17.18,5.64,0.94004,15,23.91,-43.71,0.05995,2,16,11.67,20.54,0.69879,15,18.4,-28.82,0.3012,2,16,5.01,39.36,0.20666,15,11.74,-10,0.79333,2,14,17.35,-47.17,0.08654,15,11.74,7.24,0.91345,4,13,99.54,-34.68999,0.00162,14,15.39,-31.88,0.38306,15,9.78,22.52,0.61292,0,94.05,45.29,0.00238,2,14,16.95999,-17.77,0.69253,15,11.35,36.64,0.30746,2,14,16.57,-4.44,0.89495,15,10.96,49.96,0.10504,1,14,9.12,9.27,1,3,13,69.75,14.96,0.14568,14,-14.39,17.77,0.84923,0,64.26,94.95,0.00506,4,13,40.34999,14.96,0.53318,14,-43.79,17.77,0.42145,15,-49.4,72.18,0.01931,0,34.86,94.95,0.02604,4,13,21.53,14.96,0.79449,14,-62.61,17.77,0.17854,15,-68.22,72.18,0.01063,0,16.04,94.95,0.01632,2,13,7.81,14.96,0.95207,14,-76.33,17.77,0.04792,2,12,40.05,15.52,0.24407,13,-14.91,14.96,0.75592,2,12,21.24,15.52,0.64481,13,-33.73,14.96,0.35517,4,21,21.44,15.66,0.58178,12,-5.47,-30.89,0.34008,13,-60.45,-31.45,0.03116,0,-65.94,48.53,0.04694,5,20,42.98,122.23,9.8E-4,21,36.8,29.1,0.22815,12,9.88,-17.45,0.50168,13,-45.09,-18.01,0.17162,0,-50.58,61.97,0.09754,7,20,67.3,129.27,7.0E-5,21,61.12,36.14,0.04816,12,34.2,-10.41,0.28237,13,-20.77,-10.97,0.56177,14,-104.92,-8.17,9.0E-5,15,-110.53,46.24,0.00157,0,-26.26,69.01,0.10594,6,21,88.64,38.06,0.00738,12,61.72,-8.49,0.01402,13,6.74,-9.05,0.86342,14,-77.4,-6.25,0.02741,15,-83.01,48.16,0.01257,0,1.25,70.93,0.07517,5,21,116.16,32.93999,3.0E-5,13,34.25999,-14.17,0.51454,14,-49.88,-11.37,0.27682,15,-55.49,43.04,0.08804,0,28.77,65.81,0.12054,4,13,58.58,-20.57,0.21502,14,-25.56,-17.77,0.5758,15,-31.17,36.64,0.14598,0,53.09,59.41,0.06318,5,16,-30.86,64.25,0.02226,13,65.62,-42.33,0.09051,14,-18.52,-39.53,0.16597,15,-24.13,14.88,0.54724,0,60.13,37.65,0.17399,7,16,-25.1,39.29,0.07844,17,13.6,97.07,0.00135,18,59.04,105.49,2.1E-4,13,71.37999,-67.29,0.0277,14,-12.76,-64.49,0.03252,15,-18.37,-10.07,0.73798,0,65.89,12.69,0.12177,6,16,-21.9,16.25,0.41278,17,16.79999,74.03,0.06068,18,62.24,82.44999,0.01375,13,74.58,-90.33,0.00579,15,-15.17,-33.11,0.27923,0,69.08999,-10.34,0.22774,6,16,-27.02,-8.06,0.54735,17,11.68,49.71,0.16705,18,57.12,58.13,0.0219,13,69.46,-114.65,6.0E-5,15,-20.29,-57.43,0.09732,0,63.97,-34.66,0.1663,6,16,-43.02,-23.42,0.15891,17,-4.31,34.34999,0.47564,18,41.12,42.77,0.15776,20,141.54,10.22999,0.00123,15,-36.29,-72.79,0.01795,0,47.97,-50.02,0.18847,7,16,-61.58,-30.46,0.03889,17,-22.87,27.31,0.36178,18,22.56,35.73,0.40245,19,107.27,30.68,0.00314,20,122.98,3.19,0.00665,15,-54.85,-79.83,0.00504,0,29.41,-57.06,0.18199,8,16,-87.18,-29.18,0.02625,17,-48.47,28.59,0.10718,18,-3.03,37.00999,0.3862,19,81.67,31.96,0.03735,20,97.38,4.46999,0.04046,21,91.2,-88.65,0.00702,15,-80.44999,-78.55,0.00482,0,3.81,-55.78,0.39067,7,16,-113.42,-31.1,1.1E-4,17,-74.71,26.67,0.00397,18,-29.27,35.09,0.34501,19,55.43,30.04,0.17219,20,71.14,2.55,0.16582,21,64.96,-90.57,0.04275,0,-22.42,-57.7,0.27012,5,18,-48.47,25.49,0.2664,19,36.23,20.44,0.27103,20,51.94,-7.04,0.23893,21,45.76,-100.17,0.04762,0,-41.62,-67.3,0.176,5,18,-66.39,29.97,0.15716,19,18.31,24.92,0.36996,20,34.02,-2.56,0.33388,21,27.84,-95.69,0.03974,0,-59.54,-62.82,0.09924,5,18,-81.11,45.33,0.08205,19,3.59,40.28,0.12397,20,19.29999,12.79,0.56148,21,13.12,-80.33,0.1064,0,-74.26,-47.46,0.12609,5,18,-83.67,61.33,0.03808,19,1.03,56.28,0.02036,20,16.74,28.79,0.55503,21,10.56,-64.33,0.23737,0,-76.82,-31.46,0.14912,5,18,-83.67,81.81,0.00897,20,16.74,49.27,0.4234,21,10.56,-43.85,0.44191,13,-71.33,-90.97,4.2E-4,0,-76.82,-10.98,0.12526,7,18,-82.39,95.89,0.00653,19,2.31,90.84,2.2E-4,20,18.02,63.35,0.22319,21,11.84,-29.77,0.59792,12,-15.07,-76.33,0.00843,13,-70.05,-76.89,0.00683,0,-75.54,3.09,0.15685,6,18,-81.75,113.17,0.00107,20,18.66,80.62999,0.08833,21,12.48,-12.49,0.75561,12,-14.43,-59.05,0.03395,13,-69.41,-59.61,0.01415,0,-74.9,20.37,0.10687,1,0,1.25,-0.74,1],"hull":39,"edges":[0,2,2,4,4,6,6,8,8,10,10,12,12,14,14,16,16,18,18,20,20,22,22,24,24,26,26,28,28,30,30,32,32,34,34,36,36,38,38,40,40,42,42,44,44,46,46,48,48,50,50,52,52,54,54,56,56,58,58,60,60,62,62,64,64,66,66,68,68,70,70,72,72,74,74,76,0,76,78,80,80,82,82,84,84,86,86,88,88,90,90,92,92,94,94,96,96,98,98,100,100,102,102,104,104,106,106,108,108,110,110,112,112,114,114,116,116,118,118,78],"width":412,"height":401}},"images/avator_frame_500586":{"images/avator_frame_500586":{"width":210,"height":210}}}},"animations":{"500586_1":{"slots":{"./images/0_0":{"color":[{"time":0,"color":"ffffff70"},{"time":0.3,"color":"ffffff00","curve":"stepped"},{"time":0.3333,"color":"ffffff00"},{"time":0.8333,"color":"ffffffaf","curve":"stepped"},{"time":1.8333,"color":"ffffffaf"},{"time":2,"color":"ffffff70"}]},"./images/0_1":{"color":[{"time":0,"color":"ffffff3a"},{"time":0.3333,"color":"ffffffaf","curve":"stepped"},{"time":1.3333,"color":"ffffffaf"},{"time":1.8,"color":"ffffff00","curve":"stepped"},{"time":1.8333,"color":"ffffff00"},{"time":2,"color":"ffffff3a"}]},"./images/0_2":{"color":[{"time":0,"color":"ffffff74"},{"time":0.1666,"color":"ffffffaf","curve":"stepped"},{"time":1.1666,"color":"ffffffaf"},{"time":1.6333,"color":"ffffff00","curve":"stepped"},{"time":1.6666,"color":"ffffff00"},{"time":2,"color":"ffffff74"}]},"./images/0_3":{"color":[{"time":0,"color":"ffffffaf","curve":"stepped"},{"time":1,"color":"ffffffaf"},{"time":1.4666,"color":"ffffff00","curve":"stepped"},{"time":1.5,"color":"ffffff00"},{"time":2,"color":"ffffffaf"}]},"./images/0_4":{"color":[{"time":0,"color":"ffffffaf","curve":"stepped"},{"time":0.8333,"color":"ffffffaf"},{"time":1.3,"color":"ffffff00","curve":"stepped"},{"time":1.3333,"color":"ffffff00"},{"time":1.8333,"color":"ffffffaf","curve":"stepped"},{"time":2,"color":"ffffffaf"}]},"./images/0_5":{"color":[{"time":0,"color":"ffffffaf","curve":"stepped"},{"time":0.6666,"color":"ffffffaf"},{"time":1.1333,"color":"ffffff00","curve":"stepped"},{"time":1.1666,"color":"ffffff00"},{"time":1.6666,"color":"ffffffaf","curve":"stepped"},{"time":2,"color":"ffffffaf"}]},"./images/0_6":{"color":[{"time":0,"color":"ffffffaf","curve":"stepped"},{"time":0.5,"color":"ffffffaf"},{"time":0.9666,"color":"ffffff00","curve":"stepped"},{"time":1,"color":"ffffff00"},{"time":1.5,"color":"ffffffaf","curve":"stepped"},{"time":2,"color":"ffffffaf"}]},"./images/0_7":{"color":[{"time":0,"color":"ffffffaf","curve":"stepped"},{"time":0.3333,"color":"ffffffaf"},{"time":0.8,"color":"ffffff00","curve":"stepped"},{"time":0.8333,"color":"ffffff00"},{"time":1.3333,"color":"ffffffaf","curve":"stepped"},{"time":2,"color":"ffffffaf"}]},"./images/0_8":{"color":[{"time":0,"color":"ffffffaf","curve":"stepped"},{"time":0.1666,"color":"ffffffaf"},{"time":0.6333,"color":"ffffff00","curve":"stepped"},{"time":0.6666,"color":"ffffff00"},{"time":1.1666,"color":"ffffffaf","curve":"stepped"},{"time":2,"color":"ffffffaf"}]},"./images/0_9":{"color":[{"time":0,"color":"ffffffaf"},{"time":0.4666,"color":"ffffff00","curve":"stepped"},{"time":0.5,"color":"ffffff00"},{"time":1,"color":"ffffffaf","curve":"stepped"},{"time":2,"color":"ffffffaf"}]},"./images/0_10":{"color":[{"time":0,"color":"ffffff32"},{"time":0.1333,"color":"ffffff00","curve":"stepped"},{"time":0.1666,"color":"ffffff00"},{"time":0.6666,"color":"ffffffaf","curve":"stepped"},{"time":1.6666,"color":"ffffffaf"},{"time":2,"color":"ffffff32"}]}},"bones":{"./images/0_10":{"translate":[{"time":0,"x":0.73,"y":-146.9},{"time":0.1333,"x":0.78,"y":-157.58},{"time":0.1666,"x":0,"y":0},{"time":2,"x":0.73,"y":-146.9}],"scale":[{"time":0,"x":1.091,"y":1.091},{"time":0.1333,"x":1.098,"y":1.098},{"time":0.1666,"x":1,"y":1},{"time":2,"x":1.091,"y":1.091}]},"./images/0_9":{"translate":[{"time":0,"x":0.59,"y":-120.19},{"time":0.4666,"x":0.78,"y":-157.58},{"time":0.5,"x":0,"y":0},{"time":2,"x":0.59,"y":-120.19}],"scale":[{"time":0,"x":1.075,"y":1.075},{"time":0.4666,"x":1.098,"y":1.098},{"time":0.5,"x":1,"y":1},{"time":2,"x":1.075,"y":1.075}]},"./images/0_8":{"translate":[{"time":0,"x":0.53,"y":-106.83},{"time":0.6333,"x":0.78,"y":-157.58},{"time":0.6666,"x":0,"y":0},{"time":2,"x":0.53,"y":-106.83}],"scale":[{"time":0,"x":1.066,"y":1.066},{"time":0.6333,"x":1.098,"y":1.098},{"time":0.6666,"x":1,"y":1},{"time":2,"x":1.066,"y":1.066}]},"./images/0_7":{"translate":[{"time":0,"x":0.46,"y":-93.48},{"time":0.8,"x":0.78,"y":-157.58},{"time":0.8333,"x":0,"y":0},{"time":2,"x":0.46,"y":-93.48}],"scale":[{"time":0,"x":1.058,"y":1.058},{"time":0.8,"x":1.098,"y":1.098},{"time":0.8333,"x":1,"y":1},{"time":2,"x":1.058,"y":1.058}]},"./images/0_6":{"translate":[{"time":0,"x":0.39,"y":-80.12},{"time":0.9666,"x":0.78,"y":-157.58},{"time":1,"x":0,"y":0},{"time":2,"x":0.39,"y":-80.12}],"scale":[{"time":0,"x":1.05,"y":1.05},{"time":0.9666,"x":1.098,"y":1.098},{"time":1,"x":1,"y":1},{"time":2,"x":1.05,"y":1.05}]},"./images/0_5":{"translate":[{"time":0,"x":0.33,"y":-66.77},{"time":1.1333,"x":0.78,"y":-157.58},{"time":1.1666,"x":0,"y":0},{"time":2,"x":0.33,"y":-66.77}],"scale":[{"time":0,"x":1.041,"y":1.041},{"time":1.1333,"x":1.098,"y":1.098},{"time":1.1666,"x":1,"y":1},{"time":2,"x":1.041,"y":1.041}]},"./images/0_4":{"translate":[{"time":0,"x":0.26,"y":-53.41},{"time":1.3,"x":0.78,"y":-157.58},{"time":1.3333,"x":0,"y":0},{"time":2,"x":0.26,"y":-53.41}],"scale":[{"time":0,"x":1.033,"y":1.033},{"time":1.3,"x":1.098,"y":1.098},{"time":1.3333,"x":1,"y":1},{"time":2,"x":1.033,"y":1.033}]},"./images/0_3":{"translate":[{"time":0,"x":0.19,"y":-40.06},{"time":1.4666,"x":0.78,"y":-157.58},{"time":1.5,"x":0,"y":0},{"time":2,"x":0.19,"y":-40.06}],"scale":[{"time":0,"x":1.025,"y":1.025},{"time":1.4666,"x":1.098,"y":1.098},{"time":1.5,"x":1,"y":1},{"time":2,"x":1.025,"y":1.025}]},"./images/0_2":{"translate":[{"time":0,"x":0.13,"y":-26.7},{"time":1.6333,"x":0.78,"y":-157.58},{"time":1.6666,"x":0,"y":0},{"time":2,"x":0.13,"y":-26.7}],"scale":[{"time":0,"x":1.016,"y":1.016},{"time":1.6333,"x":1.098,"y":1.098},{"time":1.6666,"x":1,"y":1},{"time":2,"x":1.016,"y":1.016}]},"./images/0_1":{"translate":[{"time":0,"x":0.06,"y":-13.35},{"time":1.8,"x":0.78,"y":-157.58},{"time":1.8333,"x":0,"y":0},{"time":2,"x":0.06,"y":-13.35}],"scale":[{"time":0,"x":1.008,"y":1.008},{"time":1.8,"x":1.098,"y":1.098},{"time":1.8333,"x":1,"y":1},{"time":2,"x":1.008,"y":1.008}]},"./images/0_0":{"translate":[{"time":0,"x":0.66,"y":-133.54},{"time":0.3,"x":0.78,"y":-157.58},{"time":0.3333,"x":0,"y":0},{"time":2,"x":0.66,"y":-133.54}],"scale":[{"time":0,"x":1.083,"y":1.083},{"time":0.3,"x":1.098,"y":1.098},{"time":0.3333,"x":1,"y":1},{"time":2,"x":1.083,"y":1.083}]},"bone9":{"rotate":[{"time":0,"angle":10.1,"curve":[0.382,0.57,0.735,1]},{"time":0.3333,"angle":20.97},{"time":1.3333,"angle":-17.33,"curve":[0.243,0,0.648,0.6]},{"time":2,"angle":10.1}],"translate":[{"time":0,"x":0,"y":2.28,"curve":[0.375,0.5,0.75,1]},{"time":0.5,"x":0,"y":6.84},{"time":1.5,"x":0,"y":-2.28,"curve":[0.25,0,0.625,0.5]},{"time":2,"x":0,"y":2.28}],"scale":[{"time":0,"x":1.068,"y":1.068,"curve":[0.351,0.4,0.756,1]},{"time":0.6666,"x":1,"y":1},{"time":1.6666,"x":1.095,"y":1.095,"curve":[0.264,0,0.617,0.42]},{"time":2,"x":1.068,"y":1.068}]},"bone8":{"rotate":[{"time":0,"angle":1.82,"curve":[0.375,0.5,0.75,1]},{"time":0.5,"angle":20.97},{"time":1.5,"angle":-17.33,"curve":[0.25,0,0.625,0.5]},{"time":2,"angle":1.82}],"translate":[{"time":0,"x":0,"y":0.3,"curve":[0.351,0.4,0.756,1]},{"time":0.6666,"x":0,"y":6.84},{"time":1.6666,"x":0,"y":-2.28,"curve":[0.264,0,0.617,0.42]},{"time":2,"x":0,"y":0.3}],"scale":[{"time":0,"x":1.086,"y":1.086,"curve":[0.31,0.25,0.756,1]},{"time":0.8333,"x":1,"y":1},{"time":1.8333,"x":1.095,"y":1.095,"curve":[0.29,0,0.629,0.37]},{"time":2,"x":1.086,"y":1.086}]},"bone7":{"rotate":[{"time":0,"angle":-6.46,"curve":[0.351,0.4,0.756,1]},{"time":0.6666,"angle":20.97},{"time":1.6666,"angle":-17.33,"curve":[0.264,0,0.617,0.42]},{"time":2,"angle":-6.46}],"translate":[{"time":0,"x":0,"y":-1.4,"curve":[0.31,0.25,0.756,1]},{"time":0.8333,"x":0,"y":6.84},{"time":1.8333,"x":0,"y":-2.28,"curve":[0.29,0,0.629,0.37]},{"time":2,"x":0,"y":-1.4}],"scale":[{"time":0,"x":1.095,"y":1.095,"curve":[0.25,0,0.75,1]},{"time":1,"x":1,"y":1},{"time":2,"x":1.095,"y":1.095}]},"bone6":{"rotate":[{"time":0,"angle":-13.63,"curve":[0.31,0.25,0.756,1]},{"time":0.8333,"angle":20.97},{"time":1.8333,"angle":-17.33,"curve":[0.29,0,0.629,0.37]},{"time":2,"angle":-13.63}],"translate":[{"time":0,"x":0,"y":-2.28,"curve":[0.25,0,0.75,1]},{"time":1,"x":0,"y":6.84},{"time":2,"x":0,"y":-2.28}],"scale":[{"time":0,"x":1.086,"y":1.086,"curve":[0.37,0.62,0.709,1]},{"time":0.1666,"x":1.095,"y":1.095,"curve":[0.25,0,0.75,1]},{"time":1.1666,"x":1,"y":1},{"time":2,"x":1.086,"y":1.086}]},"bone5":{"rotate":[{"time":0,"angle":-17.33,"curve":[0.25,0,0.75,1]},{"time":1,"angle":20.97},{"time":2,"angle":-17.33}],"translate":[{"time":0,"x":0,"y":-1.4,"curve":[0.37,0.62,0.709,1]},{"time":0.1666,"x":0,"y":-2.28,"curve":[0.25,0,0.75,1]},{"time":1.1666,"x":0,"y":6.84},{"time":2,"x":0,"y":-1.4}],"scale":[{"time":0,"x":1.068,"y":1.068,"curve":[0.382,0.57,0.735,1]},{"time":0.3333,"x":1.095,"y":1.095,"curve":[0.25,0,0.75,1]},{"time":1.3333,"x":1,"y":1},{"time":2,"x":1.068,"y":1.068}]},"bone4":{"rotate":[{"time":0,"angle":-13.63,"curve":[0.37,0.62,0.709,1]},{"time":0.1666,"angle":-17.33,"curve":[0.25,0,0.75,1]},{"time":1.1666,"angle":20.97},{"time":2,"angle":-13.63}],"translate":[{"time":0,"x":0,"y":0.3,"curve":[0.382,0.57,0.735,1]},{"time":0.3333,"x":0,"y":-2.28,"curve":[0.25,0,0.75,1]},{"time":1.3333,"x":0,"y":6.84},{"time":2,"x":0,"y":0.3}],"scale":[{"time":0,"x":1.047,"y":1.047,"curve":[0.375,0.5,0.75,1]},{"time":0.5,"x":1.095,"y":1.095,"curve":[0.25,0,0.75,1]},{"time":1.5,"x":1,"y":1},{"time":2,"x":1.047,"y":1.047}]},"bone3":{"rotate":[{"time":0,"angle":-6.46,"curve":[0.382,0.57,0.735,1]},{"time":0.3333,"angle":-17.33,"curve":[0.25,0,0.75,1]},{"time":1.3333,"angle":20.97},{"time":2,"angle":-6.46}],"translate":[{"time":0,"x":0,"y":2.28,"curve":[0.375,0.5,0.75,1]},{"time":0.5,"x":0,"y":-2.28,"curve":[0.25,0,0.75,1]},{"time":1.5,"x":0,"y":6.84},{"time":2,"x":0,"y":2.28}],"scale":[{"time":0,"x":1.027,"y":1.027,"curve":[0.351,0.4,0.756,1]},{"time":0.6666,"x":1.095,"y":1.095,"curve":[0.25,0,0.75,1]},{"time":1.6666,"x":1,"y":1},{"time":2,"x":1.027,"y":1.027}]},"bone2":{"rotate":[{"time":0,"angle":1.82,"curve":[0.375,0.5,0.75,1]},{"time":0.5,"angle":-17.33,"curve":[0.25,0,0.75,1]},{"time":1.5,"angle":20.97},{"time":2,"angle":1.82}],"translate":[{"time":0,"x":0,"y":4.25,"curve":[0.351,0.4,0.756,1]},{"time":0.6666,"x":0,"y":-2.28,"curve":[0.25,0,0.75,1]},{"time":1.6666,"x":0,"y":6.84},{"time":2,"x":0,"y":4.25}],"scale":[{"time":0,"x":1.009,"y":1.009,"curve":[0.31,0.25,0.756,1]},{"time":0.8333,"x":1.095,"y":1.095,"curve":[0.25,0,0.75,1]},{"time":1.8333,"x":1,"y":1},{"time":2,"x":1.009,"y":1.009}]},"bone":{"rotate":[{"time":0,"angle":10.1,"curve":[0.351,0.4,0.756,1]},{"time":0.6666,"angle":-17.33,"curve":[0.25,0,0.75,1]},{"time":1.6666,"angle":20.97},{"time":2,"angle":10.1}],"translate":[{"time":0,"x":0,"y":5.96,"curve":[0.31,0.25,0.756,1]},{"time":0.8333,"x":0,"y":-2.28,"curve":[0.25,0,0.75,1]},{"time":1.8333,"x":0,"y":6.84},{"time":2,"x":0,"y":5.96}],"scale":[{"time":0,"x":1,"y":1,"curve":[0.25,0,0.75,1]},{"time":1,"x":1.095,"y":1.095,"curve":[0.25,0,0.75,1]},{"time":2,"x":1,"y":1}]},"images/500586_fire_1":{"rotate":[{"time":0,"angle":17.28,"curve":[0.37,0.62,0.709,1]},{"time":0.1666,"angle":20.97},{"time":1.1666,"angle":-17.33,"curve":[0.243,0,0.689,0.75]},{"time":2,"angle":17.28}],"translate":[{"time":0,"x":0,"y":4.25,"curve":[0.382,0.57,0.735,1]},{"time":0.3333,"x":0,"y":6.84},{"time":1.3333,"x":0,"y":-2.28,"curve":[0.243,0,0.648,0.6]},{"time":2,"x":0,"y":4.25}]}}}}}