{
"skeleton": { "hash": "x9d0E2VZyWTOgdmqC9hCeLcFpl4", "spine": "3.4.02", "width": 0, "height": 0, "images": "./images/" },
"bones": [
	{ "name": "root" },
	{ "name": "avator_frame_500560_2", "parent": "root", "length": 13.75, "rotation": 84.8, "x": 101.03, "y": -53.49 },
	{ "name": "avator_frame_500560_3", "parent": "root", "length": 18.3, "rotation": 86.09, "x": 66.17, "y": -40.21 },
	{ "name": "avator_frame_500560_4", "parent": "root", "length": 10.38, "rotation": 92.29, "x": 94.8, "y": -9.5 },
	{ "name": "avator_frame_500560_5", "parent": "root", "length": 27.4, "rotation": 88.26, "x": 81.11, "y": -113.67 }
],
"slots": [
	{ "name": "avator_frame_500560_1", "bone": "root", "attachment": "avator_frame_500560_1" },
	{ "name": "avator_frame_500560_2", "bone": "avator_frame_500560_2", "attachment": "avator_frame_500560_2" },
	{ "name": "avator_frame_500560_3", "bone": "avator_frame_500560_3", "attachment": "avator_frame_500560_3" },
	{ "name": "avator_frame_500560_4", "bone": "avator_frame_500560_4", "attachment": "avator_frame_500560_4" },
	{ "name": "avator_frame_500560_5", "bone": "avator_frame_500560_5", "attachment": "avator_frame_500560_5" }
],
"skins": {
	"default": {
		"avator_frame_500560_1": {
			"avator_frame_500560_1": { "width": 209, "height": 204 }
		},
		"avator_frame_500560_2": {
			"avator_frame_500560_2": { "x": 13.49, "y": 4.27, "rotation": -84.8, "width": 18, "height": 29 }
		},
		"avator_frame_500560_3": {
			"avator_frame_500560_3": { "x": 15.9, "y": -3.48, "rotation": -86.09, "width": 23, "height": 38 }
		},
		"avator_frame_500560_4": {
			"avator_frame_500560_4": { "x": 8.01, "y": 0.75, "rotation": -92.29, "width": 11, "height": 18 }
		},
		"avator_frame_500560_5": {
			"avator_frame_500560_5": { "x": 27.19, "y": -8.55, "rotation": -88.26, "width": 60, "height": 60 }
		}
	}
},
"animations": {
	"500560_1": {
		"slots": {
			"avator_frame_500560_2": {
				"color": [
					{
						"time": 0,
						"color": "ffffff79",
						"curve": [ 0.376, 0.5, 0.748, 1 ]
					},
					{ "time": 0.4666, "color": "ffffff00", "curve": "stepped" },
					{
						"time": 0.5,
						"color": "ffffff00",
						"curve": [ 0.25, 0, 0.75, 1 ]
					},
					{
						"time": 1.5,
						"color": "ffffffff",
						"curve": [ 0.248, 0, 0.626, 0.5 ]
					},
					{ "time": 2, "color": "ffffff79" }
				]
			},
			"avator_frame_500560_3": {
				"color": [
					{
						"time": 0,
						"color": "ffffffe5",
						"curve": [ 0.312, 0.25, 0.756, 1 ]
					},
					{ "time": 0.8, "color": "ffffff00", "curve": "stepped" },
					{
						"time": 0.8333,
						"color": "ffffff00",
						"curve": [ 0.25, 0, 0.75, 1 ]
					},
					{
						"time": 1.8333,
						"color": "ffffffff",
						"curve": [ 0.289, 0, 0.628, 0.37 ]
					},
					{ "time": 2, "color": "ffffffe5" }
				]
			},
			"avator_frame_500560_4": {
				"color": [
					{
						"time": 0,
						"color": "ffffff00",
						"curve": [ 0.25, 0, 0.75, 1 ]
					},
					{
						"time": 1,
						"color": "ffffffff",
						"curve": [ 0.25, 0, 0.75, 1 ]
					},
					{ "time": 1.9666, "color": "ffffff00", "curve": "stepped" },
					{ "time": 2, "color": "ffffff00" }
				]
			},
			"avator_frame_500560_5": {
				"color": [
					{
						"time": 0,
						"color": "ffffff41",
						"curve": [ 0.381, 0.57, 0.732, 1 ]
					},
					{ "time": 0.3, "color": "ffffff00", "curve": "stepped" },
					{
						"time": 0.3333,
						"color": "ffffff00",
						"curve": [ 0.25, 0, 0.75, 1 ]
					},
					{
						"time": 1.3333,
						"color": "ffffffff",
						"curve": [ 0.242, 0, 0.653, 0.61 ]
					},
					{ "time": 2, "color": "ffffff41" }
				]
			}
		},
		"bones": {
			"avator_frame_500560_5": {
				"rotate": [
					{
						"time": 0,
						"angle": 0.75,
						"curve": [ 0.368, 0.62, 0.706, 1 ]
					},
					{ "time": 0.3, "angle": 0, "curve": "stepped" },
					{
						"time": 0.3333,
						"angle": 8.84,
						"curve": [ 0.25, 0, 0.75, 1 ]
					},
					{ "time": 2, "angle": 0.75 }
				],
				"translate": [
					{
						"time": 0,
						"x": 0.12,
						"y": 48.57,
						"curve": [ 0.368, 0.62, 0.706, 1 ]
					},
					{ "time": 0.3, "x": 0, "y": 54.78, "curve": "stepped" },
					{
						"time": 0.3333,
						"x": 0,
						"y": 0,
						"curve": [ 0.25, 0, 0.75, 1 ]
					},
					{ "time": 2, "x": 0.12, "y": 48.57 }
				],
				"scale": [
					{ "time": 0, "x": 0.952, "y": 0.738 },
					{ "time": 0.3, "x": 1.015, "y": 0.763, "curve": "stepped" },
					{
						"time": 0.3333,
						"x": 1,
						"y": 1,
						"curve": [ 0.25, 0, 0.75, 1 ]
					},
					{ "time": 2, "x": 0.952, "y": 0.738 }
				]
			},
			"avator_frame_500560_4": {
				"rotate": [
					{
						"time": 0,
						"angle": -23.77,
						"curve": [ 0.25, 0, 0.75, 1 ]
					},
					{ "time": 1.9666, "angle": 0, "curve": "stepped" },
					{ "time": 2, "angle": -23.77 }
				],
				"translate": [
					{
						"time": 0,
						"x": 1.45,
						"y": -18.14,
						"curve": [ 0.25, 0, 0.75, 1 ]
					},
					{ "time": 1.9666, "x": 0, "y": 54.78, "curve": "stepped" },
					{ "time": 2, "x": 0, "y": 0 }
				],
				"scale": [
					{ "time": 0, "x": 0.6, "y": 0.6 },
					{ "time": 1.9666, "x": 1.015, "y": 0.763, "curve": "stepped" },
					{ "time": 2, "x": 1, "y": 1 }
				]
			},
			"avator_frame_500560_3": {
				"rotate": [
					{
						"time": 0,
						"angle": 9.51,
						"curve": [ 0.381, 0.54, 0.742, 1 ]
					},
					{ "time": 0.8, "angle": 0, "curve": "stepped" },
					{
						"time": 0.8333,
						"angle": 25.23,
						"curve": [ 0.25, 0, 0.75, 1 ]
					},
					{ "time": 2, "angle": 9.51 }
				],
				"translate": [
					{
						"time": 0,
						"x": 0.54,
						"y": 27.29,
						"curve": [ 0.381, 0.54, 0.742, 1 ]
					},
					{ "time": 0.8, "x": 0, "y": 54.78, "curve": "stepped" },
					{
						"time": 0.8333,
						"x": 0,
						"y": 0,
						"curve": [ 0.25, 0, 0.75, 1 ]
					},
					{ "time": 2, "x": 0.54, "y": 27.29 }
				],
				"scale": [
					{ "time": 0, "x": 0.846, "y": 0.696 },
					{ "time": 0.8, "x": 1.015, "y": 0.763, "curve": "stepped" },
					{
						"time": 0.8333,
						"x": 1,
						"y": 1,
						"curve": [ 0.25, 0, 0.75, 1 ]
					},
					{ "time": 2, "x": 0.846, "y": 0.696 }
				]
			},
			"avator_frame_500560_2": {
				"rotate": [
					{
						"time": 0,
						"angle": -5.72,
						"curve": [ 0.378, 0.6, 0.722, 1 ]
					},
					{ "time": 0.4666, "angle": 0, "curve": "stepped" },
					{
						"time": 0.5,
						"angle": -33.53,
						"curve": [ 0.25, 0, 0.75, 1 ]
					},
					{ "time": 2, "angle": -5.72 }
				],
				"translate": [
					{
						"time": 0,
						"x": 0.24,
						"y": 42.33,
						"curve": [ 0.378, 0.6, 0.722, 1 ]
					},
					{ "time": 0.4666, "x": 0, "y": 54.78, "curve": "stepped" },
					{
						"time": 0.5,
						"x": 0,
						"y": 0,
						"curve": [ 0.25, 0, 0.75, 1 ]
					},
					{ "time": 2, "x": 0.24, "y": 42.33 }
				],
				"scale": [
					{ "time": 0, "x": 0.916, "y": 0.724 },
					{ "time": 0.4666, "x": 1.015, "y": 0.763, "curve": "stepped" },
					{
						"time": 0.5,
						"x": 1,
						"y": 1,
						"curve": [ 0.25, 0, 0.75, 1 ]
					},
					{ "time": 2, "x": 0.916, "y": 0.724 }
				]
			}
		}
	}
}
}