{
"skeleton": { "hash": "XJMQs5FJ/8D1KtkzD2rtnMOwESs", "spine": "3.4.02", "width": 213.46, "height": 210, "images": "" },
"bones": [
	{ "name": "root" },
	{ "name": "anime_500366_card2", "parent": "root", "x": -80.96, "y": 63.4 },
	{ "name": "anime_500366_card3", "parent": "root", "x": 66.26, "y": 75.16 },
	{ "name": "anime_500366_card4", "parent": "root", "x": 73, "y": 60.42 },
	{ "name": "anime_500366_card5", "parent": "root", "x": 85.08, "y": 75.24 },
	{ "name": "anime_500366_card6", "parent": "root", "x": 93.31, "y": 89.51 },
	{ "name": "anime_500366_card7", "parent": "root", "x": 78.49, "y": 95 }
],
"slots": [
	{ "name": "anime_500366_card2", "bone": "anime_500366_card2", "attachment": "anime_500366_card2" },
	{ "name": "anime_500366_card3", "bone": "anime_500366_card3", "attachment": "anime_500366_card3" },
	{ "name": "anime_500366_card4", "bone": "anime_500366_card4", "attachment": "anime_500366_card4" },
	{ "name": "anime_500366_card5", "bone": "anime_500366_card5", "attachment": "anime_500366_card4" },
	{ "name": "anime_500366_card6", "bone": "anime_500366_card6", "attachment": "anime_500366_card4" },
	{ "name": "anime_500366_card7", "bone": "anime_500366_card7", "attachment": "anime_500366_card4" }
],
"skins": {
	"default": {
		"anime_500366_card2": {
			"anime_500366_card2": { "x": -0.16, "y": -2.11, "width": 24, "height": 26 }
		},
		"anime_500366_card3": {
			"anime_500366_card3": { "x": -0.26, "y": 0.03, "width": 12, "height": 17 }
		},
		"anime_500366_card4": {
			"anime_500366_card4": { "x": 4.14, "y": -1.07, "width": 22, "height": 11 }
		},
		"anime_500366_card5": {
			"anime_500366_card4": { "x": 4.14, "y": -1.07, "width": 22, "height": 11 }
		},
		"anime_500366_card6": {
			"anime_500366_card4": { "x": 4.14, "y": -1.07, "width": 22, "height": 11 }
		},
		"anime_500366_card7": {
			"anime_500366_card4": { "x": 4.14, "y": -1.07, "width": 22, "height": 11 }
		}
	}
},
"animations": {
	"500366_1": {
		"slots": {
			"anime_500366_card2": {
				"color": [
					{ "time": 0, "color": "ffffff00" },
					{ "time": 1.6666, "color": "ffffffff", "curve": "stepped" },
					{ "time": 3.1666, "color": "ffffffff" },
					{ "time": 3.4, "color": "ffffff00" }
				]
			},
			"anime_500366_card3": {
				"color": [
					{ "time": 0, "color": "ffffff00", "curve": "stepped" },
					{ "time": 1.2333, "color": "ffffff00" },
					{ "time": 1.7333, "color": "ffffffff", "curve": "stepped" },
					{ "time": 3.7666, "color": "ffffffff" },
					{ "time": 4.2666, "color": "ffffff00", "curve": "stepped" },
					{ "time": 4.3, "color": "ffffff00", "curve": "stepped" },
					{ "time": 6, "color": "ffffff00" }
				]
			},
			"anime_500366_card4": {
				"color": [
					{ "time": 0, "color": "ffffff00" },
					{ "time": 0.5, "color": "ffffffff", "curve": "stepped" },
					{ "time": 2, "color": "ffffffff" },
					{ "time": 2.4, "color": "ffffff00", "curve": "stepped" },
					{ "time": 2.4333, "color": "ffffff00", "curve": "stepped" },
					{ "time": 6, "color": "ffffff00" }
				]
			},
			"anime_500366_card5": {
				"color": [
					{ "time": 0, "color": "ffffffff", "curve": "stepped" },
					{ "time": 0.3, "color": "ffffffff" },
					{ "time": 0.9333, "color": "ffffff00", "curve": "stepped" },
					{ "time": 0.9666, "color": "ffffff00", "curve": "stepped" },
					{ "time": 4.1, "color": "ffffff00" },
					{ "time": 4.7, "color": "ffffffff", "curve": "stepped" },
					{ "time": 6, "color": "ffffffff" }
				]
			},
			"anime_500366_card6": {
				"color": [
					{ "time": 0, "color": "ffffff19" },
					{ "time": 0.0666, "color": "ffffff00", "curve": "stepped" },
					{ "time": 0.1, "color": "ffffff00", "curve": "stepped" },
					{
						"time": 2.8666,
						"color": "ffffff00",
						"curve": [ 0.359, 0.01, 0.826, 0.75 ]
					},
					{ "time": 3.4333, "color": "ffffffff", "curve": "stepped" },
					{ "time": 5.4, "color": "ffffffff" },
					{ "time": 6, "color": "ffffff19" }
				]
			},
			"anime_500366_card7": {
				"color": [
					{ "time": 0, "color": "ffffff21" },
					{ "time": 0.4333, "color": "ffffffff", "curve": "stepped" },
					{ "time": 2.1, "color": "ffffffff" },
					{ "time": 2.6, "color": "ffffff00", "curve": "stepped" },
					{ "time": 2.6333, "color": "ffffff00", "curve": "stepped" },
					{ "time": 2.9666, "color": "ffffff00" },
					{ "time": 3.4666, "color": "ffffffff", "curve": "stepped" },
					{ "time": 5.1333, "color": "ffffffff" },
					{ "time": 5.6333, "color": "ffffff00", "curve": "stepped" },
					{ "time": 5.6666, "color": "ffffff00", "curve": "stepped" },
					{ "time": 5.9333, "color": "ffffff00" },
					{ "time": 6, "color": "ffffff21" }
				]
			}
		},
		"bones": {
			"anime_500366_card3": {
				"rotate": [
					{ "time": 0, "angle": 0, "curve": "stepped" },
					{
						"time": 1.2333,
						"angle": 0,
						"curve": [ 0.25, 0, 0.783, 0.84 ]
					},
					{ "time": 4.2666, "angle": -35.63 },
					{ "time": 4.3, "angle": 0, "curve": "stepped" },
					{ "time": 6, "angle": 0 }
				],
				"translate": [
					{ "time": 0, "x": 0, "y": 0, "curve": "stepped" },
					{
						"time": 1.2333,
						"x": 0,
						"y": 0,
						"curve": [ 0.25, 0, 0.783, 0.84 ]
					},
					{ "time": 4.2666, "x": -62.53, "y": -157.52 },
					{ "time": 4.3, "x": 0, "y": 0, "curve": "stepped" },
					{ "time": 6, "x": 0, "y": 0 }
				]
			},
			"anime_500366_card2": {
				"translate": [
					{
						"time": 0,
						"x": 0,
						"y": 0,
						"curve": [ 0.383, -0.02, 0.883, 0.52 ]
					},
					{ "time": 1.6666, "x": 0, "y": -2.94, "curve": "stepped" },
					{
						"time": 2.2333,
						"x": 0,
						"y": -2.94,
						"curve": [ 0.383, -0.02, 0.883, 0.52 ]
					},
					{
						"time": 2.8666,
						"x": 0,
						"y": -86.29,
						"curve": [ 0.397, 0.49, 0.683, 0.88 ]
					},
					{
						"time": 3.1,
						"x": -14.89,
						"y": -69.72,
						"curve": [ 0.207, 0.02, 0.783, 0.42 ]
					},
					{ "time": 3.4, "x": -33.07, "y": -130.95, "curve": "stepped" },
					{ "time": 6, "x": -33.07, "y": -130.95 }
				],
				"scale": [
					{ "time": 0, "x": 0.488, "y": 0.488 },
					{ "time": 1.6666, "x": 1, "y": 1, "curve": "stepped" },
					{ "time": 2.2333, "x": 1, "y": 1 },
					{ "time": 2.8333, "x": 0.887, "y": 1 },
					{ "time": 2.9333, "x": 1.05, "y": 0.651 },
					{ "time": 3.0666, "x": 0.759, "y": 0.905 },
					{ "time": 3.1666, "x": 0.817, "y": 0.948 }
				]
			},
			"anime_500366_card4": {
				"rotate": [
					{
						"time": 0,
						"angle": 0,
						"curve": [ 0.25, 0, 0.707, 0.84 ]
					},
					{ "time": 2.4, "angle": -23.57 },
					{ "time": 2.4333, "angle": 0, "curve": "stepped" },
					{ "time": 6, "angle": 0 }
				],
				"translate": [
					{
						"time": 0,
						"x": 0,
						"y": 0,
						"curve": [ 0.25, 0, 0.707, 0.84 ]
					},
					{ "time": 2.4, "x": -95.57, "y": -143.95 },
					{ "time": 2.4333, "x": 0, "y": 0, "curve": "stepped" },
					{ "time": 6, "x": 0, "y": 0 }
				]
			},
			"anime_500366_card5": {
				"rotate": [
					{ "time": 0, "angle": -19.24 },
					{ "time": 0.9333, "angle": -28.69 },
					{ "time": 0.9666, "angle": 0, "curve": "stepped" },
					{ "time": 4.1, "angle": 0 },
					{ "time": 6, "angle": -19.24 }
				],
				"translate": [
					{ "time": 0, "x": -72.24, "y": -103.27 },
					{ "time": 0.9333, "x": -107.72, "y": -154.01 },
					{ "time": 0.9666, "x": 0, "y": 0, "curve": "stepped" },
					{ "time": 4.1, "x": 0, "y": 0 },
					{ "time": 6, "x": -72.24, "y": -103.27 }
				],
				"scale": [
					{ "time": 0, "x": 0.947, "y": 0.947 },
					{ "time": 0.9333, "x": 0.842, "y": 0.842, "curve": "stepped" },
					{ "time": 0.9666, "x": 0.842, "y": 0.842, "curve": "stepped" },
					{ "time": 4.1, "x": 0.842, "y": 0.842 },
					{ "time": 5.5333, "x": 1, "y": 1 },
					{ "time": 6, "x": 0.947, "y": 0.947 }
				]
			},
			"anime_500366_card6": {
				"rotate": [
					{
						"time": 0,
						"angle": 36.36,
						"curve": [ 0.339, 0.66, 0.673, 1 ]
					},
					{ "time": 0.0666, "angle": 36.24 },
					{ "time": 0.1, "angle": 53.39, "curve": "stepped" },
					{
						"time": 2.8666,
						"angle": 53.39,
						"curve": [ 0.359, 0.01, 0.826, 0.75 ]
					},
					{ "time": 6, "angle": 36.36 }
				],
				"translate": [
					{
						"time": 0,
						"x": -126.46,
						"y": -154.92,
						"curve": [ 0.339, 0.42, 0.673, 0.76 ]
					},
					{ "time": 0.0666, "x": -127.67, "y": -156.4 },
					{ "time": 0.1, "x": 0, "y": 0, "curve": "stepped" },
					{
						"time": 2.8666,
						"x": 0,
						"y": 0,
						"curve": [ 0.359, 0.01, 0.826, 0.75 ]
					},
					{ "time": 6, "x": -126.46, "y": -154.92 }
				],
				"scale": [
					{ "time": 0, "x": 1, "y": 1, "curve": "stepped" },
					{ "time": 0.1, "x": 1, "y": 1, "curve": "stepped" },
					{ "time": 2.8666, "x": 1, "y": 1, "curve": "stepped" },
					{ "time": 6, "x": 1, "y": 1 }
				]
			},
			"anime_500366_card7": {
				"rotate": [
					{ "time": 0, "angle": 36.9 },
					{ "time": 2.6, "angle": 13.14 },
					{ "time": 2.6333, "angle": 37.51, "curve": "stepped" },
					{ "time": 2.9666, "angle": 37.51 },
					{ "time": 5.6333, "angle": 13.14 },
					{ "time": 5.6666, "angle": 37.51, "curve": "stepped" },
					{ "time": 5.9333, "angle": 37.51 },
					{ "time": 6, "angle": 36.9 }
				],
				"translate": [
					{ "time": 0, "x": -2.65, "y": -4.04 },
					{ "time": 2.6, "x": -106.13, "y": -161.99 },
					{ "time": 2.6333, "x": 0, "y": 0, "curve": "stepped" },
					{ "time": 2.9666, "x": 0, "y": 0 },
					{ "time": 5.6333, "x": -106.13, "y": -161.99 },
					{ "time": 5.6666, "x": 0, "y": 0, "curve": "stepped" },
					{ "time": 5.9333, "x": 0, "y": 0 },
					{ "time": 6, "x": -2.65, "y": -4.04 }
				]
			}
		}
	}
}
}