{"skeleton":{"hash":"4Ch7j2gAkRu+85k2pFWmTS8wNoM","spine":"3.4.02","width":224.79,"height":228.77,"images":""},"bones":[{"name":"root"},{"name":"2","parent":"root","length":16.14,"rotation":-93.36,"x":-60.97,"y":63.43},{"name":"3","parent":"root","length":16.14,"rotation":-93.36,"x":-25.82,"y":61.6},{"name":"4","parent":"root","length":16.14,"rotation":-93.36,"x":14.7,"y":76.9},{"name":"5","parent":"root","length":16.14,"rotation":-93.36,"x":43.23,"y":89.8},{"name":"6","parent":"root","length":16.14,"rotation":-93.36,"x":68.98,"y":72.4},{"name":"21","parent":"root","length":35.03,"rotation":88.69,"x":64.33,"y":-22.73,"scaleX":0.601,"scaleY":0.601},{"name":"500383_2","parent":"root","length":16.3,"rotation":132.16,"x":79.65,"y":-70},{"name":"22","parent":"500383_2","length":35.03,"rotation":-43.46,"x":13.44,"y":-1.2,"scaleX":1.249,"scaleY":1.249},{"name":"23","parent":"root","length":35.03,"rotation":88.69,"x":81.55,"y":-18.22,"scaleX":0.601,"scaleY":0.601},{"name":"24","parent":"root","length":35.03,"rotation":88.69,"x":42.55,"y":-37.25,"scaleX":0.601,"scaleY":0.601},{"name":"25","parent":"root","length":35.03,"rotation":88.69,"x":24.19,"y":-64.15,"scaleX":0.601,"scaleY":0.601},{"name":"26","parent":"root","length":35.03,"rotation":88.69,"x":32.73,"y":-85.92,"scaleX":0.601,"scaleY":0.601},{"name":"27","parent":"root","length":35.03,"rotation":88.69,"x":32.73,"y":-53.05,"scaleX":0.601,"scaleY":0.601},{"name":"28","parent":"root","length":35.03,"rotation":88.69,"x":52.8,"y":-21.45,"scaleX":0.601,"scaleY":0.601},{"name":"29","parent":"root","length":35.03,"rotation":88.69,"x":39.99,"y":-25.29,"scaleX":0.601,"scaleY":0.601},{"name":"30","parent":"root","length":35.03,"rotation":88.69,"x":32.73,"y":-38.53,"scaleX":0.601,"scaleY":0.601},{"name":"31","parent":"root","length":35.03,"rotation":88.69,"x":24.62,"y":-50.91,"scaleX":0.601,"scaleY":0.601},{"name":"32","parent":"root","length":35.03,"rotation":88.69,"x":24.62,"y":-74.82,"scaleX":0.601,"scaleY":0.601},{"name":"33","parent":"root","length":35.03,"rotation":88.69,"x":64.33,"y":-12.91,"scaleX":0.601,"scaleY":0.601},{"name":"bone","parent":"500383_2","length":15.75,"rotation":-10.77,"x":23.25,"y":-0.14},{"name":"bone2","parent":"500383_2","length":8.09,"rotation":57.56,"x":20.52,"y":22.32},{"name":"bone3","parent":"bone2","length":6.84,"rotation":-11.63,"x":12.14,"y":-0.69},{"name":"bone4","parent":"500383_2","length":7.27,"rotation":-90.97,"x":13.29,"y":-24.03},{"name":"bone5","parent":"bone4","length":8.36,"rotation":22.94,"x":13.25,"y":2.33}],"slots":[{"name":"avator_frame_500383","bone":"root"},{"name":"2","bone":"2","attachment":"2","blend":"additive"},{"name":"3","bone":"3","attachment":"2","blend":"additive"},{"name":"4","bone":"4","attachment":"2","blend":"additive"},{"name":"5","bone":"5","attachment":"2","blend":"additive"},{"name":"6","bone":"6","attachment":"2","blend":"additive"},{"name":"21","bone":"21","attachment":"21","blend":"additive"},{"name":"33","bone":"33","attachment":"21","blend":"additive"},{"name":"24","bone":"24","attachment":"21","blend":"additive"},{"name":"25","bone":"25","attachment":"21","blend":"additive"},{"name":"26","bone":"26","attachment":"21","blend":"additive"},{"name":"27","bone":"27","attachment":"21","blend":"additive"},{"name":"28","bone":"28","attachment":"21","blend":"additive"},{"name":"29","bone":"29","attachment":"21","blend":"additive"},{"name":"30","bone":"30","attachment":"21","blend":"additive"},{"name":"31","bone":"31","attachment":"21","blend":"additive"},{"name":"32","bone":"32","attachment":"21","blend":"additive"},{"name":"23","bone":"23","attachment":"21","blend":"additive"},{"name":"22","bone":"22","attachment":"21","blend":"additive"},{"name":"500383_1","bone":"2","attachment":"500383_1"},{"name":"500383_3","bone":"3","attachment":"500383_1"},{"name":"500383_4","bone":"4","attachment":"500383_1"},{"name":"500383_5","bone":"5","attachment":"500383_1"},{"name":"500383_6","bone":"6","attachment":"500383_1"},{"name":"500383_2","bone":"500383_2","attachment":"500383_2"}],"skins":{"default":{"2":{"2":{"x":20.98,"y":2.27,"rotation":93.36,"width":50,"height":100}},"21":{"21":{"x":-0.77,"y":1.27,"scaleX":0.164,"scaleY":0.164,"rotation":-88.69,"width":100,"height":100}},"22":{"21":{"x":-0.77,"y":1.27,"scaleX":0.798,"scaleY":0.798,"rotation":-88.69,"width":100,"height":100}},"23":{"21":{"x":-0.77,"y":1.27,"scaleX":0.164,"scaleY":0.164,"rotation":-88.69,"width":100,"height":100}},"24":{"21":{"x":-0.77,"y":1.27,"scaleX":0.164,"scaleY":0.164,"rotation":-88.69,"width":100,"height":100}},"25":{"21":{"x":-0.77,"y":1.27,"scaleX":0.164,"scaleY":0.164,"rotation":-88.69,"width":100,"height":100}},"26":{"21":{"x":-0.77,"y":1.27,"scaleX":0.164,"scaleY":0.164,"rotation":-88.69,"width":100,"height":100}},"27":{"21":{"x":-0.77,"y":1.27,"scaleX":0.164,"scaleY":0.164,"rotation":-88.69,"width":100,"height":100}},"28":{"21":{"x":-0.77,"y":1.27,"scaleX":0.164,"scaleY":0.164,"rotation":-88.69,"width":100,"height":100}},"29":{"21":{"x":-0.77,"y":1.27,"scaleX":0.164,"scaleY":0.164,"rotation":-88.69,"width":100,"height":100}},"3":{"2":{"x":20.98,"y":2.27,"rotation":93.36,"width":50,"height":100}},"30":{"21":{"x":-0.77,"y":1.27,"scaleX":0.164,"scaleY":0.164,"rotation":-88.69,"width":100,"height":100}},"31":{"21":{"x":-0.77,"y":1.27,"scaleX":0.164,"scaleY":0.164,"rotation":-88.69,"width":100,"height":100}},"32":{"21":{"x":-0.77,"y":1.27,"scaleX":0.164,"scaleY":0.164,"rotation":-88.69,"width":100,"height":100}},"33":{"21":{"x":-0.77,"y":1.27,"scaleX":0.164,"scaleY":0.164,"rotation":-88.69,"width":100,"height":100}},"4":{"2":{"x":20.98,"y":2.27,"rotation":93.36,"width":50,"height":100}},"5":{"2":{"x":20.98,"y":2.27,"rotation":93.36,"width":50,"height":100}},"500383_1":{"500383_1":{"x":20.18,"y":1.95,"rotation":93.36,"width":10,"height":47}},"500383_2":{"500383_2":{"type":"mesh","uvs":[1,0.14916,1,0.24208,0.98398,0.28834,0.96239,0.3507,0.93284,0.43605,0.88209,0.4911,0.90977,0.65361,0.86595,0.81088,0.76445,0.93146,0.57531,1,0.45075,1,0.35848,0.91573,0.28928,0.92884,0.21572,0.91617,0.14853,0.90461,0.08224,0.89319,0,0.87903,0,0.7637,0.04882,0.74552,0.09275,0.72915,0.14254,0.7106,0.19702,0.69031,0.25007,0.66672,0.09615,0.61443,0.09844,0.43722,0.16319,0.34402,0.23604,0.23916,0.3874,0.11146,0.54335,0.10886,0.56169,0,0.65823,0,0.81289,0,0.78752,0.12079,0.75998,0.21667,0.72755,0.31548,0.76907,0.26305,0.80952,0.21698,0.85924,0.16033,0.90642,0.10659,0.95036,0.05654,1,0,0.25468,0.53232,0.28236,0.4065,0.37002,0.27806,0.51534,0.24399,0.65604,0.28593,0.60852,0.69522,0.43423,0.47631,0.65823,0.14678,0.19576,0.49901],"triangles":[15,19,14,19,20,14,16,18,15,15,18,19,16,17,18,11,12,22,12,21,22,21,13,20,12,13,21,13,14,20,3,36,2,36,37,2,2,37,1,0,1,38,1,37,38,38,39,0,39,40,0,5,34,4,34,35,4,4,35,3,3,35,36,22,23,41,41,23,49,23,24,49,41,49,42,24,25,49,49,25,42,25,26,42,41,42,47,22,47,46,34,46,47,34,47,45,45,47,44,47,43,44,45,48,33,45,44,48,43,27,44,44,28,48,44,27,28,33,48,32,48,28,30,48,30,32,30,28,29,32,30,31,34,45,33,42,43,47,43,26,27,47,22,41,42,26,43,11,22,46,8,9,46,11,46,9,9,10,11,8,46,7,7,46,6,46,5,6,46,34,5],"vertices":[2,24,8.10999,-2.5,1,21,-59.85,-32.81,0,2,24,2.58999,-5.17999,1,21,-58.81,-26.77,0,2,23,14.75,-2.93,0.25375,24,-0.67,-5.43,0.74624,2,23,10.82,-4.96,0.75212,24,-5.08,-5.77,0.24787,5,7,5.46,-29.35,0.01049,20,-12.01,-32.02,0,23,5.44,-7.74,0.9745,24,-11.12,-6.23,0.01499,21,-51.68,-15,0,3,7,5.32,-24.09,0.84216,23,0.18,-7.96,0.15783,21,-47.32,-12.06,0,3,7,-4.01,-18.42,0.99947,24,-24.79,-10.94,5.2E-4,21,-47.55,-1.14,0,3,7,-9.5,-9.02,0.97582,23,-14.62,-23.05,0.024,24,-35.57,-12.51,1.7E-4,3,7,-10.29,1.95,0.98854,23,-25.59,-24.03,0.01142,24,-46.05,-9.13,2.0E-5,1,7,-4.12,15.51,1,1,7,2.14,22.43,1,3,7,10.91,23.83,0.85956,20,-16.6,21.24,9.1E-4,21,-3.88,8.92,0.13951,2,7,13.75,28.25,0.05819,21,1.37,8.89,0.9418,4,7,18.07,31.78,0.00182,20,-11.04,30.39,1.5E-4,21,6.67,7.13,0.9358,22,-6.93,6.56,0.06221,3,20,-7.77,34.3,1.0E-5,21,11.51,5.53,0.56568,22,-1.87,5.97,0.43429,2,21,16.28,3.95,0.01347,22,3.12,5.38,0.98652,2,20,-0.52,42.93,0,22,9.31,4.65,0.99999,1,22,9.57,-2.94,1,1,22,5.95,-4.27,1,3,20,4.29,31.84,0.00154,21,13.67,-6.58,0.05141,22,2.69,-5.45,0.94703,3,20,3.39,28.01,0.01976,21,9.79,-7.16,0.3783,22,-0.99,-6.8,0.60193,3,20,2.4,23.82,0.10765,21,5.53,-7.78,0.76572,22,-5.03,-8.28,0.12661,4,7,28.55,18.82,0.02197,20,1.66,19.62,0.9641,21,1.35,-8.64999,0.0048,22,-8.96,-9.97,0.00909,1,20,10.62,27.67,1,1,20,20.51,21.44,1,1,20,23.23,14.09,1,1,20,26.29,5.82,1,1,20,27.58,-8.25,1,2,20,21.63,-18.33,0.99996,21,-26.54,-41.22,3.0E-5,2,20,27.05,-23.24,0.99995,21,-29.11,-48.07,4.0E-5,2,20,23.28,-29.42,0.99995,21,-36.25,-46.85,4.0E-5,2,20,17.23,-39.33,0.99994,21,-47.68,-44.89,5.0E-5,2,20,11.42,-33.55,0.99995,21,-44.46,-37.34999,4.0E-5,2,20,7.09,-28.49,0.99996,21,-41.34999,-31.46,3.0E-5,5,7,21.69,-23.27,0.0396,20,2.79,-23.02,0.84628,23,-0.9,8.38,0.07551,24,-10.67,11.08,0.03857,21,-37.84999,-25.45,1.0E-5,4,20,4.13,-27.48,0.07334,23,3.71,8.93,0.73179,24,-6.2,9.79,0.19485,21,-41.50999,-28.33,0,4,20,5.14,-31.65,0.01535,23,8,9.22999,0.43645,24,-2.14,8.39,0.54818,21,-45.01,-30.81,0,3,23,13.27,9.58,0.05784,24,2.84,6.66,0.94215,21,-49.32,-33.87,0,1,24,7.57,5.03,1,2,24,11.98,3.5,1,21,-57.21,-39.47,0,2,24,16.96999,1.78,1,21,-61.51,-42.51,0,1,20,9.05,14.7,1,1,20,15.06,8.6,1,1,20,18.87,-1.41,1,3,7,35.87,-14.65,0.00176,20,15.11,-11.89,0.99822,21,-22.96,-32.78,0,3,7,26.74,-20.61,0.01775,20,7.25,-19.45,0.98222,21,-32.9,-28.27,2.0E-5,2,7,9.10999,0.16,0.99864,21,-24.82,-2.25,0.00135,1,20,5.19,1.28,1,2,20,15.01,-24.38,0.99996,21,-34.61,-37.3,3.0E-5,1,20,13.23,17.33,1],"hull":41,"edges":[44,22,44,42,42,24,24,22,32,34,68,10,10,8,8,70,70,68,10,12,12,14,14,16,16,18,18,20,20,22,44,82,82,84,84,86,86,88,88,90,90,68,62,64,64,66,66,68,58,56,56,88,56,54,54,52,52,84,48,46,46,44,52,50,50,48,40,42,26,24,40,26,28,26,38,40,28,38,34,36,36,38,32,30,30,28,36,30,70,72,72,74,6,8,72,6,2,4,4,6,74,4,76,74,2,76,80,78,78,76,2,0,0,80,78,0,58,60,60,62],"width":75,"height":66}},"500383_3":{"500383_1":{"x":20.18,"y":1.95,"rotation":93.36,"width":10,"height":47}},"500383_4":{"500383_1":{"x":20.18,"y":1.95,"rotation":93.36,"width":10,"height":47}},"500383_5":{"500383_1":{"x":20.18,"y":1.95,"rotation":93.36,"width":10,"height":47}},"500383_6":{"500383_1":{"x":20.18,"y":1.95,"rotation":93.36,"width":10,"height":47}},"6":{"2":{"x":20.98,"y":2.27,"rotation":93.36,"width":50,"height":100}}}},"animations":{"500383_1":{"slots":{"2":{"color":[{"time":0,"color":"ffffffff","curve":[0.25,0,0.75,1]},{"time":1.6666,"color":"ffffff00","curve":[0.25,0,0.75,1]},{"time":3.3333,"color":"ffffffff"}]},"3":{"color":[{"time":0,"color":"ffffffdd","curve":[0.374,0.61,0.715,1]},{"time":0.3333,"color":"ffffffff","curve":[0.25,0,0.75,1]},{"time":2,"color":"ffffff00","curve":[0.242,0,0.679,0.71]},{"time":3.3333,"color":"ffffffdd"}]},"4":{"color":[{"time":0,"color":"ffffffa1","curve":[0.381,0.54,0.742,1]},{"time":0.6666,"color":"ffffffff","curve":[0.25,0,0.75,1]},{"time":2.3333,"color":"ffffff00","curve":[0.245,0,0.637,0.55]},{"time":3.3333,"color":"ffffffa1"}]},"5":{"color":[{"time":0,"color":"ffffff5d","curve":[0.362,0.44,0.754,1]},{"time":1,"color":"ffffffff","curve":[0.25,0,0.75,1]},{"time":2.6666,"color":"ffffff00","curve":[0.257,0,0.618,0.45]},{"time":3.3333,"color":"ffffff5d"}]},"6":{"color":[{"time":0,"color":"ffffff21","curve":[0.32,0.28,0.757,1]},{"time":1.3333,"color":"ffffffff","curve":[0.25,0,0.75,1]},{"time":3,"color":"ffffff00","curve":[0.284,0,0.625,0.38]},{"time":3.3333,"color":"ffffff21"}]},"21":{"color":[{"time":0,"color":"ffffff00"},{"time":0.0666,"color":"ffffffff"},{"time":1.4333,"color":"ffffff00","curve":"stepped"},{"time":1.6666,"color":"ffffff00"},{"time":1.7333,"color":"ffffffff"},{"time":3.1,"color":"ffffff00"}]},"22":{"color":[{"time":0,"color":"ffffff6e","curve":[0.25,0,0.75,1]},{"time":0.4333,"color":"ffffffff","curve":[0.25,0,0.75,1]},{"time":0.8333,"color":"ffffff6e","curve":[0.25,0,0.75,1]},{"time":1.2666,"color":"ffffffff","curve":[0.25,0,0.75,1]},{"time":1.6666,"color":"ffffff6e","curve":[0.25,0,0.75,1]},{"time":2.1,"color":"ffffffff","curve":[0.25,0,0.75,1]},{"time":2.5,"color":"ffffff6e","curve":[0.25,0,0.75,1]},{"time":2.9333,"color":"ffffffff","curve":[0.25,0,0.75,1]},{"time":3.3333,"color":"ffffff6e"}]},"23":{"color":[{"time":0,"color":"ffffff00"},{"time":0.0666,"color":"ffffffff"},{"time":1.3666,"color":"ffffff00","curve":"stepped"},{"time":1.6666,"color":"ffffff00"},{"time":1.7333,"color":"ffffffff"},{"time":3.0333,"color":"ffffff00"}]},"24":{"color":[{"time":0,"color":"ffffff00"},{"time":0.0666,"color":"ffffffff"},{"time":1.4333,"color":"ffffff00","curve":"stepped"},{"time":1.6666,"color":"ffffff00"},{"time":1.7333,"color":"ffffffff"},{"time":3.1,"color":"ffffff00"}]},"25":{"color":[{"time":0,"color":"ffffff00"},{"time":0.0666,"color":"ffffffff"},{"time":1,"color":"ffffff00","curve":"stepped"},{"time":1.6666,"color":"ffffff00"},{"time":1.7333,"color":"ffffffff"},{"time":2.6666,"color":"ffffff00"}]},"26":{"color":[{"time":0,"color":"ffffff00"},{"time":0.0666,"color":"ffffffff"},{"time":1.4,"color":"ffffff00","curve":"stepped"},{"time":1.6666,"color":"ffffff00"},{"time":1.7333,"color":"ffffffff"},{"time":3.0666,"color":"ffffff00"}]},"27":{"color":[{"time":0,"color":"ffffff00"},{"time":0.0666,"color":"ffffffff"},{"time":1.2333,"color":"ffffff00","curve":"stepped"},{"time":1.6666,"color":"ffffff00"},{"time":1.7333,"color":"ffffffff"},{"time":2.9,"color":"ffffff00"}]},"28":{"color":[{"time":0,"color":"ffffff00"},{"time":0.0666,"color":"ffffffff"},{"time":1.2333,"color":"ffffff00","curve":"stepped"},{"time":1.6666,"color":"ffffff00"},{"time":1.7333,"color":"ffffffff"},{"time":2.9,"color":"ffffff00"}]},"29":{"color":[{"time":0,"color":"ffffff00"},{"time":0.0666,"color":"ffffffff"},{"time":1.1666,"color":"ffffff00","curve":"stepped"},{"time":1.6666,"color":"ffffff00"},{"time":1.7333,"color":"ffffffff"},{"time":2.8333,"color":"ffffff00"}]},"30":{"color":[{"time":0,"color":"ffffff00"},{"time":0.0666,"color":"ffffffff"},{"time":1.2666,"color":"ffffff00","curve":"stepped"},{"time":1.6666,"color":"ffffff00"},{"time":1.7333,"color":"ffffffff"},{"time":2.9333,"color":"ffffff00"}]},"31":{"color":[{"time":0,"color":"ffffff00"},{"time":0.0666,"color":"ffffffff"},{"time":1.3666,"color":"ffffff00","curve":"stepped"},{"time":1.6666,"color":"ffffff00"},{"time":1.7333,"color":"ffffffff"},{"time":3.0333,"color":"ffffff00"}]},"32":{"color":[{"time":0,"color":"ffffff00"},{"time":0.0666,"color":"ffffffff"},{"time":1.2,"color":"ffffff00","curve":"stepped"},{"time":1.6666,"color":"ffffff00"},{"time":1.7333,"color":"ffffffff"},{"time":2.8666,"color":"ffffff00"}]},"33":{"color":[{"time":0,"color":"ffffff00"},{"time":0.0666,"color":"ffffffff"},{"time":1.4,"color":"ffffff00","curve":"stepped"},{"time":1.6666,"color":"ffffff00"},{"time":1.7333,"color":"ffffffff"},{"time":3.0666,"color":"ffffff00"}]}},"bones":{"2":{"rotate":[{"time":0,"angle":-7.11,"curve":[0.25,0,0.75,1]},{"time":1.6666,"angle":6.05,"curve":[0.25,0,0.75,1]},{"time":3.3333,"angle":-7.11}]},"3":{"rotate":[{"time":0,"angle":-5.4,"curve":[0.374,0.61,0.715,1]},{"time":0.3333,"angle":-7.11,"curve":[0.25,0,0.75,1]},{"time":2,"angle":6.05,"curve":[0.242,0,0.679,0.71]},{"time":3.3333,"angle":-5.4}]},"4":{"rotate":[{"time":0,"angle":-2.27,"curve":[0.381,0.54,0.742,1]},{"time":0.6666,"angle":-7.11},{"time":2.3333,"angle":6.05,"curve":[0.245,0,0.637,0.55]},{"time":3.3333,"angle":-2.27}]},"5":{"rotate":[{"time":0,"angle":1.2,"curve":[0.362,0.44,0.754,1]},{"time":1,"angle":-7.11,"curve":[0.25,0,0.75,1]},{"time":2.6666,"angle":6.05,"curve":[0.257,0,0.618,0.45]},{"time":3.3333,"angle":1.2}]},"6":{"rotate":[{"time":0,"angle":4.34,"curve":[0.32,0.28,0.757,1]},{"time":1.3333,"angle":-7.11},{"time":3,"angle":6.05,"curve":[0.284,0,0.625,0.38]},{"time":3.3333,"angle":4.34}]},"500383_2":{"rotate":[{"time":0,"angle":2.56,"curve":[0.25,0,0.75,1]},{"time":0.4333,"angle":-2.47,"curve":[0.25,0,0.75,1]},{"time":0.8333,"angle":2.56,"curve":[0.25,0,0.75,1]},{"time":1.2666,"angle":-2.47,"curve":[0.25,0,0.75,1]},{"time":1.6666,"angle":2.56,"curve":[0.25,0,0.75,1]},{"time":2.1,"angle":-2.47,"curve":[0.25,0,0.75,1]},{"time":2.5,"angle":2.56,"curve":[0.25,0,0.75,1]},{"time":2.9333,"angle":-2.47,"curve":[0.25,0,0.75,1]},{"time":3.3333,"angle":2.56}],"translate":[{"time":0,"x":0,"y":-2.15,"curve":[0.25,0,0.75,1]},{"time":0.4333,"x":0,"y":3.23,"curve":[0.25,0,0.75,1]},{"time":0.8333,"x":0,"y":-2.15,"curve":[0.25,0,0.75,1]},{"time":1.2666,"x":0,"y":3.23,"curve":[0.25,0,0.75,1]},{"time":1.6666,"x":0,"y":-2.15,"curve":[0.25,0,0.75,1]},{"time":2.1,"x":0,"y":3.23,"curve":[0.25,0,0.75,1]},{"time":2.5,"x":0,"y":-2.15,"curve":[0.25,0,0.75,1]},{"time":2.9333,"x":0,"y":3.23,"curve":[0.25,0,0.75,1]},{"time":3.3333,"x":0,"y":-2.15}],"scale":[{"time":0,"x":1,"y":1,"curve":[0.25,0,0.75,1]},{"time":0.4,"x":1.019,"y":0.968,"curve":[0.25,0,0.75,1]},{"time":0.8333,"x":1,"y":1,"curve":[0.25,0,0.75,1]},{"time":1.2333,"x":1.019,"y":0.968,"curve":[0.25,0,0.75,1]},{"time":1.6666,"x":1,"y":1,"curve":[0.25,0,0.75,1]},{"time":2.0666,"x":1.019,"y":0.968,"curve":[0.25,0,0.75,1]},{"time":2.5,"x":1,"y":1,"curve":[0.25,0,0.75,1]},{"time":2.9,"x":1.019,"y":0.968,"curve":[0.25,0,0.75,1]},{"time":3.3333,"x":1,"y":1}]},"bone":{"rotate":[{"time":0,"angle":-1.98,"curve":[0.31,0.25,0.756,1]},{"time":0.3333,"angle":2.56,"curve":[0.25,0,0.75,1]},{"time":0.7666,"angle":-2.47,"curve":[0.25,0,0.75,1]},{"time":1.1666,"angle":2.56,"curve":[0.25,0,0.75,1]},{"time":1.6,"angle":-2.47,"curve":[0.25,0,0.75,1]},{"time":2,"angle":2.56,"curve":[0.25,0,0.75,1]},{"time":2.4333,"angle":-2.47,"curve":[0.25,0,0.75,1]},{"time":2.8333,"angle":2.56,"curve":[0.25,0,0.75,1]},{"time":3.2666,"angle":-2.47,"curve":[0.29,0,0.629,0.37]},{"time":3.3333,"angle":-1.98}]},"bone4":{"rotate":[{"time":0,"angle":11.93,"curve":[0.25,0,0.75,1]},{"time":0.4,"angle":-8.85,"curve":[0.25,0,0.75,1]},{"time":0.8333,"angle":11.93,"curve":[0.25,0,0.75,1]},{"time":1.2333,"angle":-8.85,"curve":[0.25,0,0.75,1]},{"time":1.6666,"angle":11.93,"curve":[0.25,0,0.75,1]},{"time":2.0666,"angle":-8.85,"curve":[0.25,0,0.75,1]},{"time":2.5,"angle":11.93,"curve":[0.25,0,0.75,1]},{"time":2.9,"angle":-8.85,"curve":[0.25,0,0.75,1]},{"time":3.3333,"angle":11.93}]},"bone5":{"rotate":[{"time":0,"angle":-1.81,"curve":[0.381,0.55,0.74,1]},{"time":0.1666,"angle":11.93},{"time":0.5666,"angle":-27.59,"curve":[0.25,0,0.75,1]},{"time":1,"angle":11.93,"curve":[0.25,0,0.75,1]},{"time":1.4,"angle":-27.59,"curve":[0.25,0,0.75,1]},{"time":1.8333,"angle":11.93,"curve":[0.25,0,0.75,1]},{"time":2.2333,"angle":-27.59,"curve":[0.25,0,0.75,1]},{"time":2.6666,"angle":11.93,"curve":[0.25,0,0.75,1]},{"time":3.0666,"angle":-27.59,"curve":[0.244,0,0.639,0.56]},{"time":3.3333,"angle":-1.81}]},"bone2":{"rotate":[{"time":0,"angle":-12,"curve":[0.25,0,0.75,1]},{"time":0.4,"angle":21.38,"curve":[0.25,0,0.75,1]},{"time":0.8333,"angle":-12,"curve":[0.25,0,0.75,1]},{"time":1.2333,"angle":21.38,"curve":[0.25,0,0.75,1]},{"time":1.6666,"angle":-12,"curve":[0.25,0,0.75,1]},{"time":2.0666,"angle":21.38,"curve":[0.25,0,0.75,1]},{"time":2.5,"angle":-12,"curve":[0.25,0,0.75,1]},{"time":2.9,"angle":21.38,"curve":[0.25,0,0.75,1]},{"time":3.3333,"angle":-12}]},"bone3":{"rotate":[{"time":0,"angle":1.55,"curve":[0.381,0.55,0.74,1]},{"time":0.1666,"angle":-12},{"time":0.5666,"angle":26.99,"curve":[0.25,0,0.75,1]},{"time":1,"angle":-12,"curve":[0.25,0,0.75,1]},{"time":1.4,"angle":26.99,"curve":[0.25,0,0.75,1]},{"time":1.8333,"angle":-12,"curve":[0.25,0,0.75,1]},{"time":2.2333,"angle":26.99,"curve":[0.25,0,0.75,1]},{"time":2.6666,"angle":-12,"curve":[0.25,0,0.75,1]},{"time":3.0666,"angle":26.99,"curve":[0.244,0,0.639,0.56]},{"time":3.3333,"angle":1.55}]},"23":{"rotate":[{"time":0,"angle":2.79,"curve":"stepped"},{"time":1.3666,"angle":2.79,"curve":"stepped"},{"time":1.6666,"angle":2.79,"curve":"stepped"},{"time":3.0333,"angle":2.79}],"translate":[{"time":0,"x":-3.61,"y":-33.87,"curve":[0,0.68,0.75,1]},{"time":1.3666,"x":-4.88,"y":14.66},{"time":1.6666,"x":-3.61,"y":-33.87,"curve":[0.25,0,0.75,1]},{"time":3.0333,"x":-4.88,"y":14.66}],"scale":[{"time":0,"x":1,"y":1,"curve":[0,0.68,0.75,1]},{"time":1.3666,"x":0.323,"y":0.323},{"time":1.6666,"x":1,"y":1,"curve":[0.25,0,0.75,1]},{"time":3.0333,"x":0.323,"y":0.323}]},"21":{"rotate":[{"time":0,"angle":25.43,"curve":"stepped"},{"time":1.4333,"angle":25.43,"curve":"stepped"},{"time":1.6666,"angle":25.43,"curve":"stepped"},{"time":3.1,"angle":25.43}],"translate":[{"time":0,"x":7.44,"y":-37.92,"curve":[0,0.68,0.75,1]},{"time":1.4333,"x":-12.4,"y":6.39},{"time":1.6666,"x":7.44,"y":-37.92,"curve":[0.25,0,0.75,1]},{"time":3.1,"x":-12.4,"y":6.39}],"scale":[{"time":0,"x":1,"y":1,"curve":[0,0.68,0.75,1]},{"time":1.4333,"x":0.323,"y":0.323},{"time":1.6666,"x":1,"y":1,"curve":[0.25,0,0.75,1]},{"time":3.1,"x":0.323,"y":0.323}]},"28":{"rotate":[{"time":0,"angle":23,"curve":"stepped"},{"time":1.2333,"angle":23,"curve":"stepped"},{"time":1.6666,"angle":23,"curve":"stepped"},{"time":2.9,"angle":23}],"translate":[{"time":0,"x":7.43,"y":-27.81,"curve":[0,0.68,0.75,1]},{"time":1.2333,"x":-10.52,"y":17.29},{"time":1.6666,"x":7.43,"y":-27.81,"curve":[0,0.68,0.75,1]},{"time":2.9,"x":-10.52,"y":17.29}],"scale":[{"time":0,"x":1,"y":1,"curve":[0,0.68,0.75,1]},{"time":1.2333,"x":0.323,"y":0.323},{"time":1.6666,"x":1,"y":1,"curve":[0,0.68,0.75,1]},{"time":2.9,"x":0.323,"y":0.323}]},"33":{"rotate":[{"time":0,"angle":12.3,"curve":"stepped"},{"time":1.4,"angle":12.3,"curve":"stepped"},{"time":1.6666,"angle":12.3,"curve":"stepped"},{"time":3.0666,"angle":12.3}],"translate":[{"time":0,"x":5.13,"y":-35.25,"curve":[0,0.68,0.75,1]},{"time":1.4,"x":-4.13,"y":12.4},{"time":1.6666,"x":5.13,"y":-35.25,"curve":[0.25,0,0.75,1]},{"time":3.0666,"x":-4.13,"y":12.4}],"scale":[{"time":0,"x":1,"y":1,"curve":[0,0.68,0.75,1]},{"time":1.4,"x":0.323,"y":0.323},{"time":1.6666,"x":1,"y":1,"curve":[0,0.68,0.75,1]},{"time":3.0666,"x":0.323,"y":0.323}]},"24":{"rotate":[{"time":0,"angle":50.92,"curve":"stepped"},{"time":1.4333,"angle":50.92,"curve":"stepped"},{"time":1.6666,"angle":50.92,"curve":"stepped"},{"time":3.1,"angle":50.92}],"translate":[{"time":0,"x":20.82,"y":-27.32,"curve":[0,0.68,0.75,1]},{"time":1.4333,"x":-16.16,"y":4.13},{"time":1.6666,"x":20.82,"y":-27.32,"curve":[0.25,0,0.75,1]},{"time":3.1,"x":-16.16,"y":4.13}],"scale":[{"time":0,"x":1,"y":1,"curve":[0,0.68,0.75,1]},{"time":1.4333,"x":0.323,"y":0.323},{"time":1.6666,"x":1,"y":1,"curve":[0.25,0,0.75,1]},{"time":3.1,"x":0.323,"y":0.323}]},"27":{"rotate":[{"time":0,"angle":62.09,"curve":"stepped"},{"time":1.2333,"angle":62.09,"curve":"stepped"},{"time":1.6666,"angle":62.09,"curve":"stepped"},{"time":2.9,"angle":62.09}],"translate":[{"time":0,"x":24.33,"y":-4.14,"curve":[0,0.68,0.75,1]},{"time":1.2333,"x":-18.04,"y":19.55},{"time":1.6666,"x":24.33,"y":-4.14,"curve":[0.25,0,0.75,1]},{"time":2.9,"x":-18.04,"y":19.55}],"scale":[{"time":0,"x":1,"y":1,"curve":[0,0.68,0.75,1]},{"time":1.2333,"x":0.323,"y":0.323},{"time":1.6666,"x":1,"y":1,"curve":[0,0.68,0.75,1]},{"time":2.9,"x":0.323,"y":0.323}]},"29":{"rotate":[{"time":0,"angle":32.84,"curve":"stepped"},{"time":1.1666,"angle":32.84,"curve":"stepped"},{"time":1.6666,"angle":32.84,"curve":"stepped"},{"time":2.8333,"angle":32.84}],"translate":[{"time":0,"x":13.37,"y":-22.95,"curve":[0,0.68,0.75,1]},{"time":1.1666,"x":-12.03,"y":18.42},{"time":1.6666,"x":13.37,"y":-22.95,"curve":[0.25,0,0.75,1]},{"time":2.8333,"x":-12.03,"y":18.42}],"scale":[{"time":0,"x":1,"y":1,"curve":[0,0.68,0.75,1]},{"time":1.1666,"x":0.323,"y":0.323},{"time":1.6666,"x":1,"y":1,"curve":[0.25,0,0.75,1]},{"time":2.8333,"x":0.323,"y":0.323}]},"30":{"rotate":[{"time":0,"angle":43.62,"curve":"stepped"},{"time":1.2666,"angle":43.62,"curve":"stepped"},{"time":1.6666,"angle":43.62,"curve":"stepped"},{"time":2.9333,"angle":43.62}],"translate":[{"time":0,"x":15.39,"y":-15.97,"curve":[0,0.68,0.75,1]},{"time":1.2666,"x":-17.29,"y":19.92},{"time":1.6666,"x":15.39,"y":-15.97,"curve":[0.25,0,0.75,1]},{"time":2.9333,"x":-17.29,"y":19.92}],"scale":[{"time":0,"x":1,"y":1,"curve":[0,0.68,0.75,1]},{"time":1.2666,"x":0.323,"y":0.323},{"time":1.6666,"x":1,"y":1,"curve":[0.25,0,0.75,1]},{"time":2.9333,"x":0.323,"y":0.323}]},"25":{"rotate":[{"time":0,"angle":-263.3,"curve":"stepped"},{"time":1,"angle":-263.3,"curve":"stepped"},{"time":1.6666,"angle":-263.3,"curve":"stepped"},{"time":2.6666,"angle":-263.3}],"translate":[{"time":0,"x":37.06,"y":3.43,"curve":[0,0.68,0.75,1]},{"time":1,"x":-11.27,"y":-1.12},{"time":1.6666,"x":37.06,"y":3.43,"curve":[0.25,0,0.75,1]},{"time":2.6666,"x":-11.27,"y":-1.12}],"scale":[{"time":0,"x":1,"y":1,"curve":[0,0.68,0.75,1]},{"time":1,"x":0.323,"y":0.323},{"time":1.6666,"x":1,"y":1,"curve":[0.25,0,0.75,1]},{"time":2.6666,"x":0.323,"y":0.323}]},"31":{"rotate":[{"time":0,"angle":82.57,"curve":"stepped"},{"time":1.3666,"angle":82.57,"curve":"stepped"},{"time":1.6666,"angle":82.57,"curve":"stepped"},{"time":3.0333,"angle":82.57}],"translate":[{"time":0,"x":29.57,"y":-0.59,"curve":[0,0.68,0.75,1]},{"time":1.3666,"x":-18.42,"y":6.76},{"time":1.6666,"x":29.57,"y":-0.59,"curve":[0.25,0,0.75,1]},{"time":3.0333,"x":-18.42,"y":6.76}],"scale":[{"time":0,"x":1,"y":1,"curve":[0,0.68,0.75,1]},{"time":1.3666,"x":0.323,"y":0.323},{"time":1.6666,"x":1,"y":1,"curve":[0.25,0,0.75,1]},{"time":3.0333,"x":0.323,"y":0.323}]},"32":{"rotate":[{"time":0,"angle":-252.78,"curve":"stepped"},{"time":1.2,"angle":-252.78,"curve":"stepped"},{"time":1.6666,"angle":-252.78,"curve":"stepped"},{"time":2.8666,"angle":-252.78}],"translate":[{"time":0,"x":27.51,"y":6.92,"curve":[0,0.68,0.75,1]},{"time":1.2,"x":-19.17,"y":-6.39},{"time":1.6666,"x":27.51,"y":6.92,"curve":[0.25,0,0.75,1]},{"time":2.8666,"x":-19.17,"y":-6.39}],"scale":[{"time":0,"x":1,"y":1,"curve":[0,0.68,0.75,1]},{"time":1.2,"x":0.323,"y":0.323},{"time":1.6666,"x":1,"y":1,"curve":[0,0.68,0.75,1]},{"time":2.8666,"x":0.323,"y":0.323}]},"26":{"rotate":[{"time":0,"angle":-246.9,"curve":"stepped"},{"time":1.4,"angle":-246.9,"curve":"stepped"},{"time":1.6666,"angle":-246.9,"curve":"stepped"},{"time":3.0666,"angle":-246.9}],"translate":[{"time":0,"x":30.42,"y":15.77,"curve":[0,0.68,0.75,1]},{"time":1.4,"x":-14.66,"y":-2.25},{"time":1.6666,"x":30.42,"y":15.77,"curve":[0,0.68,0.75,1]},{"time":3.0666,"x":-14.66,"y":-2.25}],"scale":[{"time":0,"x":1,"y":1,"curve":[0,0.68,0.75,1]},{"time":1.4,"x":0.323,"y":0.323},{"time":1.6666,"x":1,"y":1,"curve":[0.25,0,0.75,1]},{"time":3.0666,"x":0.323,"y":0.323}]}}}}}