{"skeleton":{"hash":"VH1oqaGLwes/zXDpJ+rIuZDk11I","spine":"3.4.02","width":210,"height":236.39,"images":"./images/"},"bones":[{"name":"root"},{"name":"500645_1","parent":"root","x":43.89,"y":-67.27},{"name":"500645_2","parent":"root","x":-72.17,"y":-5.07},{"name":"500645_3","parent":"root","x":67.98,"y":90.84},{"name":"500645_4","parent":"root","x":-69.54,"y":-71.65},{"name":"500645_5","parent":"root","x":-91.88,"y":-42.3},{"name":"500645_6","parent":"root","x":60.1,"y":-47.56},{"name":"500645_7","parent":"root","x":28.12,"y":-62.89},{"name":"500645_8","parent":"root","x":64.48,"y":-66.39},{"name":"500645_9","parent":"root","x":86.38,"y":34.34},{"name":"500645_10","parent":"root","x":49.58,"y":-52.37},{"name":"500645_11","parent":"root","x":-49.83,"y":-51.5},{"name":"500645_12","parent":"root","x":65.79,"y":-29.6},{"name":"500645_13","parent":"root","x":72.8,"y":-2.44},{"name":"500645_14","parent":"root","x":-63.41,"y":-28.72}],"slots":[{"name":"avator_frame_500645","bone":"root","attachment":"avator_frame_500645"},{"name":"500645_1","bone":"500645_1","attachment":"500645_1"},{"name":"500645_6","bone":"500645_6","attachment":"500645_1"},{"name":"500645_7","bone":"500645_7","attachment":"500645_1"},{"name":"500645_8","bone":"500645_8","attachment":"500645_1"},{"name":"500645_9","bone":"500645_9","attachment":"500645_1"},{"name":"500645_3","bone":"500645_3","attachment":"500645_1"},{"name":"500645_4","bone":"500645_4","attachment":"500645_1"},{"name":"500645_5","bone":"500645_5","attachment":"500645_1"},{"name":"500645_2","bone":"500645_2","attachment":"500645_2"},{"name":"500645_10","bone":"500645_10","attachment":"500645_2"},{"name":"500645_12","bone":"500645_12","attachment":"500645_2"},{"name":"500645_13","bone":"500645_13","attachment":"500645_2"},{"name":"500645_14","bone":"500645_14","attachment":"500645_2"},{"name":"500645_11","bone":"500645_11","attachment":"500645_2"}],"skins":{"default":{"500645_1":{"500645_1":{"x":0.68,"y":0.56,"scaleX":0.148,"scaleY":0.148,"width":38,"height":84}},"500645_10":{"500645_2":{"x":-0.9,"y":-0.12,"width":42,"height":38}},"500645_11":{"500645_2":{"x":0.51,"y":-0.3,"width":42,"height":38}},"500645_12":{"500645_2":{"x":-1.01,"y":0.89,"width":42,"height":38}},"500645_13":{"500645_2":{"x":0.37,"y":0.33,"width":42,"height":38}},"500645_14":{"500645_2":{"x":0.09,"y":-0.68,"width":42,"height":38}},"500645_2":{"500645_2":{"x":-0.24,"y":0.86,"width":42,"height":38}},"500645_3":{"500645_1":{"x":1.09,"y":-1.45,"width":38,"height":84}},"500645_4":{"500645_1":{"x":0.72,"y":0.04,"scaleX":0.791,"scaleY":0.791,"width":38,"height":84}},"500645_5":{"500645_1":{"x":0.66,"y":-0.6,"scaleX":0.658,"scaleY":0.658,"width":38,"height":84}},"500645_6":{"500645_1":{"x":-0.82,"y":-0.24,"scaleX":0.142,"scaleY":0.142,"width":38,"height":84}},"500645_7":{"500645_1":{"x":0.35,"y":0.38,"scaleX":0.136,"scaleY":0.136,"width":38,"height":84}},"500645_8":{"500645_1":{"x":0.39,"y":0.38,"scaleX":0.11,"scaleY":0.11,"width":38,"height":84}},"500645_9":{"500645_1":{"x":0.19,"y":-0.25,"scaleX":0.865,"scaleY":0.865,"width":38,"height":84}},"avator_frame_500645":{"avator_frame_500645":{"width":210,"height":210}}}},"animations":{"500645_1":{"slots":{"500645_1":{"color":[{"time":0,"color":"ffffff7f"},{"time":0.3333,"color":"ffffff00"},{"time":1,"color":"ffffffff","curve":"stepped"},{"time":2.3333,"color":"ffffffff"},{"time":2.6666,"color":"ffffff7f"}]},"500645_2":{"color":[{"time":0,"color":"ffffff7f"},{"time":0.3333,"color":"ffffff00"},{"time":1,"color":"ffffffff","curve":"stepped"},{"time":2.3333,"color":"ffffffff"},{"time":2.6666,"color":"ffffff7f"}]},"500645_6":{"color":[{"time":0,"color":"ffffffff"},{"time":0.6666,"color":"ffffff00"},{"time":1.3333,"color":"ffffffff","curve":"stepped"},{"time":2.6666,"color":"ffffffff"}]},"500645_7":{"color":[{"time":0,"color":"ffffffff","curve":"stepped"},{"time":0.3333,"color":"ffffffff"},{"time":1,"color":"ffffff00"},{"time":1.6666,"color":"ffffffff","curve":"stepped"},{"time":2.6666,"color":"ffffffff"}]},"500645_8":{"color":[{"time":0,"color":"ffffffff","curve":"stepped"},{"time":0.6666,"color":"ffffffff"},{"time":1.3333,"color":"ffffff00"},{"time":2,"color":"ffffffff","curve":"stepped"},{"time":2.6666,"color":"ffffffff"}]},"500645_10":{"color":[{"time":0,"color":"ffffffff","curve":"stepped"},{"time":0.3333,"color":"ffffffff"},{"time":1,"color":"ffffff00"},{"time":1.6666,"color":"ffffffff","curve":"stepped"},{"time":2.6666,"color":"ffffffff"}]},"500645_11":{"color":[{"time":0,"color":"ffffffff","curve":"stepped"},{"time":0.3333,"color":"ffffffff"},{"time":1,"color":"ffffff00"},{"time":1.6666,"color":"ffffffff","curve":"stepped"},{"time":2.6666,"color":"ffffffff"}]},"500645_12":{"color":[{"time":0,"color":"ffffffff","curve":"stepped"},{"time":1.3333,"color":"ffffffff"},{"time":2,"color":"ffffff00"},{"time":2.6666,"color":"ffffffff"}]},"500645_13":{"color":[{"time":0,"color":"ffffff7f"},{"time":0.3333,"color":"ffffff00"},{"time":1,"color":"ffffffff","curve":"stepped"},{"time":2.3333,"color":"ffffffff"},{"time":2.6666,"color":"ffffff7f"}]},"500645_14":{"color":[{"time":0,"color":"ffffffff","curve":"stepped"},{"time":1.3333,"color":"ffffffff"},{"time":2,"color":"ffffff00"},{"time":2.6666,"color":"ffffffff"}]}},"bones":{"root":{"rotate":[{"time":0,"angle":0,"curve":"stepped"},{"time":1.3333,"angle":0,"curve":"stepped"},{"time":2.6666,"angle":0}],"translate":[{"time":0,"x":0,"y":0,"curve":"stepped"},{"time":1.3333,"x":0,"y":0,"curve":"stepped"},{"time":2.6666,"x":0,"y":0}],"scale":[{"time":0,"x":1,"y":1,"curve":"stepped"},{"time":1.3333,"x":1,"y":1,"curve":"stepped"},{"time":2.6666,"x":1,"y":1}]},"500645_5":{"rotate":[{"time":0,"angle":0,"curve":"stepped"},{"time":1.3333,"angle":0,"curve":"stepped"},{"time":2.6666,"angle":0}],"translate":[{"time":0,"x":0,"y":-1.3,"curve":[0.379,0.6,0.724,1]},{"time":0.1666,"x":0,"y":0},{"time":0.8333,"x":0,"y":-7.05,"curve":[0.242,0,0.666,0.66]},{"time":1.3333,"x":0,"y":-1.3,"curve":[0.379,0.6,0.724,1]},{"time":1.5,"x":0,"y":0},{"time":2.1666,"x":0,"y":-7.05,"curve":[0.242,0,0.666,0.66]},{"time":2.6666,"x":0,"y":-1.3}],"scale":[{"time":0,"x":0.855,"y":0.855,"curve":[0.375,0.5,0.75,1]},{"time":0.3333,"x":1,"y":1},{"time":1,"x":0.71,"y":0.71,"curve":[0.25,0,0.625,0.5]},{"time":1.3333,"x":0.855,"y":0.855,"curve":[0.375,0.5,0.75,1]},{"time":1.6666,"x":1,"y":1},{"time":2.3333,"x":0.71,"y":0.71,"curve":[0.25,0,0.625,0.5]},{"time":2.6666,"x":0.855,"y":0.855}]},"500645_4":{"rotate":[{"time":0,"angle":0,"curve":"stepped"},{"time":1.3333,"angle":0,"curve":"stepped"},{"time":2.6666,"angle":0}],"translate":[{"time":0,"x":0,"y":-5.75,"curve":[0.333,0.33,0.757,1]},{"time":0.5,"x":0,"y":0},{"time":1.1666,"x":0,"y":-7.05,"curve":[0.275,0,0.62,0.4]},{"time":1.3333,"x":0,"y":-5.75,"curve":[0.333,0.33,0.757,1]},{"time":1.8333,"x":0,"y":0},{"time":2.5,"x":0,"y":-7.05,"curve":[0.275,0,0.62,0.4]},{"time":2.6666,"x":0,"y":-5.75}],"scale":[{"time":0,"x":1,"y":1,"curve":[0.25,0,0.75,1]},{"time":0.6666,"x":0.71,"y":0.71,"curve":[0.25,0,0.75,1]},{"time":1.3333,"x":1,"y":1,"curve":[0.25,0,0.75,1]},{"time":2,"x":0.71,"y":0.71,"curve":[0.25,0,0.75,1]},{"time":2.6666,"x":1,"y":1}]},"500645_3":{"rotate":[{"time":0,"angle":0,"curve":"stepped"},{"time":1.3333,"angle":0,"curve":"stepped"},{"time":2.6666,"angle":0}],"translate":[{"time":0,"x":0,"y":-1.3,"curve":[0.333,0.33,0.757,1]},{"time":0.5,"x":0,"y":-7.05,"curve":[0.25,0,0.75,1]},{"time":1.1666,"x":0,"y":0},{"time":1.3333,"x":0,"y":-1.3,"curve":[0.333,0.33,0.757,1]},{"time":1.8333,"x":0,"y":-7.05,"curve":[0.25,0,0.75,1]},{"time":2.5,"x":0,"y":0},{"time":2.6666,"x":0,"y":-1.3}],"scale":[{"time":0,"x":1,"y":1,"curve":[0.25,0,0.75,1]},{"time":0.6666,"x":0.71,"y":0.71,"curve":[0.25,0,0.75,1]},{"time":1.3333,"x":1,"y":1,"curve":[0.25,0,0.75,1]},{"time":2,"x":0.71,"y":0.71,"curve":[0.25,0,0.75,1]},{"time":2.6666,"x":1,"y":1}]},"500645_9":{"rotate":[{"time":0,"angle":0,"curve":"stepped"},{"time":1.3333,"angle":0,"curve":"stepped"},{"time":2.6666,"angle":0}],"translate":[{"time":0,"x":0,"y":-5.75,"curve":[0.379,0.6,0.724,1]},{"time":0.1666,"x":0,"y":-7.05,"curve":[0.25,0,0.75,1]},{"time":0.8333,"x":0,"y":0},{"time":1.3333,"x":0,"y":-5.75,"curve":[0.379,0.6,0.724,1]},{"time":1.5,"x":0,"y":-7.05,"curve":[0.25,0,0.75,1]},{"time":2.1666,"x":0,"y":0},{"time":2.6666,"x":0,"y":-5.75}],"scale":[{"time":0,"x":0.855,"y":0.855,"curve":[0.375,0.5,0.75,1]},{"time":0.3333,"x":0.71,"y":0.71,"curve":[0.25,0,0.75,1]},{"time":1,"x":1,"y":1},{"time":1.3333,"x":0.855,"y":0.855,"curve":[0.375,0.5,0.75,1]},{"time":1.6666,"x":0.71,"y":0.71,"curve":[0.25,0,0.75,1]},{"time":2.3333,"x":1,"y":1},{"time":2.6666,"x":0.855,"y":0.855}]},"500645_7":{"rotate":[{"time":0,"angle":0,"curve":"stepped"},{"time":0.9666,"angle":0,"curve":"stepped"},{"time":1,"angle":0,"curve":"stepped"},{"time":2.6666,"angle":0}],"translate":[{"time":0,"x":-8.57,"y":31.03},{"time":0.9666,"x":-6.88,"y":59.69},{"time":1,"x":-11.48,"y":-18.36},{"time":2.6666,"x":-8.57,"y":31.03}],"scale":[{"time":0,"x":1,"y":1,"curve":"stepped"},{"time":0.9666,"x":1,"y":1,"curve":"stepped"},{"time":1,"x":1,"y":1,"curve":"stepped"},{"time":2.6666,"x":1,"y":1}]},"500645_1":{"rotate":[{"time":0,"angle":0,"curve":"stepped"},{"time":0.3,"angle":0,"curve":"stepped"},{"time":0.3333,"angle":0,"curve":"stepped"},{"time":2.6666,"angle":0}],"translate":[{"time":0,"x":-6.83,"y":53.67},{"time":0.3,"x":-6.31,"y":62.56},{"time":0.3333,"x":-10.9,"y":-15.49},{"time":2.6666,"x":-6.83,"y":53.67}],"scale":[{"time":0,"x":1,"y":1,"curve":"stepped"},{"time":0.3,"x":1,"y":1,"curve":"stepped"},{"time":0.3333,"x":1,"y":1,"curve":"stepped"},{"time":2.6666,"x":1,"y":1}]},"500645_8":{"rotate":[{"time":0,"angle":0,"curve":"stepped"},{"time":1.3,"angle":0,"curve":"stepped"},{"time":1.3333,"angle":0,"curve":"stepped"},{"time":2.6666,"angle":0}],"translate":[{"time":0,"x":-3.41,"y":21.73},{"time":1.3,"x":-1.14,"y":60.26},{"time":1.3333,"x":-5.73,"y":-17.79},{"time":2.6666,"x":-3.41,"y":21.73}],"scale":[{"time":0,"x":1,"y":1,"curve":"stepped"},{"time":1.3,"x":1,"y":1,"curve":"stepped"},{"time":1.3333,"x":1,"y":1,"curve":"stepped"},{"time":2.6666,"x":1,"y":1}]},"500645_6":{"rotate":[{"time":0,"angle":0,"curve":"stepped"},{"time":0.6333,"angle":0,"curve":"stepped"},{"time":0.6666,"angle":0,"curve":"stepped"},{"time":2.6666,"angle":0}],"translate":[{"time":0,"x":-12.58,"y":23.7},{"time":0.6333,"x":-11.47,"y":42.47},{"time":0.6666,"x":-16.07,"y":-35.58},{"time":2.6666,"x":-12.58,"y":23.7}],"scale":[{"time":0,"x":1,"y":1,"curve":"stepped"},{"time":0.6333,"x":1,"y":1,"curve":"stepped"},{"time":0.6666,"x":1,"y":1,"curve":"stepped"},{"time":2.6666,"x":1,"y":1}]},"500645_2":{"rotate":[{"time":0,"angle":0,"curve":"stepped"},{"time":0.3,"angle":0,"curve":"stepped"},{"time":0.3333,"angle":0,"curve":"stepped"},{"time":2.6666,"angle":0}],"translate":[{"time":0,"x":3.92,"y":-8.54},{"time":0.3,"x":0,"y":0},{"time":0.3333,"x":34.43,"y":-75.02},{"time":2.6666,"x":3.92,"y":-8.54}],"scale":[{"time":0,"x":1.288,"y":1.288},{"time":0.3,"x":1.325,"y":1.325},{"time":0.3333,"x":1,"y":1},{"time":2.6666,"x":1.288,"y":1.288}]},"500645_14":{"rotate":[{"time":0,"angle":0,"curve":"stepped"},{"time":1.9666,"angle":0,"curve":"stepped"},{"time":2,"angle":0,"curve":"stepped"},{"time":2.6666,"angle":0}],"translate":[{"time":0,"x":16.56,"y":-30.12},{"time":1.9666,"x":-8.95,"y":24.31},{"time":2,"x":25.21,"y":-48.58},{"time":2.6666,"x":16.56,"y":-30.12}],"scale":[{"time":0,"x":1.082,"y":1.082},{"time":1.9666,"x":1.325,"y":1.325},{"time":2,"x":1,"y":1},{"time":2.6666,"x":1.082,"y":1.082}]},"500645_11":{"rotate":[{"time":0,"angle":0,"curve":"stepped"},{"time":0.9666,"angle":0,"curve":"stepped"},{"time":1,"angle":0,"curve":"stepped"},{"time":2.6666,"angle":0}],"translate":[{"time":0,"x":-10.4,"y":19.9},{"time":0.9666,"x":-23.29,"y":46.84},{"time":1,"x":11.81,"y":-26.55},{"time":2.6666,"x":-10.4,"y":19.9}],"scale":[{"time":0,"x":1.205,"y":1.205},{"time":0.9666,"x":1.325,"y":1.325},{"time":1,"x":1,"y":1},{"time":2.6666,"x":1.205,"y":1.205}]},"500645_10":{"rotate":[{"time":0,"angle":0,"curve":"stepped"},{"time":0.9666,"angle":0,"curve":"stepped"},{"time":1,"angle":0,"curve":"stepped"},{"time":2.6666,"angle":0}],"translate":[{"time":0,"x":12.23,"y":21.75},{"time":0.9666,"x":24.31,"y":50.43},{"time":1,"x":-8.61,"y":-27.67},{"time":2.6666,"x":12.23,"y":21.75}],"scale":[{"time":0,"x":1.205,"y":1.205},{"time":0.9666,"x":1.325,"y":1.325},{"time":1,"x":1,"y":1},{"time":2.6666,"x":1.205,"y":1.205}]},"500645_12":{"rotate":[{"time":0,"angle":0,"curve":"stepped"},{"time":1.9666,"angle":0,"curve":"stepped"},{"time":2,"angle":0,"curve":"stepped"},{"time":2.6666,"angle":0}],"translate":[{"time":0,"x":-16.75,"y":-31.97},{"time":1.9666,"x":8.19,"y":26.11},{"time":2,"x":-25.21,"y":-51.66},{"time":2.6666,"x":-16.75,"y":-31.97}],"scale":[{"time":0,"x":1.082,"y":1.082},{"time":1.9666,"x":1.325,"y":1.325},{"time":2,"x":1,"y":1},{"time":2.6666,"x":1.082,"y":1.082}]},"500645_13":{"rotate":[{"time":0,"angle":0,"curve":"stepped"},{"time":0.3,"angle":0,"curve":"stepped"},{"time":0.3333,"angle":0,"curve":"stepped"},{"time":2.6666,"angle":0}],"translate":[{"time":0,"x":-3.78,"y":-8.89},{"time":0.3,"x":0,"y":0},{"time":0.3333,"x":-33.21,"y":-78.1},{"time":2.6666,"x":-3.78,"y":-8.89}],"scale":[{"time":0,"x":1.288,"y":1.288},{"time":0.3,"x":1.325,"y":1.325},{"time":0.3333,"x":1,"y":1},{"time":2.6666,"x":1.288,"y":1.288}]}}}}}