{"skeleton":{"hash":"B/1oGSeOipTV2PtACrgeCYGSCDU","spine":"3.4.02","width":305.19,"height":265,"images":"./皮肤图鉴/"},"bones":[{"name":"root"},{"name":"500412/avator_frame_500412","parent":"root","length":27.55,"rotation":89.99,"x":49.47,"y":-67.43},{"name":"500412/avator_frame_500413","parent":"root","length":27.55,"rotation":89.99,"x":49.47,"y":-67.43},{"name":"500412/paob","parent":"root","x":-81.88,"y":129.26},{"name":"500412/paob2","parent":"root","x":63.01,"y":129.26},{"name":"500412/paob3","parent":"root","x":167.31,"y":129.26}],"slots":[{"name":"500412/avator_frame_500413","bone":"500412/avator_frame_500413","attachment":"500412/avator_frame_500412"},{"name":"500412/paob","bone":"500412/paob","attachment":"500412/paob"},{"name":"500412/paob2","bone":"500412/paob2","attachment":"500412/paob"},{"name":"500412/paob3","bone":"500412/paob3","attachment":"500412/paob"},{"name":"500412/avator_frame_500412","bone":"500412/avator_frame_500412","attachment":"500412/avator_frame_500412"}],"skins":{"default":{"500412/avator_frame_500412":{"500412/avator_frame_500412":{"type":"mesh","uvs":[0.47853,0.83674,0.54472,0.80894,0.64003,0.83542,0.79314,0.81415,0.82163,0.80079,0.86794,0.77408,0.92582,0.76606,0.9739,0.77675,1,0.79367,0.97615,0.87351,0.89554,0.95612,0.7562,1,0.61289,1,0.48251,0.95015,0.43339,0.90854,0.44146,0.86719],"triangles":[9,7,8,13,0,1,15,0,13,14,15,13,5,9,4,6,9,5,9,6,7,10,4,9,2,13,1,12,13,2,11,2,3,12,2,11,3,4,10,11,3,10],"vertices":[-3.28,53.98,2.55,40.08,-3,20.06,1.46,-12.08,4.26,-18.06,9.87,-27.79,11.56,-39.93999,9.31,-50.04,5.76,-55.52,-11,-50.51,-28.35,-33.58,-37.56,-4.32,-37.56,25.76,-27.09,53.14,-18.35,63.46,-9.67,61.76],"hull":16,"edges":[30,0,0,2,2,4,4,6,6,8,8,10,10,12,12,14,14,16,30,28,28,26,26,24,22,24,22,20,20,18,18,16],"width":210,"height":210}},"500412/avator_frame_500413":{"500412/avator_frame_500412":{"x":67.43,"y":49.47,"rotation":-89.99,"width":210,"height":210}},"500412/paob":{"500412/paob":{"x":0.38,"y":2.73,"width":56,"height":56}},"500412/paob2":{"500412/paob":{"x":0.38,"y":2.73,"width":56,"height":56}},"500412/paob3":{"500412/paob":{"x":0.38,"y":2.73,"width":56,"height":56}}}},"animations":{"500412_1":{"slots":{"500412/paob":{"color":[{"time":0,"color":"ffffff00","curve":[0.25,0,0.815,0.59]},{"time":0.4333,"color":"ffffffff","curve":"stepped"},{"time":5.9666,"color":"ffffffff"},{"time":6.1333,"color":"ffffff00"}]},"500412/paob2":{"color":[{"time":0,"color":"ffffff00","curve":"stepped"},{"time":1.2,"color":"ffffff00"},{"time":1.6333,"color":"ffffffff","curve":"stepped"},{"time":5.6,"color":"ffffffff"},{"time":5.7,"color":"ffffff00"}]},"500412/paob3":{"color":[{"time":0,"color":"ffffff00","curve":"stepped"},{"time":2.3,"color":"ffffff00"},{"time":2.7333,"color":"ffffffff","curve":"stepped"},{"time":6.9666,"color":"ffffffff"},{"time":7.1666,"color":"ffffff00"}]}},"bones":{"500412/paob":{"rotate":[{"time":0,"angle":0,"curve":[0.25,0,0.815,0.59]},{"time":0.4333,"angle":9.82,"curve":[0.195,0.33,0.75,1]},{"time":0.8333,"angle":14.28,"curve":[0.16,0.39,0.611,0.82]},{"time":3,"angle":28.58,"curve":[0.338,0.37,0.672,0.71]},{"time":3.3666,"angle":29.07,"curve":[0.145,0.59,0.697,1]},{"time":4.4666,"angle":29.72,"curve":"stepped"},{"time":5.9666,"angle":29.72}],"translate":[{"time":0,"x":129.89,"y":-207.38,"curve":[0.25,0,0.815,0.59]},{"time":0.4333,"x":128.03,"y":-196.45,"curve":[0.195,0.33,0.75,1]},{"time":0.8333,"x":125.63,"y":-185.2,"curve":[0.16,0.39,0.611,0.82]},{"time":3,"x":49.54,"y":-78.61,"curve":[0.338,0.37,0.672,0.71]},{"time":3.3666,"x":49.96,"y":-73.82,"curve":[0.194,0.37,0.555,0.71]},{"time":4.4666,"x":59.61,"y":-64.24,"curve":[0.292,0.45,0.659,0.79]},{"time":5.9666,"x":55.47,"y":-69.02}],"scale":[{"time":0,"x":0.793,"y":0.793,"curve":[0.25,0,0.815,0.59]},{"time":0.4333,"x":0.697,"y":0.793,"curve":[0.195,0.33,0.75,1]},{"time":0.8333,"x":0.846,"y":0.846,"curve":[0.16,0.39,0.611,0.82]},{"time":3,"x":0.714,"y":0.714,"curve":[0.338,0.37,0.672,0.71]},{"time":3.3666,"x":0.709,"y":0.709,"curve":[0.145,0.59,0.697,1]},{"time":4.4666,"x":0.703,"y":0.703,"curve":"stepped"},{"time":5.9666,"x":0.703,"y":0.703},{"time":6.1333,"x":0.948,"y":0.948}]},"500412/paob2":{"rotate":[{"time":0,"angle":0,"curve":"stepped"},{"time":1.2,"angle":0,"curve":[0.25,0,0.838,0.54]},{"time":1.6333,"angle":12.39,"curve":[0.165,0.46,0.75,1]},{"time":2.0333,"angle":22.47,"curve":[0.179,0.42,0.587,0.77]},{"time":3.3666,"angle":36.47,"curve":[0.347,0.46,0.696,0.8]},{"time":5.6,"angle":39.53}],"translate":[{"time":0,"x":-13.63,"y":-218.66,"curve":"stepped"},{"time":1.2,"x":-13.63,"y":-218.66,"curve":[0.25,0,0.838,0.54]},{"time":1.6333,"x":-19.05,"y":-195.69,"curve":[0.165,0.46,0.75,1]},{"time":2.0333,"x":-20.7,"y":-179.77,"curve":[0.179,0.42,0.587,0.77]},{"time":3.3666,"x":-102,"y":-111.89,"curve":[0.347,0.46,0.696,0.8]},{"time":5.6,"x":-120.95,"y":-103.38}],"scale":[{"time":0,"x":1,"y":1},{"time":1.2,"x":0.963,"y":0.963,"curve":[0.25,0,0.838,0.54]},{"time":1.6333,"x":0.813,"y":0.983,"curve":[0.165,0.46,0.75,1]},{"time":2.0333,"x":1,"y":1,"curve":[0.179,0.42,0.587,0.77]},{"time":3.3666,"x":0.745,"y":0.745,"curve":[0.347,0.46,0.696,0.8]},{"time":5.6,"x":0.69,"y":0.69,"curve":[0.381,0.65,0.724,1]},{"time":5.7,"x":0.937,"y":0.937}]},"500412/paob3":{"rotate":[{"time":0,"angle":0,"curve":"stepped"},{"time":2.3,"angle":0,"curve":[0.288,0,0.8,0.56]},{"time":2.7333,"angle":14.14,"curve":[0.141,0.41,0.75,1]},{"time":3.2,"angle":22.82,"curve":[0.191,0.48,0.651,0.85]},{"time":5.6,"angle":35.04,"curve":[0.384,0.65,0.73,1]},{"time":7.1666,"angle":36.02}],"translate":[{"time":0,"x":-120.06,"y":-216.11,"curve":"stepped"},{"time":2.3,"x":-120.06,"y":-216.11,"curve":[0.288,0,0.8,0.56]},{"time":2.7333,"x":-121.02,"y":-201.01,"curve":[0.141,0.41,0.75,1]},{"time":3.2,"x":-122.05,"y":-184.74,"curve":[0.191,0.48,0.651,0.85]},{"time":5.6,"x":-187.69,"y":-114.67,"curve":[0.384,0.65,0.73,1]},{"time":7.1666,"x":-188.61,"y":-102.96}],"scale":[{"time":0,"x":0.87,"y":0.87,"curve":"stepped"},{"time":2.3,"x":0.87,"y":0.87,"curve":[0.288,0,0.8,0.56]},{"time":2.7333,"x":0.671,"y":0.87,"curve":[0.141,0.41,0.75,1]},{"time":3.2,"x":0.87,"y":0.87,"curve":[0.191,0.48,0.651,0.85]},{"time":5.6,"x":0.714,"y":0.714,"curve":[0.384,0.65,0.73,1]},{"time":6.9666,"x":0.702,"y":0.702},{"time":7.1666,"x":1.028,"y":1.028}]}}}}}