{"skeleton":{"hash":"AkpjoHj2RTO+MIyzt55aTic/l+A","spine":"3.4.02","width":207.85,"height":210.71,"images":"./images/"},"bones":[{"name":"root"},{"name":"zong","parent":"root"},{"name":"dian","parent":"zong","x":46.22,"y":35.13,"scaleX":0.8,"scaleY":0.8},{"name":"dian2","parent":"zong","x":-91.53,"y":93.09},{"name":"dian3","parent":"zong","x":-58.46,"y":-8.99,"scaleX":0.7,"scaleY":0.7},{"name":"dian4","parent":"zong","x":-87.54,"y":-49.24,"scaleX":0.8,"scaleY":0.8},{"name":"dian5","parent":"zong","x":58.98,"y":-38.11,"scaleX":0.5,"scaleY":0.5},{"name":"fazhang","parent":"zong","length":178.68,"rotation":-99.43,"x":85.27,"y":106.05},{"name":"shui1","parent":"zong","length":45.03,"rotation":148.86,"x":2.6,"y":-91.42},{"name":"shui2","parent":"zong","length":32.02,"rotation":49.99,"x":67.02,"y":-51.79},{"name":"shui3","parent":"zong","length":32.51,"rotation":27.25,"x":58.78,"y":-75.14},{"name":"shui4","parent":"zong","length":11.94,"rotation":155.22,"x":51.98,"y":-29.39}],"slots":[{"name":"500552","bone":"root"},{"name":"fazhang","bone":"fazhang","attachment":"fazhang"},{"name":"dian","bone":"dian","attachment":"dian","blend":"additive"},{"name":"dian5","bone":"dian5","attachment":"dian","blend":"additive"},{"name":"dian2","bone":"dian2","attachment":"dian","blend":"additive"},{"name":"dian3","bone":"dian3","attachment":"dian","blend":"additive"},{"name":"dian4","bone":"dian4","attachment":"dian","blend":"additive"},{"name":"shui1","bone":"shui1","attachment":"shui1"},{"name":"shui2","bone":"shui2","attachment":"shui2"},{"name":"shui3","bone":"shui3","attachment":"shui3"},{"name":"shui4","bone":"shui4","attachment":"shui4"}],"skins":{"default":{"dian":{"dian":{"width":18,"height":17}},"dian2":{"dian":{"width":18,"height":17}},"dian3":{"dian":{"width":18,"height":17}},"dian4":{"dian":{"width":18,"height":17}},"dian5":{"dian":{"width":18,"height":17}},"fazhang":{"fazhang":{"x":95.2,"y":-3.62,"rotation":96.7,"width":36,"height":194}},"shui1":{"shui1":{"x":30.53,"y":-6.49,"rotation":-144.87,"width":64,"height":56}},"shui2":{"shui2":{"x":27.65,"y":0.81,"rotation":-49.99,"width":36,"height":47}},"shui3":{"shui3":{"x":27.81,"y":3.62,"rotation":-27.25,"width":47,"height":34}},"shui4":{"shui4":{"x":7.47,"y":0.28,"rotation":-155.22,"width":16,"height":8}}}},"animations":{"500552_1":{"slots":{"dian":{"color":[{"time":0,"color":"ffffff00","curve":[0.25,0,0.75,1]},{"time":1.3333,"color":"ffffffff","curve":[0.25,0,0.75,1]},{"time":2.6666,"color":"ffffff00","curve":"stepped"},{"time":3,"color":"ffffff00"}]},"dian2":{"color":[{"time":0,"color":"ffffff2f","curve":[0.379,0.6,0.724,1]},{"time":0.3333,"color":"ffffff00","curve":"stepped"},{"time":0.6666,"color":"ffffff00","curve":[0.25,0,0.75,1]},{"time":2,"color":"ffffffff","curve":[0.242,0,0.666,0.66]},{"time":3,"color":"ffffff2f"}]},"dian3":{"color":[{"time":0,"color":"ffffffe1","curve":[0.288,0.17,0.644,0.58]},{"time":1,"color":"ffffff00","curve":"stepped"},{"time":1.3333,"color":"ffffff00","curve":[0.25,0,0.75,1]},{"time":2.6666,"color":"ffffffff","curve":[0.299,0,0.635,0.36]},{"time":3,"color":"ffffffe1"}]},"dian4":{"color":[{"time":0,"color":"ffffffcf","curve":[0.379,0.6,0.724,1]},{"time":0.3333,"color":"ffffffff","curve":[0.25,0,0.75,1]},{"time":1.6666,"color":"ffffff00","curve":"stepped"},{"time":2,"color":"ffffff00","curve":[0.25,0,0.75,1]},{"time":3,"color":"ffffffcf"}]},"dian5":{"color":[{"time":0,"color":"ffffff55","curve":[0.358,0.42,0.755,1]},{"time":0.8333,"color":"ffffffff","curve":[0.25,0,0.75,1]},{"time":2.1666,"color":"ffffff00","curve":"stepped"},{"time":2.5,"color":"ffffff00","curve":[0.25,0,0.75,1]},{"time":3,"color":"ffffff55"}]},"shui1":{"color":[{"time":2.5666,"color":"ffffff00","curve":[0.25,0,0.75,1]},{"time":2.6666,"color":"ffffffff","curve":"stepped"},{"time":2.7666,"color":"ffffffff","curve":[0.25,0,0.75,1]},{"time":3,"color":"ffffff00"}],"attachment":[{"time":0,"name":null},{"time":2.5666,"name":"shui1"}]},"shui2":{"color":[{"time":2.5666,"color":"ffffff00","curve":[0.25,0,0.75,1]},{"time":2.6666,"color":"ffffffff","curve":"stepped"},{"time":2.7666,"color":"ffffffff","curve":[0.25,0,0.75,1]},{"time":3,"color":"ffffff00"}],"attachment":[{"time":0,"name":null},{"time":2.5666,"name":"shui2"}]},"shui3":{"color":[{"time":2.5666,"color":"ffffff00","curve":[0.25,0,0.75,1]},{"time":2.6666,"color":"ffffffff","curve":"stepped"},{"time":2.7666,"color":"ffffffff","curve":[0.25,0,0.75,1]},{"time":3,"color":"ffffff00"}],"attachment":[{"time":0,"name":null},{"time":2.5666,"name":"shui3"}]},"shui4":{"color":[{"time":2.5666,"color":"ffffff00","curve":[0.25,0,0.75,1]},{"time":2.6666,"color":"ffffffff","curve":"stepped"},{"time":2.7666,"color":"ffffffff","curve":[0.25,0,0.75,1]},{"time":3,"color":"ffffff00"}],"attachment":[{"time":0,"name":null},{"time":2.5666,"name":"shui4"}]}},"bones":{"fazhang":{"rotate":[{"time":0,"angle":1.34,"curve":[0.444,0,0.783,0.66]},{"time":2.4333,"angle":-5.91,"curve":[0.444,0,0.783,0.66]},{"time":2.6,"angle":0,"curve":[0.19,0.26,0.75,1]},{"time":3,"angle":1.34}],"translate":[{"time":0,"x":-0.12,"y":-1.22,"curve":[0.444,0,0.783,0.66]},{"time":2.4333,"x":0.98,"y":6.46,"curve":[0.444,0,0.783,0.66]},{"time":2.6,"x":-0.18,"y":-1.08,"curve":[0.19,0.26,0.75,1]},{"time":3,"x":-0.12,"y":-1.22}]},"shui2":{"rotate":[{"time":2.5666,"angle":0,"curve":[0.19,0.26,0.75,1]},{"time":3,"angle":7.04}],"translate":[{"time":2.5666,"x":-5.89,"y":-7.02,"curve":[0.19,0.26,0.75,1]},{"time":3,"x":20.97,"y":27.52}],"scale":[{"time":2.5666,"x":0.6,"y":0.6,"curve":[0.19,0.26,0.75,1]},{"time":3,"x":1,"y":1}]},"shui1":{"rotate":[{"time":2.5666,"angle":-318.4,"curve":[0,0.36,0.75,1]},{"time":3,"angle":15.79}],"translate":[{"time":2.5666,"x":56.08,"y":20.8,"curve":[0,0.36,0.75,1]},{"time":3,"x":13.29,"y":21.3}],"scale":[{"time":2.5666,"x":0.6,"y":0.6,"curve":[0.25,0,0.75,1]},{"time":3,"x":1,"y":1}]},"shui3":{"rotate":[{"time":2.5666,"angle":0,"curve":[0.19,0.26,0.75,1]},{"time":3,"angle":5.04}],"translate":[{"time":2.5666,"x":0,"y":0,"curve":[0.19,0.26,0.75,1]},{"time":3,"x":22.88,"y":11.79}],"scale":[{"time":2.5666,"x":0.5,"y":0.5,"curve":[0.19,0.26,0.75,1]},{"time":3,"x":1,"y":1}]},"shui4":{"rotate":[{"time":2.5666,"angle":-15.33,"curve":[0.19,0.26,0.75,1]},{"time":3,"angle":7.33}],"translate":[{"time":2.5666,"x":10.69,"y":-5.75,"curve":[0.19,0.26,0.75,1]},{"time":3,"x":-13.2,"y":4.59}]},"dian":{"translate":[{"time":0,"x":0,"y":0,"curve":[0.25,0,0.75,1]},{"time":2.6666,"x":0,"y":9.87,"curve":[0.25,0,0.75,1]},{"time":3,"x":0,"y":0}]},"dian5":{"translate":[{"time":0,"x":0,"y":0.44,"curve":[0.28,0.14,0.64,0.57]},{"time":2.1666,"x":0,"y":6.17,"curve":[0.25,0,0.75,1]},{"time":2.5,"x":0,"y":0,"curve":[0.25,0,0.75,1]},{"time":3,"x":0,"y":0.44}]},"dian2":{"translate":[{"time":0,"x":0,"y":11.56,"curve":[0.364,0.63,0.7,1]},{"time":0.3333,"x":0,"y":12.34,"curve":[0.25,0,0.75,1]},{"time":0.6666,"x":0,"y":0,"curve":[0.25,0,0.75,1]},{"time":3,"x":0,"y":11.56}]},"dian3":{"translate":[{"time":0,"x":0,"y":5.73,"curve":[0.382,0.55,0.739,1]},{"time":1,"x":0,"y":8.63,"curve":[0.25,0,0.75,1]},{"time":1.3333,"x":0,"y":0,"curve":[0.244,0,0.641,0.57]},{"time":3,"x":0,"y":5.73}]},"dian4":{"translate":[{"time":0,"x":0,"y":2.28,"curve":[0.303,0.23,0.651,0.61]},{"time":1.6666,"x":0,"y":9.87,"curve":[0.25,0,0.75,1]},{"time":2,"x":0,"y":0,"curve":[0.25,0,0.75,1]},{"time":3,"x":0,"y":2.28}]}}}}}