{"skeleton":{"hash":"xeS1qtO5PhoA7wLEe1qUuRklcYE","spine":"3.6.53","width":219.44,"height":210,"images":"./500494动画需求/"},"bones":[{"name":"root"},{"name":"bg","parent":"root","length":46.91,"rotation":91.15,"x":66.51,"y":-58.55},{"name":"bg_1","parent":"root","length":12.16,"rotation":90,"x":23.95,"y":-55.59,"scaleX":1.742,"scaleY":1.742},{"name":"bg_3","parent":"root","length":21.75,"rotation":93.01,"x":90.57,"y":-24.22,"scaleX":1.323,"scaleY":1.323},{"name":"bg_4","parent":"root","length":23.94,"rotation":90,"x":28.43,"y":-82.7,"scaleX":1.043,"scaleY":1.043},{"name":"s_3","parent":"root","length":16.63,"rotation":90,"x":72.28,"y":37.41,"scaleX":0.573,"scaleY":0.573},{"name":"s_1","parent":"s_3","length":14.78,"rotation":-90,"x":0.34,"y":-22.18},{"name":"s_2","parent":"s_3","length":9.24,"rotation":-88.96,"x":0.34,"y":-21.84},{"name":"s_4","parent":"root","length":16.63,"rotation":90,"x":-92.07,"y":22.93,"scaleX":0.479,"scaleY":0.479},{"name":"s_5","parent":"s_4","length":14.78,"rotation":-90,"x":0.34,"y":-22.18},{"name":"s_6","parent":"s_4","length":9.24,"rotation":-88.96,"x":0.34,"y":-21.84},{"name":"s_7","parent":"root","length":16.63,"rotation":90,"x":-64.2,"y":-10.01,"scaleX":0.748,"scaleY":0.748},{"name":"s_8","parent":"s_7","length":14.78,"rotation":-90,"x":0.34,"y":-22.18},{"name":"s_9","parent":"s_7","length":9.24,"rotation":-88.96,"x":0.34,"y":-21.84},{"name":"s_10","parent":"root","length":16.63,"rotation":90,"x":-118.13,"y":-38.61,"scaleX":0.479,"scaleY":0.479},{"name":"s_11","parent":"s_10","length":14.78,"rotation":-90,"x":0.34,"y":-22.18},{"name":"s_12","parent":"s_10","length":9.24,"rotation":-88.96,"x":0.34,"y":-21.84},{"name":"s_13","parent":"root","length":16.63,"rotation":90,"x":-113.79,"y":62.39,"scaleX":0.628,"scaleY":0.628},{"name":"s_14","parent":"s_13","length":14.78,"rotation":-90,"x":0.34,"y":-22.18},{"name":"s_15","parent":"s_13","length":9.24,"rotation":-88.96,"x":0.34,"y":-21.84},{"name":"s_16","parent":"root","length":16.63,"rotation":90,"x":61.78,"y":-11.46,"scaleX":0.573,"scaleY":0.573},{"name":"s_17","parent":"s_16","length":14.78,"rotation":-90,"x":0.34,"y":-22.18},{"name":"s_18","parent":"s_16","length":9.24,"rotation":-88.96,"x":0.34,"y":-21.84}],"slots":[{"name":"avator_frame_500494","bone":"root","attachment":"avator_frame_500494"},{"name":"bg","bone":"bg","attachment":"bg"},{"name":"bg_1","bone":"bg_1","attachment":"bg_1"},{"name":"bg_2","bone":"bg_4","attachment":"bg_2"},{"name":"bg_3","bone":"bg_3","attachment":"bg_3"},{"name":"s_1","bone":"s_1","attachment":"s_1"},{"name":"s_17","bone":"s_17","attachment":"s_1"},{"name":"s_5","bone":"s_5","attachment":"s_1"},{"name":"s_8","bone":"s_8","attachment":"s_1"},{"name":"s_11","bone":"s_11","attachment":"s_1"},{"name":"s_14","bone":"s_14","attachment":"s_1"},{"name":"s_2","bone":"s_2","attachment":"s_2"},{"name":"s_18","bone":"s_18","attachment":"s_2"},{"name":"s_6","bone":"s_6","attachment":"s_2"},{"name":"s_9","bone":"s_9","attachment":"s_2"},{"name":"s_12","bone":"s_12","attachment":"s_2"},{"name":"s_15","bone":"s_15","attachment":"s_2"},{"name":"s_3","bone":"s_3","attachment":"s_3"},{"name":"s_16","bone":"s_16","attachment":"s_3"},{"name":"s_4","bone":"s_4","attachment":"s_3"},{"name":"s_7","bone":"s_7","attachment":"s_3"},{"name":"s_10","bone":"s_10","attachment":"s_3"},{"name":"s_13","bone":"s_13","attachment":"s_3"}],"skins":{"default":{"avator_frame_500494":{"avator_frame_500494":{"width":210,"height":210}},"bg":{"bg":{"x":-3.19,"y":0.56,"rotation":-91.15,"width":66,"height":60}},"bg_1":{"bg_1":{"x":0.49,"y":-0.14,"rotation":-90,"width":8,"height":6}},"bg_2":{"bg_2":{"x":0.11,"y":-1.39,"rotation":-90,"width":14,"height":17}},"bg_3":{"bg_3":{"x":-1.33,"y":0.69,"rotation":-93.01,"width":8,"height":14}},"s_1":{"s_1":{"x":-0.46,"y":-0.31,"width":28,"height":28}},"s_10":{"s_3":{"x":0.03,"y":-21.21,"rotation":-90,"width":9,"height":9}},"s_11":{"s_1":{"x":-0.46,"y":-0.31,"width":28,"height":28}},"s_12":{"s_2":{"x":0.03,"y":-0.31,"rotation":-1.04,"width":17,"height":16}},"s_13":{"s_3":{"x":0.03,"y":-21.21,"rotation":-90,"width":9,"height":9}},"s_14":{"s_1":{"x":-0.46,"y":-0.31,"width":28,"height":28}},"s_15":{"s_2":{"x":0.03,"y":-0.31,"rotation":-1.04,"width":17,"height":16}},"s_16":{"s_3":{"x":0.03,"y":-21.21,"rotation":-90,"width":9,"height":9}},"s_17":{"s_1":{"x":-0.46,"y":-0.31,"width":28,"height":28}},"s_18":{"s_2":{"x":0.03,"y":-0.31,"rotation":-1.04,"width":17,"height":16}},"s_2":{"s_2":{"x":0.03,"y":-0.31,"rotation":-1.04,"width":17,"height":16}},"s_3":{"s_3":{"x":0.03,"y":-21.21,"rotation":-90,"width":9,"height":9}},"s_4":{"s_3":{"x":0.03,"y":-21.21,"rotation":-90,"width":9,"height":9}},"s_5":{"s_1":{"x":-0.46,"y":-0.31,"width":28,"height":28}},"s_6":{"s_2":{"x":0.03,"y":-0.31,"rotation":-1.04,"width":17,"height":16}},"s_7":{"s_3":{"x":0.03,"y":-21.21,"rotation":-90,"width":9,"height":9}},"s_8":{"s_1":{"x":-0.46,"y":-0.31,"width":28,"height":28}},"s_9":{"s_2":{"x":0.03,"y":-0.31,"rotation":-1.04,"width":17,"height":16}}}},"animations":{"500494_1":{"slots":{"s_1":{"color":[{"time":0,"color":"ffffff00","curve":"stepped"},{"time":1.0667,"color":"ffffff00"},{"time":1.2333,"color":"ffffffff","curve":"stepped"},{"time":1.8667,"color":"ffffffff"},{"time":2.0667,"color":"ffffff00"}]},"s_2":{"color":[{"time":0,"color":"ffffff00","curve":"stepped"},{"time":1.0667,"color":"ffffff00","curve":[0.25,0,0.75,1]},{"time":1.1333,"color":"ffffffff","curve":"stepped"},{"time":1.3,"color":"ffffffff","curve":[0.25,0,0.75,1]},{"time":1.5667,"color":"ffffff00"}]},"s_3":{"color":[{"time":0,"color":"ffffff00","curve":"stepped"},{"time":1.0333,"color":"ffffff00"},{"time":1.0667,"color":"ffffffff"},{"time":1.1333,"color":"ffffff00"}]},"s_4":{"color":[{"time":0,"color":"ffffffff"},{"time":0.0667,"color":"ffffff00"}]},"s_5":{"color":[{"time":0,"color":"ffffff00"},{"time":0.1667,"color":"ffffffff","curve":"stepped"},{"time":0.8,"color":"ffffffff"},{"time":1,"color":"ffffff00"}]},"s_6":{"color":[{"time":0,"color":"ffffff00","curve":[0.25,0,0.75,1]},{"time":0.0667,"color":"ffffffff","curve":"stepped"},{"time":0.2333,"color":"ffffffff","curve":[0.25,0,0.75,1]},{"time":0.5,"color":"ffffff00"}]},"s_7":{"color":[{"time":0,"color":"ffffff00","curve":"stepped"},{"time":1.5667,"color":"ffffff00"},{"time":1.6,"color":"ffffffff"},{"time":1.6667,"color":"ffffff00"}]},"s_8":{"color":[{"time":0,"color":"ffffff00","curve":"stepped"},{"time":1.6,"color":"ffffff00"},{"time":1.7667,"color":"ffffffff","curve":"stepped"},{"time":2.4,"color":"ffffffff"},{"time":2.6,"color":"ffffff00"}]},"s_9":{"color":[{"time":0,"color":"ffffff00","curve":"stepped"},{"time":1.6,"color":"ffffff00","curve":[0.25,0,0.75,1]},{"time":1.6667,"color":"ffffffff","curve":"stepped"},{"time":1.8333,"color":"ffffffff","curve":[0.25,0,0.75,1]},{"time":2.1,"color":"ffffff00"}]},"s_10":{"color":[{"time":0,"color":"ffffff00","curve":"stepped"},{"time":0.4333,"color":"ffffff00"},{"time":0.4667,"color":"ffffffff"},{"time":0.5333,"color":"ffffff00"}]},"s_11":{"color":[{"time":0,"color":"ffffff00","curve":"stepped"},{"time":0.4667,"color":"ffffff00"},{"time":0.6333,"color":"ffffffff","curve":"stepped"},{"time":1.2667,"color":"ffffffff"},{"time":1.4667,"color":"ffffff00"}]},"s_12":{"color":[{"time":0,"color":"ffffff00","curve":"stepped"},{"time":0.4667,"color":"ffffff00","curve":[0.25,0,0.75,1]},{"time":0.5333,"color":"ffffffff","curve":"stepped"},{"time":0.7,"color":"ffffffff","curve":[0.25,0,0.75,1]},{"time":0.9667,"color":"ffffff00"}]},"s_13":{"color":[{"time":0,"color":"ffffff00","curve":"stepped"},{"time":2.2667,"color":"ffffff00"},{"time":2.3,"color":"ffffffff"},{"time":2.3667,"color":"ffffff00"}]},"s_14":{"color":[{"time":0,"color":"ffffff00","curve":"stepped"},{"time":2.3,"color":"ffffff00"},{"time":2.4667,"color":"ffffffff","curve":"stepped"},{"time":3.1,"color":"ffffffff"},{"time":3.3,"color":"ffffff00"}]},"s_15":{"color":[{"time":0,"color":"ffffff00","curve":"stepped"},{"time":2.3,"color":"ffffff00","curve":[0.25,0,0.75,1]},{"time":2.3667,"color":"ffffffff","curve":"stepped"},{"time":2.5333,"color":"ffffffff","curve":[0.25,0,0.75,1]},{"time":2.8,"color":"ffffff00"}]},"s_16":{"color":[{"time":0,"color":"ffffffff"},{"time":0.0667,"color":"ffffff00"}]},"s_17":{"color":[{"time":0,"color":"ffffff00"},{"time":0.1667,"color":"ffffffff","curve":"stepped"},{"time":0.8,"color":"ffffffff"},{"time":1,"color":"ffffff00"}]},"s_18":{"color":[{"time":0,"color":"ffffff00","curve":[0.25,0,0.75,1]},{"time":0.0667,"color":"ffffffff","curve":"stepped"},{"time":0.2333,"color":"ffffffff","curve":[0.25,0,0.75,1]},{"time":0.5,"color":"ffffff00"}]}},"bones":{"bg":{"rotate":[{"time":0,"angle":0,"curve":[0.25,0,0.75,1]},{"time":1.6667,"angle":-10.21,"curve":[0.25,0,0.75,1]},{"time":3.3333,"angle":0}],"translate":[{"time":0,"x":0,"y":-5.04,"curve":[0.345,0.37,0.757,1]},{"time":1.1667,"x":0,"y":0,"curve":[0.25,0,0.75,1]},{"time":2.8333,"x":0,"y":-6.65,"curve":[0.269,0,0.618,0.42]},{"time":3.3333,"x":0,"y":-5.04}]},"s_11":{"scale":[{"time":0,"x":0.411,"y":0.411,"curve":"stepped"},{"time":0.4667,"x":0.411,"y":0.411,"curve":[0,0.61,0.75,1]},{"time":0.6333,"x":1.843,"y":1.843},{"time":0.8,"x":2.669,"y":1.185},{"time":0.9667,"x":0.895,"y":2.065},{"time":1.1333,"x":2.669,"y":1.185},{"time":1.2667,"x":0.895,"y":2.065},{"time":1.4667,"x":1.843,"y":1.843}]},"s_8":{"scale":[{"time":0,"x":0.411,"y":0.411,"curve":"stepped"},{"time":1.6,"x":0.411,"y":0.411,"curve":[0,0.61,0.75,1]},{"time":1.7667,"x":1.843,"y":1.843},{"time":1.9333,"x":2.669,"y":1.185},{"time":2.1,"x":0.895,"y":2.065},{"time":2.2667,"x":2.669,"y":1.185},{"time":2.4,"x":0.895,"y":2.065},{"time":2.6,"x":1.843,"y":1.843}]},"s_1":{"scale":[{"time":0,"x":0.411,"y":0.411,"curve":"stepped"},{"time":1.0667,"x":0.411,"y":0.411,"curve":[0,0.61,0.75,1]},{"time":1.2333,"x":1.843,"y":1.843},{"time":1.4,"x":2.669,"y":1.185},{"time":1.5667,"x":0.895,"y":2.065},{"time":1.7333,"x":2.669,"y":1.185},{"time":1.8667,"x":0.895,"y":2.065},{"time":2.0667,"x":1.843,"y":1.843}]},"s_17":{"scale":[{"time":0,"x":0.411,"y":0.411,"curve":[0,0.61,0.75,1]},{"time":0.1667,"x":1.843,"y":1.843},{"time":0.3333,"x":2.669,"y":1.185},{"time":0.5,"x":0.895,"y":2.065},{"time":0.6667,"x":2.669,"y":1.185},{"time":0.8,"x":0.895,"y":2.065},{"time":1,"x":1.843,"y":1.843}]},"s_2":{"scale":[{"time":0,"x":0.483,"y":0.483,"curve":"stepped"},{"time":1.0667,"x":0.483,"y":0.483,"curve":[0,0.67,0.415,1]},{"time":1.5667,"x":2.476,"y":2.476,"curve":"stepped"},{"time":2.0667,"x":2.476,"y":2.476}]},"s_5":{"scale":[{"time":0,"x":0.411,"y":0.411,"curve":[0,0.61,0.75,1]},{"time":0.1667,"x":1.843,"y":1.843},{"time":0.3333,"x":2.669,"y":1.185},{"time":0.5,"x":0.895,"y":2.065},{"time":0.6667,"x":2.669,"y":1.185},{"time":0.8,"x":0.895,"y":2.065},{"time":1,"x":1.843,"y":1.843}]},"s_18":{"scale":[{"time":0,"x":0.483,"y":0.483,"curve":[0,0.67,0.415,1]},{"time":0.5,"x":2.476,"y":2.476,"curve":"stepped"},{"time":1,"x":2.476,"y":2.476}]},"s_6":{"scale":[{"time":0,"x":0.483,"y":0.483,"curve":[0,0.67,0.415,1]},{"time":0.5,"x":2.476,"y":2.476,"curve":"stepped"},{"time":1,"x":2.476,"y":2.476}]},"s_9":{"scale":[{"time":0,"x":0.483,"y":0.483,"curve":"stepped"},{"time":1.6,"x":0.483,"y":0.483,"curve":[0,0.67,0.415,1]},{"time":2.1,"x":2.476,"y":2.476,"curve":"stepped"},{"time":2.6,"x":2.476,"y":2.476}]},"s_12":{"scale":[{"time":0,"x":0.483,"y":0.483,"curve":"stepped"},{"time":0.4667,"x":0.483,"y":0.483,"curve":[0,0.67,0.415,1]},{"time":0.9667,"x":2.476,"y":2.476,"curve":"stepped"},{"time":1.4667,"x":2.476,"y":2.476}]},"s_15":{"scale":[{"time":0,"x":0.483,"y":0.483,"curve":"stepped"},{"time":2.3,"x":0.483,"y":0.483,"curve":[0,0.67,0.415,1]},{"time":2.8,"x":2.476,"y":2.476,"curve":"stepped"},{"time":3.3,"x":2.476,"y":2.476}]},"s_14":{"scale":[{"time":0,"x":0.411,"y":0.411,"curve":"stepped"},{"time":2.3,"x":0.411,"y":0.411,"curve":[0,0.61,0.75,1]},{"time":2.4667,"x":1.843,"y":1.843},{"time":2.6333,"x":2.669,"y":1.185},{"time":2.8,"x":0.895,"y":2.065},{"time":2.9667,"x":2.669,"y":1.185},{"time":3.1,"x":0.895,"y":2.065},{"time":3.3,"x":1.843,"y":1.843}]},"bg_1":{"translate":[{"time":0,"x":-1.53,"y":0.03,"curve":[0.381,0.59,0.728,1]},{"time":0.4667,"x":-2.26,"y":0.05,"curve":[0.25,0,0.75,1]},{"time":2.1333,"x":1.13,"y":-0.02,"curve":[0.243,0,0.66,0.64]},{"time":3.3333,"x":-1.53,"y":0.03}]},"bg_4":{"translate":[{"time":0,"x":-0.39,"y":0.01,"curve":[0.378,0.52,0.747,1]},{"time":0.7667,"x":1.13,"y":-0.02,"curve":[0.25,0,0.75,1]},{"time":2.4333,"x":-2.26,"y":0.05,"curve":[0.248,0,0.629,0.52]},{"time":3.3333,"x":-0.39,"y":0.01}]},"bg_3":{"translate":[{"time":0,"x":-2.26,"y":0.05,"curve":[0.25,0,0.75,1]},{"time":1.6667,"x":1.13,"y":-0.02,"curve":[0.25,0,0.75,1]},{"time":3.3333,"x":-2.26,"y":0.05}]}}}}}