{"skeleton":{"hash":"vYmKbFjhzKazhRFK6RxdqD0ng6M","spine":"3.4.02","width":419.9,"height":300},"bones":[{"name":"root"},{"name":"500461_light","parent":"root","length":87.04,"rotation":0.64,"x":58.84,"y":-85.86},{"name":"500461_box","parent":"500461_light","x":-0.29,"y":39.48},{"name":"Q","parent":"root","length":229.67,"rotation":90.29,"x":263.76,"y":13.6,"scaleX":0.077,"scaleY":0.077},{"name":"Q2","parent":"root","length":229.67,"rotation":90.29,"x":247.98,"y":13.6,"scaleX":0.077,"scaleY":0.077},{"name":"Q3","parent":"root","length":229.67,"rotation":90.29,"x":229.05,"y":13.6,"scaleX":0.077,"scaleY":0.077},{"name":"Q4","parent":"root","length":229.67,"rotation":90.29,"x":211.38,"y":13.6,"scaleX":0.077,"scaleY":0.077},{"name":"Q5","parent":"root","length":229.67,"rotation":90.29,"x":220.22,"y":13.6,"scaleX":0.077,"scaleY":0.077},{"name":"Q6","parent":"root","length":229.67,"rotation":90.29,"x":220.22,"y":23.69,"scaleX":0.077,"scaleY":0.077},{"name":"Q7","parent":"root","length":229.67,"rotation":90.29,"x":234.1,"y":23.69,"scaleX":0.077,"scaleY":0.077},{"name":"Q8","parent":"root","length":229.67,"rotation":90.29,"x":234.1,"y":14.23,"scaleX":0.077,"scaleY":0.077},{"name":"Q9","parent":"root","length":229.67,"rotation":90.29,"x":245.46,"y":26.85,"scaleX":0.077,"scaleY":0.077},{"name":"Q10","parent":"root","length":229.67,"rotation":90.29,"x":253.66,"y":26.85,"scaleX":0.077,"scaleY":0.077},{"name":"bone","parent":"root","length":97.99,"rotation":89.99,"x":0.22,"scaleX":2,"scaleY":2},{"name":"sfzc/00016","parent":"500461_light","length":149.17,"rotation":89.35,"x":6.57,"y":45.45,"scaleX":0.56,"scaleY":0.56},{"name":"sfzc/16","parent":"500461_light","length":149.17,"rotation":2.42,"x":-4.55,"y":32.28,"scaleX":-0.462,"scaleY":0.616}],"slots":[{"name":"1_00000","bone":"bone","attachment":"1_00029"},{"name":"500461_bg","bone":"root","attachment":"500461_bg"},{"name":"avator_frame_500461","bone":"root","attachment":"avator_frame_500461"},{"name":"500461_box","bone":"500461_box","attachment":"500461_box"},{"name":"Q","bone":"Q","attachment":"Q","blend":"additive"},{"name":"Q2","bone":"Q2","attachment":"Q","blend":"additive"},{"name":"Q3","bone":"Q3","attachment":"Q","blend":"additive"},{"name":"Q4","bone":"Q4","attachment":"Q","blend":"additive"},{"name":"Q5","bone":"Q5","attachment":"Q","blend":"additive"},{"name":"Q6","bone":"Q6","attachment":"Q","blend":"additive"},{"name":"Q7","bone":"Q7","attachment":"Q","blend":"additive"},{"name":"Q8","bone":"Q8","attachment":"Q","blend":"additive"},{"name":"Q9","bone":"Q9","attachment":"Q","blend":"additive"},{"name":"Q10","bone":"Q10","attachment":"Q","blend":"additive"},{"name":"sfzc/00016","bone":"sfzc/00016","blend":"additive"},{"name":"sfzc/16","bone":"sfzc/16","blend":"additive"}],"skins":{"default":{"1_00000":{"1_00000":{"x":-1.51,"y":0.15,"rotation":-89.99,"width":150,"height":150},"1_00001":{"x":-1.51,"y":0.15,"rotation":-89.99,"width":150,"height":150},"1_00002":{"x":-1.51,"y":0.15,"rotation":-89.99,"width":150,"height":150},"1_00003":{"x":-1.51,"y":0.15,"rotation":-89.99,"width":150,"height":150},"1_00004":{"x":-1.51,"y":0.15,"rotation":-89.99,"width":150,"height":150},"1_00005":{"x":-1.51,"y":0.15,"rotation":-89.99,"width":150,"height":150},"1_00006":{"x":-1.51,"y":0.15,"rotation":-89.99,"width":150,"height":150},"1_00007":{"x":-1.51,"y":0.15,"rotation":-89.99,"width":150,"height":150},"1_00008":{"x":-1.51,"y":0.15,"rotation":-89.99,"width":150,"height":150},"1_00009":{"x":-1.51,"y":0.15,"rotation":-89.99,"width":150,"height":150},"1_00010":{"x":-1.51,"y":0.15,"rotation":-89.99,"width":150,"height":150},"1_00011":{"x":-1.51,"y":0.15,"rotation":-89.99,"width":150,"height":150},"1_00012":{"x":-1.51,"y":0.15,"rotation":-89.99,"width":150,"height":150},"1_00013":{"x":-1.51,"y":0.15,"rotation":-89.99,"width":150,"height":150},"1_00014":{"x":-1.51,"y":0.15,"rotation":-89.99,"width":150,"height":150},"1_00015":{"x":-1.51,"y":0.15,"rotation":-89.99,"width":150,"height":150},"1_00016":{"x":-1.51,"y":0.15,"rotation":-89.99,"width":150,"height":150},"1_00017":{"x":-1.51,"y":0.15,"rotation":-89.99,"width":150,"height":150},"1_00018":{"x":-1.51,"y":0.15,"rotation":-89.99,"width":150,"height":150},"1_00019":{"x":-1.51,"y":0.15,"rotation":-89.99,"width":150,"height":150},"1_00020":{"x":-1.51,"y":0.15,"rotation":-89.99,"width":150,"height":150},"1_00021":{"x":-1.51,"y":0.15,"rotation":-89.99,"width":150,"height":150},"1_00022":{"x":-1.51,"y":0.15,"rotation":-89.99,"width":150,"height":150},"1_00023":{"x":-1.51,"y":0.15,"rotation":-89.99,"width":150,"height":150},"1_00024":{"x":-1.51,"y":0.15,"rotation":-89.99,"width":150,"height":150},"1_00025":{"x":-1.51,"y":0.15,"rotation":-89.99,"width":150,"height":150},"1_00026":{"x":-1.51,"y":0.15,"rotation":-89.99,"width":150,"height":150},"1_00027":{"x":-1.51,"y":0.15,"rotation":-89.99,"width":150,"height":150},"1_00028":{"x":-1.51,"y":0.15,"rotation":-89.99,"width":150,"height":150},"1_00029":{"x":-1.51,"y":0.15,"rotation":-89.99,"width":150,"height":150}},"500461_bg":{"500461_bg":{"width":167,"height":167}},"500461_box":{"500461_box":{"x":-0.66,"y":2.26,"rotation":-0.64,"width":80,"height":80}},"Q":{"Q":{"x":-1.14,"y":-1.75,"rotation":-90.29,"width":154,"height":154}},"Q10":{"Q":{"x":-1.14,"y":-1.75,"rotation":-90.29,"width":154,"height":154}},"Q2":{"Q":{"x":-1.14,"y":-1.75,"rotation":-90.29,"width":154,"height":154}},"Q3":{"Q":{"x":-1.14,"y":-1.75,"rotation":-90.29,"width":154,"height":154}},"Q4":{"Q":{"x":-1.14,"y":-1.75,"rotation":-90.29,"width":154,"height":154}},"Q5":{"Q":{"x":-1.14,"y":-1.75,"rotation":-90.29,"width":154,"height":154}},"Q6":{"Q":{"x":-1.14,"y":-1.75,"rotation":-90.29,"width":154,"height":154}},"Q7":{"Q":{"x":-1.14,"y":-1.75,"rotation":-90.29,"width":154,"height":154}},"Q8":{"Q":{"x":-1.14,"y":-1.75,"rotation":-90.29,"width":154,"height":154}},"Q9":{"Q":{"x":-1.14,"y":-1.75,"rotation":-90.29,"width":154,"height":154}},"avator_frame_500461":{"avator_frame_500461":{"width":210,"height":210}},"sfzc/00016":{"sfzc/00016":{"x":-2.38,"y":12.03,"rotation":-90,"width":118,"height":135},"sfzc/00018":{"x":-2.38,"y":12.03,"rotation":-90,"width":118,"height":135},"sfzc/00020":{"x":-2.38,"y":12.03,"rotation":-90,"width":118,"height":135},"sfzc/00022":{"x":-2.38,"y":12.03,"rotation":-90,"width":118,"height":135},"sfzc/00024":{"x":-2.38,"y":12.03,"rotation":-90,"width":118,"height":135},"sfzc/00026":{"x":-2.38,"y":12.03,"rotation":-90,"width":118,"height":135},"sfzc/00028":{"x":-2.38,"y":12.03,"rotation":-90,"width":118,"height":135},"sfzc/00030":{"x":-2.38,"y":12.03,"rotation":-90,"width":118,"height":135}},"sfzc/16":{"sfzc/00016":{"x":-2.38,"y":12.03,"rotation":-90,"width":118,"height":135},"sfzc/00018":{"x":-2.38,"y":12.03,"rotation":-90,"width":118,"height":135},"sfzc/00020":{"x":-2.38,"y":12.03,"rotation":-90,"width":118,"height":135},"sfzc/00022":{"x":-2.38,"y":12.03,"rotation":-90,"width":118,"height":135},"sfzc/00024":{"x":-2.38,"y":12.03,"rotation":-90,"width":118,"height":135},"sfzc/00026":{"x":-2.38,"y":12.03,"rotation":-90,"width":118,"height":135},"sfzc/00028":{"x":-2.38,"y":12.03,"rotation":-90,"width":118,"height":135},"sfzc/00030":{"x":-2.38,"y":12.03,"rotation":-90,"width":118,"height":135}}}},"animations":{"500461_1":{"slots":{"1_00000":{"attachment":[{"time":0,"name":"1_00000"},{"time":0.0333,"name":"1_00001"},{"time":0.0666,"name":"1_00002"},{"time":0.1,"name":"1_00003"},{"time":0.1333,"name":"1_00004"},{"time":0.1666,"name":"1_00005"},{"time":0.2,"name":"1_00006"},{"time":0.2333,"name":"1_00007"},{"time":0.2666,"name":"1_00008"},{"time":0.3,"name":"1_00009"},{"time":0.3333,"name":"1_00010"},{"time":0.3666,"name":"1_00011"},{"time":0.4,"name":"1_00012"},{"time":0.4333,"name":"1_00013"},{"time":0.4666,"name":"1_00014"},{"time":0.5,"name":"1_00015"},{"time":0.5333,"name":"1_00016"},{"time":0.5666,"name":"1_00017"},{"time":0.6,"name":"1_00018"},{"time":0.6333,"name":"1_00019"},{"time":0.6666,"name":"1_00020"},{"time":0.7,"name":"1_00021"},{"time":0.7333,"name":"1_00022"},{"time":0.7666,"name":"1_00023"},{"time":0.8,"name":"1_00024"},{"time":0.8333,"name":"1_00025"},{"time":0.8666,"name":"1_00026"},{"time":0.9,"name":"1_00027"},{"time":0.9333,"name":"1_00028"},{"time":0.9666,"name":"1_00029"},{"time":1,"name":"1_00000"},{"time":1.0333,"name":"1_00001"},{"time":1.0666,"name":"1_00002"},{"time":1.1,"name":"1_00003"},{"time":1.1333,"name":"1_00004"},{"time":1.1666,"name":"1_00005"},{"time":1.2,"name":"1_00006"},{"time":1.2333,"name":"1_00007"},{"time":1.2666,"name":"1_00008"},{"time":1.3,"name":"1_00009"},{"time":1.3333,"name":"1_00010"},{"time":1.3666,"name":"1_00011"},{"time":1.4,"name":"1_00012"},{"time":1.4333,"name":"1_00013"},{"time":1.4666,"name":"1_00014"},{"time":1.5,"name":"1_00015"},{"time":1.5333,"name":"1_00016"},{"time":1.5666,"name":"1_00017"},{"time":1.6,"name":"1_00018"},{"time":1.6333,"name":"1_00019"},{"time":1.6666,"name":"1_00020"},{"time":1.7,"name":"1_00021"},{"time":1.7333,"name":"1_00022"},{"time":1.7666,"name":"1_00023"},{"time":1.8,"name":"1_00024"},{"time":1.8333,"name":"1_00025"},{"time":1.8666,"name":"1_00026"},{"time":1.9,"name":"1_00027"},{"time":1.9333,"name":"1_00028"},{"time":1.9666,"name":"1_00000"},{"time":2,"name":"1_00001"},{"time":2.0333,"name":"1_00002"},{"time":2.0666,"name":"1_00003"},{"time":2.1,"name":"1_00004"},{"time":2.1333,"name":"1_00005"},{"time":2.1666,"name":"1_00006"},{"time":2.2,"name":"1_00007"},{"time":2.2333,"name":"1_00008"},{"time":2.2666,"name":"1_00009"},{"time":2.3,"name":"1_00010"},{"time":2.3333,"name":"1_00011"},{"time":2.3666,"name":"1_00012"},{"time":2.4,"name":"1_00013"},{"time":2.4333,"name":"1_00014"},{"time":2.4666,"name":"1_00015"},{"time":2.5,"name":"1_00016"},{"time":2.5333,"name":"1_00017"},{"time":2.5666,"name":"1_00018"},{"time":2.6,"name":"1_00019"},{"time":2.6333,"name":"1_00020"},{"time":2.6666,"name":"1_00021"},{"time":2.7,"name":"1_00022"},{"time":2.7333,"name":"1_00023"},{"time":2.7666,"name":"1_00024"},{"time":2.8,"name":"1_00025"},{"time":2.8333,"name":"1_00026"},{"time":2.8666,"name":"1_00027"},{"time":2.9,"name":"1_00028"},{"time":2.9333,"name":"1_00029"},{"time":2.9666,"name":"1_00000"},{"time":3,"name":"1_00001"},{"time":3.0333,"name":"1_00002"},{"time":3.0666,"name":"1_00003"},{"time":3.1,"name":"1_00004"},{"time":3.1333,"name":"1_00005"},{"time":3.1666,"name":"1_00006"},{"time":3.2,"name":"1_00007"},{"time":3.2333,"name":"1_00008"},{"time":3.2666,"name":"1_00009"},{"time":3.3,"name":"1_00010"},{"time":3.3333,"name":"1_00011"},{"time":3.3666,"name":"1_00012"},{"time":3.4,"name":"1_00013"},{"time":3.4333,"name":"1_00014"},{"time":3.4666,"name":"1_00015"},{"time":3.5,"name":"1_00016"},{"time":3.5333,"name":"1_00017"},{"time":3.5666,"name":"1_00018"},{"time":3.6,"name":"1_00019"},{"time":3.6333,"name":"1_00020"},{"time":3.6666,"name":"1_00021"},{"time":3.7,"name":"1_00022"},{"time":3.7333,"name":"1_00023"},{"time":3.7666,"name":"1_00024"},{"time":3.8,"name":"1_00025"},{"time":3.8333,"name":"1_00026"},{"time":3.8666,"name":"1_00027"},{"time":3.9,"name":"1_00028"},{"time":3.9333,"name":"1_00029"}]},"500461_box":{"color":[{"time":0,"color":"ffffffff","curve":"stepped"},{"time":1.3333,"color":"ffffffff"},{"time":1.6333,"color":"ffffff00","curve":"stepped"},{"time":1.8,"color":"ffffff00"},{"time":2.1333,"color":"ffffffff"}]},"Q":{"color":[{"time":0,"color":"ffffff00"},{"time":0.5,"color":"ffffffff"},{"time":1.6333,"color":"ffffff00"}]},"Q2":{"color":[{"time":0,"color":"ffffffff","curve":"stepped"},{"time":2.0666,"color":"ffffffff"},{"time":2.5333,"color":"ffffff00","curve":"stepped"},{"time":2.5666,"color":"ffffff00","curve":"stepped"},{"time":3.3,"color":"ffffff00"},{"time":3.9333,"color":"ffffffff"}]},"Q3":{"color":[{"time":0,"color":"ffffff00","curve":"stepped"},{"time":0.6666,"color":"ffffff00"},{"time":1.3,"color":"ffffffff","curve":"stepped"},{"time":3.3,"color":"ffffffff"},{"time":3.7666,"color":"ffffff00","curve":"stepped"},{"time":3.8,"color":"ffffff00","curve":"stepped"},{"time":3.9333,"color":"ffffff00"}]},"Q4":{"color":[{"time":0,"color":"ffffff93"},{"time":0.2666,"color":"ffffffff","curve":"stepped"},{"time":2.3666,"color":"ffffffff"},{"time":2.8333,"color":"ffffff00","curve":"stepped"},{"time":2.8666,"color":"ffffff00","curve":"stepped"},{"time":3.5666,"color":"ffffff00"},{"time":3.9333,"color":"ffffff93"}]},"Q5":{"color":[{"time":0,"color":"ffffffff","curve":"stepped"},{"time":0.1666,"color":"ffffffff"},{"time":0.6333,"color":"ffffff00","curve":"stepped"},{"time":0.6666,"color":"ffffff00","curve":"stepped"},{"time":1.8333,"color":"ffffff00"},{"time":2.4666,"color":"ffffffff","curve":"stepped"},{"time":3.9333,"color":"ffffffff"}]},"Q6":{"color":[{"time":0,"color":"ffffffff","curve":"stepped"},{"time":1.5333,"color":"ffffffff"},{"time":2,"color":"ffffff00","curve":"stepped"},{"time":2.0333,"color":"ffffff00","curve":"stepped"},{"time":2.4333,"color":"ffffff00"},{"time":3.0666,"color":"ffffffff","curve":"stepped"},{"time":3.9333,"color":"ffffffff"}]},"Q7":{"color":[{"time":0,"color":"ffffffff","curve":"stepped"},{"time":1.7,"color":"ffffffff"},{"time":2.1666,"color":"ffffff00","curve":"stepped"},{"time":2.2,"color":"ffffff00","curve":"stepped"},{"time":2.8,"color":"ffffff00"},{"time":3.4333,"color":"ffffffff","curve":"stepped"},{"time":3.9333,"color":"ffffffff"}]},"Q8":{"color":[{"time":0,"color":"ffffffff","curve":"stepped"},{"time":1.7666,"color":"ffffffff"},{"time":2.2333,"color":"ffffff00","curve":"stepped"},{"time":2.2666,"color":"ffffff00","curve":"stepped"},{"time":2.9666,"color":"ffffff00"},{"time":3.6,"color":"ffffffff","curve":"stepped"},{"time":3.9333,"color":"ffffffff"}]},"Q9":{"color":[{"time":0,"color":"ffffffff","curve":"stepped"},{"time":0.5,"color":"ffffffff"},{"time":0.9666,"color":"ffffff00","curve":"stepped"},{"time":1,"color":"ffffff00","curve":"stepped"},{"time":2.0666,"color":"ffffff00"},{"time":2.7,"color":"ffffffff","curve":"stepped"},{"time":3.9333,"color":"ffffffff"}]},"Q10":{"color":[{"time":0,"color":"ffffff91"},{"time":0.2666,"color":"ffffff00","curve":"stepped"},{"time":0.3,"color":"ffffff00","curve":"stepped"},{"time":0.9666,"color":"ffffff00"},{"time":1.6,"color":"ffffffff","curve":"stepped"},{"time":3.7333,"color":"ffffffff"},{"time":3.9333,"color":"ffffff91"}]},"sfzc/00016":{"attachment":[{"time":0,"name":"sfzc/00016"},{"time":0.0666,"name":"sfzc/00018"},{"time":0.1333,"name":"sfzc/00020"},{"time":0.2,"name":"sfzc/00022"},{"time":0.2666,"name":"sfzc/00024"},{"time":0.3333,"name":"sfzc/00026"},{"time":0.4,"name":"sfzc/00028"},{"time":0.4666,"name":"sfzc/00030"},{"time":0.5333,"name":null},{"time":1,"name":"sfzc/00016"},{"time":1.0666,"name":"sfzc/00018"},{"time":1.1333,"name":"sfzc/00020"},{"time":1.2,"name":"sfzc/00022"},{"time":1.2666,"name":"sfzc/00024"},{"time":1.3333,"name":"sfzc/00026"},{"time":1.4,"name":"sfzc/00028"},{"time":1.4666,"name":"sfzc/00030"},{"time":1.5333,"name":null},{"time":2,"name":"sfzc/00016"},{"time":2.0666,"name":"sfzc/00018"},{"time":2.1333,"name":"sfzc/00020"},{"time":2.2,"name":"sfzc/00022"},{"time":2.2666,"name":"sfzc/00024"},{"time":2.3333,"name":"sfzc/00026"},{"time":2.4,"name":"sfzc/00028"},{"time":2.4666,"name":"sfzc/00030"},{"time":2.5333,"name":null},{"time":3,"name":"sfzc/00016"},{"time":3.0666,"name":"sfzc/00018"},{"time":3.1333,"name":"sfzc/00020"},{"time":3.2,"name":"sfzc/00022"},{"time":3.2666,"name":"sfzc/00024"},{"time":3.3333,"name":"sfzc/00026"},{"time":3.4,"name":"sfzc/00028"},{"time":3.4666,"name":"sfzc/00030"},{"time":3.5333,"name":null}]},"sfzc/16":{"attachment":[{"time":0,"name":null},{"time":0.3333,"name":"sfzc/00016"},{"time":0.4,"name":"sfzc/00018"},{"time":0.4666,"name":"sfzc/00020"},{"time":0.5333,"name":"sfzc/00022"},{"time":0.6,"name":"sfzc/00024"},{"time":0.6666,"name":"sfzc/00026"},{"time":0.7333,"name":"sfzc/00028"},{"time":0.8,"name":"sfzc/00030"},{"time":0.8666,"name":null},{"time":1.3333,"name":"sfzc/00016"},{"time":1.4,"name":"sfzc/00018"},{"time":1.4666,"name":"sfzc/00020"},{"time":1.5333,"name":"sfzc/00022"},{"time":1.6,"name":"sfzc/00024"},{"time":1.6666,"name":"sfzc/00026"},{"time":1.7333,"name":"sfzc/00028"},{"time":1.8,"name":"sfzc/00030"},{"time":1.8666,"name":null},{"time":2.3333,"name":"sfzc/00016"},{"time":2.4,"name":"sfzc/00018"},{"time":2.4666,"name":"sfzc/00020"},{"time":2.5333,"name":"sfzc/00022"},{"time":2.6,"name":"sfzc/00024"},{"time":2.6666,"name":"sfzc/00026"},{"time":2.7333,"name":"sfzc/00028"},{"time":2.8,"name":"sfzc/00030"},{"time":2.8666,"name":null},{"time":3.3333,"name":"sfzc/00016"},{"time":3.4,"name":"sfzc/00018"},{"time":3.4666,"name":"sfzc/00020"},{"time":3.5333,"name":"sfzc/00022"},{"time":3.6,"name":"sfzc/00024"},{"time":3.6666,"name":"sfzc/00026"},{"time":3.7333,"name":"sfzc/00028"},{"time":3.8,"name":"sfzc/00030"},{"time":3.8666,"name":null}]}},"bones":{"bone":{"rotate":[{"time":0,"angle":0},{"time":0.4666,"angle":-90},{"time":0.9666,"angle":-180},{"time":1.4666,"angle":89.99},{"time":1.9666,"angle":0},{"time":2.4333,"angle":-90},{"time":2.9333,"angle":-180},{"time":3.4333,"angle":89.99},{"time":3.9333,"angle":0}],"scale":[{"time":0,"x":0.915,"y":0.915,"curve":"stepped"},{"time":1.9666,"x":0.934,"y":0.934}]},"500461_box":{"rotate":[{"time":0,"angle":0},{"time":0.5,"angle":-90},{"time":1,"angle":-180},{"time":1.5,"angle":90},{"time":2,"angle":0},{"time":2.5,"angle":-90},{"time":2.9666,"angle":-180},{"time":3.4666,"angle":90},{"time":3.9333,"angle":0}],"scale":[{"time":0,"x":1,"y":1},{"time":1.3333,"x":0.171,"y":0.171,"curve":"stepped"},{"time":2,"x":0.171,"y":0.171},{"time":3.8,"x":1,"y":1}]},"Q":{"translate":[{"time":0,"x":-190.94,"y":-46.25},{"time":1.6333,"x":-190.94,"y":21.34}],"scale":[{"time":0,"x":1,"y":1},{"time":1.6333,"x":0.519,"y":0.519}]},"Q2":{"translate":[{"time":0,"x":-174.36,"y":-46.46},{"time":2.5333,"x":-174.36,"y":-12.07},{"time":2.5666,"x":-174.36,"y":-55.06,"curve":"stepped"},{"time":3.3,"x":-174.36,"y":-55.06},{"time":3.9333,"x":-174.36,"y":-46.46}],"scale":[{"time":0,"x":0.665,"y":0.665},{"time":0.7,"x":1,"y":1},{"time":2.5333,"x":0.12,"y":0.12},{"time":2.5666,"x":0.362,"y":0.362,"curve":"stepped"},{"time":3.3,"x":0.362,"y":0.362},{"time":3.9333,"x":0.665,"y":0.665}]},"Q3":{"translate":[{"time":0,"x":-174.36,"y":-55.06,"curve":"stepped"},{"time":0.6666,"x":-174.36,"y":-55.06},{"time":3.7666,"x":-174.36,"y":20.76},{"time":3.8,"x":-174.36,"y":-55.06,"curve":"stepped"},{"time":3.9333,"x":-174.36,"y":-55.06}],"scale":[{"time":0,"x":0.362,"y":0.362,"curve":"stepped"},{"time":0.6666,"x":0.362,"y":0.362},{"time":2,"x":1,"y":1},{"time":3.7666,"x":0.12,"y":0.12},{"time":3.8,"x":0.362,"y":0.362,"curve":"stepped"},{"time":3.9333,"x":0.362,"y":0.362}]},"Q4":{"translate":[{"time":0,"x":-174.36,"y":-47.03},{"time":2.8333,"x":-174.36,"y":14.97},{"time":2.8666,"x":-174.36,"y":-55.06,"curve":"stepped"},{"time":3.5666,"x":-174.36,"y":-55.06},{"time":3.9333,"x":-174.36,"y":-47.03}],"scale":[{"time":0,"x":0.537,"y":0.537},{"time":0.9666,"x":1,"y":1},{"time":2.8333,"x":0.12,"y":0.12},{"time":2.8666,"x":0.362,"y":0.362,"curve":"stepped"},{"time":3.5666,"x":0.362,"y":0.362},{"time":3.9333,"x":0.537,"y":0.537}]},"Q5":{"translate":[{"time":0,"x":-174.36,"y":-23.51},{"time":0.6333,"x":-174.36,"y":-14},{"time":0.6666,"x":-174.36,"y":-55.06,"curve":"stepped"},{"time":1.8333,"x":-174.36,"y":-55.06},{"time":3.9333,"x":-174.36,"y":-23.51}],"scale":[{"time":0,"x":0.518,"y":0.518},{"time":0.6333,"x":0.12,"y":0.12},{"time":0.6666,"x":0.362,"y":0.362,"curve":"stepped"},{"time":1.8333,"x":0.362,"y":0.362},{"time":3.1666,"x":1,"y":1},{"time":3.9333,"x":0.518,"y":0.518}]},"Q6":{"translate":[{"time":0,"x":-174.36,"y":-30.84},{"time":2,"x":-174.36,"y":1.44},{"time":2.0333,"x":-174.36,"y":-55.06,"curve":"stepped"},{"time":2.4333,"x":-174.36,"y":-55.06},{"time":3.9333,"x":-174.36,"y":-30.84}],"scale":[{"time":0,"x":0.884,"y":0.884},{"time":0.3333,"x":1,"y":1},{"time":2,"x":0.12,"y":0.12},{"time":2.0333,"x":0.362,"y":0.362,"curve":"stepped"},{"time":2.4333,"x":0.362,"y":0.362},{"time":3.9333,"x":0.884,"y":0.884}]},"Q7":{"translate":[{"time":0,"x":-174.36,"y":-35.65},{"time":2.1666,"x":-174.36,"y":1.44},{"time":2.2,"x":-174.36,"y":-55.06,"curve":"stepped"},{"time":2.8,"x":-174.36,"y":-55.06},{"time":3.9333,"x":-174.36,"y":-35.65}],"scale":[{"time":0,"x":0.904,"y":0.904},{"time":0.2,"x":1,"y":1},{"time":2.1666,"x":0.12,"y":0.12},{"time":2.2,"x":0.362,"y":0.362,"curve":"stepped"},{"time":2.8,"x":0.362,"y":0.362},{"time":3.9333,"x":0.904,"y":0.904}]},"Q8":{"translate":[{"time":0,"x":-174.36,"y":-37.99},{"time":2.2333,"x":-174.36,"y":1.44},{"time":2.2666,"x":-174.36,"y":-55.06,"curve":"stepped"},{"time":2.9666,"x":-174.36,"y":-55.06},{"time":3.9333,"x":-174.36,"y":-37.99}],"scale":[{"time":0,"x":0.824,"y":0.824},{"time":0.3666,"x":1,"y":1},{"time":2.2333,"x":0.12,"y":0.12},{"time":2.2666,"x":0.362,"y":0.362,"curve":"stepped"},{"time":2.9666,"x":0.362,"y":0.362},{"time":3.9333,"x":0.824,"y":0.824}]},"Q9":{"translate":[{"time":0,"x":-174.36,"y":-9.22},{"time":0.9666,"x":-174.36,"y":14.48},{"time":1,"x":-174.36,"y":-55.06,"curve":"stepped"},{"time":2.0666,"x":-174.36,"y":-55.06},{"time":3.9333,"x":-174.36,"y":-9.22}],"scale":[{"time":0,"x":0.687,"y":0.687},{"time":0.9666,"x":0.12,"y":0.12},{"time":1,"x":0.362,"y":0.362,"curve":"stepped"},{"time":2.0666,"x":0.362,"y":0.362},{"time":3.4,"x":1,"y":1},{"time":3.9333,"x":0.687,"y":0.687}]},"Q10":{"translate":[{"time":0,"x":-174.36,"y":-3.21},{"time":0.2666,"x":-174.36,"y":1.44},{"time":0.3,"x":-174.36,"y":-55.06,"curve":"stepped"},{"time":0.9666,"x":-174.36,"y":-55.06},{"time":3.9333,"x":-174.36,"y":-3.21}],"scale":[{"time":0,"x":0.244,"y":0.244},{"time":0.2666,"x":0.12,"y":0.12},{"time":0.3,"x":0.362,"y":0.362,"curve":"stepped"},{"time":0.9666,"x":0.362,"y":0.362},{"time":2.3,"x":1,"y":1},{"time":3.9333,"x":0.244,"y":0.244}]},"500461_light":{"translate":[{"time":0,"x":0,"y":0,"curve":[0.25,0,0.75,1]},{"time":1.9666,"x":0,"y":29.86,"curve":[0.25,0,0.75,1]},{"time":3.9333,"x":0,"y":0}]}}}}}