{"skeleton":{"hash":"rke7Siq4WT2R+XThbRxEI9nnzds","spine":"3.4.02","width":210,"height":210,"images":""},"bones":[{"name":"root"},{"name":"zong","parent":"root"},{"name":"jd","parent":"zong","rotation":18.95,"x":44.47,"y":22.59},{"name":"anime_500306_snipper","parent":"jd","length":46.14,"rotation":-72.03,"x":-0.11,"y":-1.26},{"name":"anime_500306_snipper2","parent":"jd","length":46.14,"rotation":78.04,"x":-0.11,"y":-1.26,"scaleX":-1},{"name":"anime_500306_stick1","parent":"zong","length":54.97,"rotation":68.32,"x":-65.65,"y":-69.52},{"name":"anime_500306_stick2","parent":"zong","length":55.16,"rotation":29.91,"x":-65.65,"y":-70.83},{"name":"anime_500306_stick3","parent":"zong","length":55.02,"rotation":-0.68,"x":-64.31,"y":-72.04}],"slots":[{"name":"avator_frame_500306","bone":"root"},{"name":"anime_500306_snipper","bone":"anime_500306_snipper","attachment":"anime_500306_snipper"},{"name":"anime_500306_snipper2","bone":"anime_500306_snipper2","attachment":"anime_500306_snipper"},{"name":"anime_500306_stick1","bone":"anime_500306_stick1","attachment":"anime_500306_stick1"},{"name":"anime_500306_stick2","bone":"anime_500306_stick2","attachment":"anime_500306_stick2"},{"name":"anime_500306_stick3","bone":"anime_500306_stick3","attachment":"anime_500306_stick3"}],"skins":{"default":{"anime_500306_snipper":{"anime_500306_snipper":{"x":0.64,"y":5.69,"rotation":76.28,"width":31,"height":110}},"anime_500306_snipper2":{"anime_500306_snipper":{"x":0.64,"y":5.69,"rotation":76.28,"width":31,"height":110}},"anime_500306_stick1":{"anime_500306_stick1":{"x":47.53,"y":-0.56,"rotation":-68.32,"width":19,"height":47}},"anime_500306_stick2":{"anime_500306_stick2":{"x":40.24,"y":4.4,"rotation":-29.91,"width":61,"height":40}},"anime_500306_stick3":{"anime_500306_stick3":{"x":49.35,"y":-0.16,"rotation":0.68,"width":45,"height":17}}}},"animations":{"500306_1":{"bones":{"jd":{"rotate":[{"time":0,"angle":27.25,"curve":"stepped"},{"time":1,"angle":-55.98,"curve":"stepped"},{"time":2,"angle":-136.09,"curve":"stepped"},{"time":3,"angle":27.25}],"translate":[{"time":0,"x":0,"y":0,"curve":"stepped"},{"time":1,"x":-78.71,"y":-0.35,"curve":"stepped"},{"time":2,"x":-52.77,"y":36.53,"curve":"stepped"},{"time":3,"x":0,"y":0}],"scale":[{"time":0,"x":1,"y":1,"curve":"stepped"},{"time":1,"x":0.9,"y":0.9,"curve":"stepped"},{"time":2,"x":0.8,"y":0.8,"curve":"stepped"},{"time":3,"x":1,"y":1}]},"anime_500306_snipper":{"rotate":[{"time":0,"angle":0,"curve":"stepped"},{"time":0.3333,"angle":0,"curve":[0.25,0,0.75,1]},{"time":0.4666,"angle":10.6,"curve":[0.25,0,0.75,1]},{"time":0.6,"angle":0,"curve":[0.25,0,0.75,1]},{"time":0.7333,"angle":10.6,"curve":[0.25,0,0.75,1]},{"time":0.8666,"angle":0,"curve":"stepped"},{"time":1.3333,"angle":0,"curve":[0.25,0,0.75,1]},{"time":1.4666,"angle":10.6,"curve":[0.25,0,0.75,1]},{"time":1.6,"angle":0,"curve":[0.25,0,0.75,1]},{"time":1.7333,"angle":10.6,"curve":[0.25,0,0.75,1]},{"time":1.8666,"angle":0,"curve":"stepped"},{"time":2.3333,"angle":0,"curve":[0.25,0,0.75,1]},{"time":2.4666,"angle":10.6,"curve":[0.25,0,0.75,1]},{"time":2.6,"angle":0,"curve":[0.25,0,0.75,1]},{"time":2.7333,"angle":10.6,"curve":[0.25,0,0.75,1]},{"time":2.8666,"angle":0,"curve":"stepped"},{"time":3,"angle":0}]},"anime_500306_snipper2":{"rotate":[{"time":0,"angle":0,"curve":"stepped"},{"time":0.3333,"angle":0,"curve":[0.25,0,0.75,1]},{"time":0.4666,"angle":-8.45,"curve":[0.25,0,0.75,1]},{"time":0.6,"angle":0,"curve":[0.25,0,0.75,1]},{"time":0.7333,"angle":-8.45,"curve":[0.25,0,0.75,1]},{"time":0.8666,"angle":0,"curve":"stepped"},{"time":1.3333,"angle":0,"curve":[0.25,0,0.75,1]},{"time":1.4666,"angle":-8.45,"curve":[0.25,0,0.75,1]},{"time":1.6,"angle":0,"curve":[0.25,0,0.75,1]},{"time":1.7333,"angle":-8.45,"curve":[0.25,0,0.75,1]},{"time":1.8666,"angle":0,"curve":"stepped"},{"time":2.3333,"angle":0,"curve":[0.25,0,0.75,1]},{"time":2.4666,"angle":-8.45,"curve":[0.25,0,0.75,1]},{"time":2.6,"angle":0,"curve":[0.25,0,0.75,1]},{"time":2.7333,"angle":-8.45,"curve":[0.25,0,0.75,1]},{"time":2.8666,"angle":0,"curve":"stepped"},{"time":3,"angle":0}]},"anime_500306_stick1":{"rotate":[{"time":0,"angle":0,"curve":"stepped"},{"time":0.1666,"angle":-10.33,"curve":"stepped"},{"time":2.5,"angle":-10.33,"curve":"stepped"},{"time":2.6666,"angle":0}]},"anime_500306_stick2":{"rotate":[{"time":0.5,"angle":0,"curve":"stepped"},{"time":0.6666,"angle":-10.33,"curve":"stepped"},{"time":2,"angle":-10.33,"curve":"stepped"},{"time":2.1666,"angle":0}]},"anime_500306_stick3":{"rotate":[{"time":1,"angle":0,"curve":"stepped"},{"time":1.1666,"angle":-10.33,"curve":"stepped"},{"time":1.5,"angle":-10.33,"curve":"stepped"},{"time":1.6666,"angle":0}]}}}}}