{"skeleton":{"hash":"t6dTRAI4vvI/yRCPZW9pYd0Zh9I","spine":"3.4.02","width":0,"height":0,"images":"./images/"},"bones":[{"name":"root"},{"name":"1","parent":"root","x":-2.12,"y":-89.34},{"name":"3","parent":"1","length":63.75,"rotation":-89.54,"x":-69.27,"y":180.71},{"name":"5","parent":"root","x":30.5,"y":-64.24},{"name":"6","parent":"root","x":52.09,"y":-35.63},{"name":"7","parent":"root","x":61.62,"y":-63.74},{"name":"bone","parent":"3","length":27.14,"rotation":-3.63,"x":63.75},{"name":"bone2","parent":"bone","length":31.66,"rotation":0.45,"x":27.14},{"name":"bone3","parent":"bone2","length":18.58,"rotation":1.17,"x":31.66}],"slots":[{"name":"1","bone":"1","attachment":"1"},{"name":"3","bone":"3","attachment":"3"},{"name":"5","bone":"5","attachment":"5","blend":"additive"},{"name":"6","bone":"6","attachment":"5","blend":"additive"},{"name":"7","bone":"7","attachment":"7"}],"skins":{"default":{"1":{"1":{"x":2.12,"y":89.34,"width":210,"height":210}},"3":{"3":{"type":"mesh","uvs":[0.37357,0,0.30262,0.13514,0,0.24071,0,0.34342,0,0.43758,0.22575,0.53458,0.30853,0.61162,0.29079,0.71719,0.28488,0.82275,0.26714,0.91976,0.24349,1,0.59827,1,0.60418,0.91976,0.60418,0.81705,0.61601,0.71719,0.63966,0.61162,0.71653,0.52602,1,0.40905,1,0.32916,1,0.22359,0.63375,0.13229,0.55688,0.0039,0.45636,0.49749,0.45636,0.38907,0.47409,0.28636,0.46096,0.19221,0.75201,0.33201,0.20801,0.33772],"triangles":[10,9,11,11,9,12,9,8,12,8,13,12,8,7,13,13,7,14,7,6,14,6,22,14,14,22,15,15,22,16,6,5,22,4,27,5,22,5,23,22,23,16,16,23,26,16,26,17,26,23,24,23,5,27,4,3,27,26,18,17,23,27,24,24,1,25,1,24,27,3,2,27,27,2,1,24,20,26,18,26,19,26,20,19,24,25,20,1,0,25,25,21,20,25,0,21],"vertices":[1,2,-2.16,-4.8,1,2,2,17.11,-10.26,0.99996,6,-45.89,-13.19,3.0E-5,2,2,32.04,-31.26,0.98341,6,-29.66,-33.2,0.01658,2,2,46.73,-31.37,0.89499,6,-14.99,-32.39,0.105,2,2,60.2,-31.48,0.74053,6,-1.55,-31.64,0.25946,2,2,74.19,-16.01,0.21122,6,11.43,-15.32,0.78877,3,2,85.25,-10.39,0.00218,6,22.11,-9,0.85245,7,-5.1,-8.96,0.14534,2,6,37.25,-9.39,0.04804,7,10.03,-9.47,0.95195,2,7,25.12,-9.16,0.86668,8,-6.71,-9.02,0.13331,2,7,39.04,-9.72,0.08589,8,7.18,-9.87,0.9141,1,8,18.69,-11.19,1,2,7,49.41,13.64,0.00371,8,18.03,13.27,0.99628,2,7,37.93,13.5,0.19603,8,6.55,13.37,0.80396,2,7,23.26,12.8,0.92629,8,-8.13,12.97,0.0737,2,6,36.00999,13.01,0.11951,7,8.96,12.94,0.88048,3,2,85.43,12.45,0.00793,6,20.84,13.8,0.82376,7,-6.19,13.85,0.1683,2,2,73.23,17.85,0.31825,6,8.33,18.42,0.68174,3,2,56.66,37.54,0.88039,6,-9.45,37.02,0.11956,7,-36.31,37.31,4.0E-5,3,2,45.24,37.63,0.94541,6,-20.86,36.38,0.05454,7,-47.72,36.75999,3.0E-5,3,2,30.14,37.75,0.99281,6,-35.93,35.55,0.00715,7,-62.8,36.04,2.0E-5,2,2,16.89,12.58,0.99999,7,-74.64,10.18,0,1,2,-1.51,7.42,1,1,6,5.25,0.27,1,1,2,53.51,0.05,1,1,2,38.83,1.39,1,1,2,25.36,0.68,1,3,2,45.51,20.52,0.94489,6,-19.5,19.32,0.05508,7,-46.5,19.69,1.0E-5,2,2,46.03,-17.01,0.95398,6,-16.6,-18.1,0.04601],"hull":22,"edges":[0,2,2,4,8,10,10,12,12,14,14,16,16,18,18,20,20,22,22,24,24,26,26,28,28,30,30,32,32,34,38,40,40,42,0,42,4,6,6,8,34,36,36,38],"width":69,"height":143}},"5":{"5":{"x":0.98,"y":0.68,"width":24,"height":22}},"6":{"5":{"x":0.98,"y":0.68,"width":24,"height":22}},"7":{"7":{"x":3.87,"y":-2.25,"width":53,"height":39}}}},"animations":{"500568_1":{"slots":{"5":{"color":[{"time":0,"color":"ffffff00","curve":"stepped"},{"time":0.5,"color":"ffffff00","curve":[0.25,0,0.75,1]},{"time":0.8333,"color":"ffffffff","curve":[0.25,0,0.75,1]},{"time":1.5,"color":"ffffff00","curve":"stepped"},{"time":2.6666,"color":"ffffff00"}]},"6":{"color":[{"time":0,"color":"ffffff00","curve":"stepped"},{"time":1.8333,"color":"ffffff00","curve":[0.25,0,0.75,1]},{"time":2.1666,"color":"ffffffff","curve":[0.25,0,0.75,1]},{"time":2.6666,"color":"ffffff00"}]}},"bones":{"root":{"rotate":[{"time":0,"angle":0,"curve":"stepped"},{"time":2.6666,"angle":0}],"translate":[{"time":0,"x":0,"y":0,"curve":"stepped"},{"time":2.6666,"x":0,"y":0}],"scale":[{"time":0,"x":1,"y":1,"curve":"stepped"},{"time":2.6666,"x":1,"y":1}]},"1":{"rotate":[{"time":0,"angle":0,"curve":"stepped"},{"time":2.6666,"angle":0}],"translate":[{"time":0,"x":0,"y":0,"curve":"stepped"},{"time":2.6666,"x":0,"y":0}],"scale":[{"time":0,"x":1,"y":1,"curve":"stepped"},{"time":2.6666,"x":1,"y":1}]},"3":{"rotate":[{"time":0,"angle":-1.52,"curve":[0.374,0.61,0.715,1]},{"time":0.2666,"angle":-2.23},{"time":1.6,"angle":3.24,"curve":[0.242,0,0.679,0.71]},{"time":2.6666,"angle":-1.52}],"translate":[{"time":0,"x":0,"y":0,"curve":"stepped"},{"time":2.6666,"x":0,"y":0}],"scale":[{"time":0,"x":1,"y":1,"curve":"stepped"},{"time":2.6666,"x":1,"y":1}]},"bone":{"rotate":[{"time":0,"angle":0.68,"curve":[0.381,0.54,0.742,1]},{"time":0.5333,"angle":-4.1},{"time":1.8666,"angle":8.91,"curve":[0.245,0,0.637,0.55]},{"time":2.6666,"angle":0.68}],"translate":[{"time":0,"x":0,"y":0,"curve":"stepped"},{"time":2.6666,"x":0,"y":0}],"scale":[{"time":0,"x":1,"y":1,"curve":"stepped"},{"time":2.6666,"x":1,"y":1}]},"bone2":{"rotate":[{"time":0,"angle":7.13,"curve":[0.357,0.42,0.755,1]},{"time":0.8333,"angle":-7.52},{"time":2.2,"angle":14.2,"curve":[0.261,0,0.617,0.44]},{"time":2.6666,"angle":7.13}],"translate":[{"time":0,"x":0,"y":0,"curve":"stepped"},{"time":2.6666,"x":0,"y":0}],"scale":[{"time":0,"x":1,"y":1,"curve":"stepped"},{"time":2.6666,"x":1,"y":1}]},"bone3":{"rotate":[{"time":0,"angle":16.37,"curve":[0.31,0.25,0.756,1]},{"time":1.1,"angle":-16.78},{"time":2.4666,"angle":19.91,"curve":[0.29,0,0.629,0.37]},{"time":2.6666,"angle":16.37}],"translate":[{"time":0,"x":0,"y":0,"curve":"stepped"},{"time":2.6666,"x":0,"y":0}],"scale":[{"time":0,"x":1,"y":1,"curve":"stepped"},{"time":2.6666,"x":1,"y":1}]},"7":{"rotate":[{"time":0,"angle":0,"curve":"stepped"},{"time":0.5,"angle":0},{"time":0.5666,"angle":-4.92},{"time":0.6333,"angle":2.59},{"time":0.7,"angle":-4.92},{"time":0.7666,"angle":2.59},{"time":0.8333,"angle":-4.92},{"time":0.9,"angle":2.59},{"time":0.9666,"angle":0,"curve":"stepped"},{"time":1.9,"angle":0},{"time":1.9666,"angle":-4.92},{"time":2.0333,"angle":2.59},{"time":2.1,"angle":-4.92},{"time":2.1666,"angle":2.59},{"time":2.2333,"angle":-4.92},{"time":2.3,"angle":2.59},{"time":2.3666,"angle":0,"curve":"stepped"},{"time":2.6666,"angle":0}],"translate":[{"time":0,"x":0,"y":0,"curve":"stepped"},{"time":2.6666,"x":0,"y":0}],"scale":[{"time":0,"x":1,"y":1,"curve":"stepped"},{"time":2.6666,"x":1,"y":1}]},"5":{"rotate":[{"time":0,"angle":0,"curve":"stepped"},{"time":2.6666,"angle":0}],"translate":[{"time":0,"x":0,"y":0},{"time":0.5,"x":7.57,"y":-11.36,"curve":[0.25,0,0.75,1]},{"time":0.8333,"x":2.27,"y":2.27,"curve":[0.25,0,0.75,1]},{"time":1.5,"x":-0.57,"y":17.39,"curve":"stepped"},{"time":2.6666,"x":-0.57,"y":17.39}],"scale":[{"time":0,"x":1,"y":1,"curve":"stepped"},{"time":0.5,"x":1,"y":1,"curve":[0.25,0,0.75,1]},{"time":0.8333,"x":1.5,"y":1.5,"curve":[0.25,0,0.75,1]},{"time":1.5,"x":2,"y":2,"curve":"stepped"},{"time":2.6666,"x":2,"y":2}]},"6":{"rotate":[{"time":0,"angle":0,"curve":"stepped"},{"time":2.6666,"angle":0}],"translate":[{"time":0,"x":0,"y":0},{"time":1.8333,"x":6.06,"y":-21.98,"curve":[0.25,0,0.75,1]},{"time":2.1666,"x":1.13,"y":-4.08,"curve":[0.25,0,0.75,1]},{"time":2.6666,"x":0,"y":0}],"scale":[{"time":0,"x":1,"y":1,"curve":"stepped"},{"time":1.8333,"x":1,"y":1,"curve":[0.25,0,0.75,1]},{"time":2.1666,"x":1.5,"y":1.5,"curve":[0.25,0,0.75,1]},{"time":2.6666,"x":2,"y":2}]}}}}}