{"skeleton":{"hash":"FOpbH1Mr+EGHYPIHqhPFJccCa94","spine":"3.6.53","width":392.64,"height":296.09,"images":"../"},"bones":[{"name":"root"},{"name":"bone11","parent":"root","length":24.8,"rotation":93.73,"x":113.98,"y":143.58,"scaleX":0.226,"scaleY":0.226},{"name":"bone","parent":"bone11","length":9.83,"rotation":86.27,"x":-7.23,"y":0.64},{"name":"500405/13","parent":"bone","length":16.65,"rotation":-35.36,"y":-2.15},{"name":"500405/14","parent":"bone","length":16.65,"rotation":47.3,"x":-1.12,"y":0.29,"scaleX":0.614,"scaleY":0.614},{"name":"bone2","parent":"bone11","length":9.83,"rotation":-93.73,"x":-7.23,"y":0.64},{"name":"500405/15","parent":"bone2","length":16.65,"rotation":132.57,"x":1.12,"y":-0.29,"scaleX":-0.611,"scaleY":0.614},{"name":"500405/16","parent":"bone2","length":16.65,"rotation":-143.08,"y":2.15,"scaleX":-1},{"name":"bone12","parent":"root","length":24.8,"rotation":93.73,"x":99.21,"y":115.99,"scaleX":0.226,"scaleY":0.226},{"name":"bone13","parent":"bone12","length":9.83,"rotation":86.27,"x":-7.23,"y":0.64},{"name":"500405/17","parent":"bone13","length":16.65,"rotation":-35.36,"y":-2.15},{"name":"500405/18","parent":"bone13","length":16.65,"rotation":47.3,"x":-1.12,"y":0.29,"scaleX":0.614,"scaleY":0.614},{"name":"bone18","parent":"bone12","length":9.83,"rotation":-93.73,"x":-7.23,"y":0.64},{"name":"500405/19","parent":"bone18","length":16.65,"rotation":132.57,"x":1.12,"y":-0.29,"scaleX":-0.611,"scaleY":0.614},{"name":"500405/20","parent":"bone18","length":16.65,"rotation":-143.08,"y":2.15,"scaleX":-1},{"name":"bone23","parent":"root","length":24.8,"rotation":93.73,"x":64.65,"y":143.58,"scaleX":0.226,"scaleY":0.226},{"name":"bone24","parent":"bone23","length":9.83,"rotation":86.27,"x":-7.23,"y":0.64},{"name":"500405/21","parent":"bone24","length":16.65,"rotation":-35.36,"y":-2.15},{"name":"500405/22","parent":"bone24","length":16.65,"rotation":47.3,"x":-1.12,"y":0.29,"scaleX":0.614,"scaleY":0.614},{"name":"bone29","parent":"bone23","length":9.83,"rotation":-93.73,"x":-7.23,"y":0.64},{"name":"500405/23","parent":"bone29","length":16.65,"rotation":132.57,"x":1.12,"y":-0.29,"scaleX":-0.611,"scaleY":0.614},{"name":"500405/24","parent":"bone29","length":16.65,"rotation":-143.08,"y":2.15,"scaleX":-1},{"name":"bone34","parent":"root","length":24.8,"rotation":93.73,"x":74.56,"y":124.01,"scaleX":0.226,"scaleY":0.226},{"name":"bone35","parent":"bone34","length":9.83,"rotation":86.27,"x":-7.23,"y":0.64},{"name":"500405/25","parent":"bone35","length":16.65,"rotation":-35.36,"y":-2.15},{"name":"500405/26","parent":"bone35","length":16.65,"rotation":47.3,"x":-1.12,"y":0.29,"scaleX":0.614,"scaleY":0.614},{"name":"bone40","parent":"bone34","length":9.83,"rotation":-93.73,"x":-7.23,"y":0.64},{"name":"500405/27","parent":"bone40","length":16.65,"rotation":132.57,"x":1.12,"y":-0.29,"scaleX":-0.611,"scaleY":0.614},{"name":"500405/28","parent":"bone40","length":16.65,"rotation":-143.08,"y":2.15,"scaleX":-1},{"name":"500410/2","parent":"root","rotation":163.3,"x":112.95,"y":142.44,"scaleX":0.361,"scaleY":0.361},{"name":"500410/3","parent":"root","rotation":163.3,"x":139.45,"y":120.36,"scaleX":0.263,"scaleY":0.263},{"name":"500410/4","parent":"root","rotation":163.3,"x":243.22,"y":138.58,"scaleX":0.186,"scaleY":0.186},{"name":"500410/5","parent":"root","rotation":163.3,"x":213.97,"y":119.81,"scaleX":0.243,"scaleY":0.243},{"name":"500410/6","parent":"root","rotation":163.3,"x":165.94,"y":120.92,"scaleX":0.216,"scaleY":0.216},{"name":"500410/7","parent":"root","rotation":163.3,"x":197.96,"y":134.72,"scaleX":0.361,"scaleY":0.361},{"name":"500410/8","parent":"root","rotation":163.3,"x":133.38,"y":133.06,"scaleX":0.188,"scaleY":0.188},{"name":"500410/9","parent":"root","rotation":163.3,"x":161.53,"y":141.89,"scaleX":0.275,"scaleY":0.275},{"name":"500410/10","parent":"root","rotation":163.3,"x":213.42,"y":142.44,"scaleX":0.361,"scaleY":0.361},{"name":"500410/11","parent":"root","rotation":163.3,"x":243.22,"y":122.02,"scaleX":0.361,"scaleY":0.361},{"name":"500410/12","parent":"root","rotation":163.3,"x":190.78,"y":122.02,"scaleX":0.237,"scaleY":0.237},{"name":"500410/13","parent":"root","rotation":163.3,"x":190.78,"y":158.45,"scaleX":0.204,"scaleY":0.204},{"name":"500410/14","parent":"root","rotation":163.3,"x":213.97,"y":99.68,"scaleX":0.1,"scaleY":0.1},{"name":"500410/15","parent":"root","rotation":163.3,"x":177.26,"y":99.68,"scaleX":0.144,"scaleY":0.144},{"name":"500410/16","parent":"root","rotation":163.3,"x":153.78,"y":87.89,"scaleX":0.243,"scaleY":0.243},{"name":"500410/17","parent":"root","rotation":163.3,"x":156.92,"y":112.02,"scaleX":0.149,"scaleY":0.149},{"name":"500410/18","parent":"root","rotation":163.3,"x":230.02,"y":154.31,"scaleX":0.121,"scaleY":0.121},{"name":"500410/19","parent":"root","rotation":163.3,"x":140.81,"y":149.2,"scaleX":0.165,"scaleY":0.165},{"name":"bone3","parent":"500405/13","length":15.58,"rotation":-14.04,"x":24.25,"y":-0.52},{"name":"bone4","parent":"bone3","length":15.27,"rotation":-15.74,"x":29.18,"y":-2.31},{"name":"bone5","parent":"500405/16","length":14.58,"rotation":-9.02,"x":24.26,"y":0.57},{"name":"bone6","parent":"bone5","length":20.15,"rotation":-21.37,"x":25.37,"y":-1.97},{"name":"bone7","parent":"500405/14","length":15.65,"rotation":-8.01,"x":27.23,"y":-1.06},{"name":"bone8","parent":"bone7","length":16.26,"rotation":-10.99,"x":30.26,"y":-1.28},{"name":"bone9","parent":"500405/15","length":13.89,"rotation":-2.42,"x":28.06,"y":-3.14},{"name":"bone10","parent":"bone9","length":13.68,"rotation":-5.8,"x":24.44,"y":-1.66},{"name":"bone14","parent":"500405/17","length":15.58,"rotation":-14.04,"x":24.25,"y":-0.52},{"name":"bone15","parent":"bone14","length":15.27,"rotation":-15.74,"x":29.18,"y":-2.31},{"name":"bone16","parent":"500405/18","length":15.65,"rotation":-8.01,"x":27.23,"y":-1.06},{"name":"bone17","parent":"bone16","length":16.26,"rotation":-10.99,"x":30.26,"y":-1.28},{"name":"bone19","parent":"500405/19","length":13.89,"rotation":-2.42,"x":28.06,"y":-3.14},{"name":"bone20","parent":"bone19","length":13.68,"rotation":-5.8,"x":24.44,"y":-1.66},{"name":"bone21","parent":"500405/20","length":14.58,"rotation":-9.02,"x":24.26,"y":0.57},{"name":"bone22","parent":"bone21","length":20.15,"rotation":-21.37,"x":25.37,"y":-1.97},{"name":"bone25","parent":"500405/21","length":15.58,"rotation":-14.04,"x":24.25,"y":-0.52},{"name":"bone26","parent":"bone25","length":15.27,"rotation":-15.74,"x":29.18,"y":-2.31},{"name":"bone27","parent":"500405/22","length":15.65,"rotation":-8.01,"x":27.23,"y":-1.06},{"name":"bone28","parent":"bone27","length":16.26,"rotation":-10.99,"x":30.26,"y":-1.28},{"name":"bone30","parent":"500405/23","length":13.89,"rotation":-2.42,"x":28.06,"y":-3.14},{"name":"bone31","parent":"bone30","length":13.68,"rotation":-5.8,"x":24.44,"y":-1.66},{"name":"bone32","parent":"500405/24","length":14.58,"rotation":-9.02,"x":24.26,"y":0.57},{"name":"bone33","parent":"bone32","length":20.15,"rotation":-21.37,"x":25.37,"y":-1.97},{"name":"bone36","parent":"500405/25","length":15.58,"rotation":-14.04,"x":24.25,"y":-0.52},{"name":"bone37","parent":"bone36","length":15.27,"rotation":-15.74,"x":29.18,"y":-2.31},{"name":"bone38","parent":"500405/26","length":15.65,"rotation":-8.01,"x":27.23,"y":-1.06},{"name":"bone39","parent":"bone38","length":16.26,"rotation":-10.99,"x":30.26,"y":-1.28},{"name":"bone41","parent":"500405/27","length":13.89,"rotation":-2.42,"x":28.06,"y":-3.14},{"name":"bone42","parent":"bone41","length":13.68,"rotation":-5.8,"x":24.44,"y":-1.66},{"name":"bone43","parent":"500405/28","length":14.58,"rotation":-9.02,"x":24.26,"y":0.57},{"name":"bone44","parent":"bone43","length":20.15,"rotation":-21.37,"x":25.37,"y":-1.97}],"slots":[{"name":"500405/13","bone":"500405/13","attachment":"500405/13","blend":"additive"},{"name":"500405/25","bone":"500405/25","attachment":"500405/13","blend":"additive"},{"name":"500405/17","bone":"500405/17","attachment":"500405/13","blend":"additive"},{"name":"500405/21","bone":"500405/21","attachment":"500405/13","blend":"additive"},{"name":"500405/16","bone":"500405/16","attachment":"500405/13","blend":"additive"},{"name":"500405/28","bone":"500405/28","attachment":"500405/13","blend":"additive"},{"name":"500405/20","bone":"500405/20","attachment":"500405/13","blend":"additive"},{"name":"500405/24","bone":"500405/24","attachment":"500405/13","blend":"additive"},{"name":"500405/14","bone":"500405/14","attachment":"500405/13","blend":"additive"},{"name":"500405/26","bone":"500405/26","attachment":"500405/13","blend":"additive"},{"name":"500405/18","bone":"500405/18","attachment":"500405/13","blend":"additive"},{"name":"500405/22","bone":"500405/22","attachment":"500405/13","blend":"additive"},{"name":"500405/15","bone":"500405/15","attachment":"500405/13","blend":"additive"},{"name":"500405/27","bone":"500405/27","attachment":"500405/13","blend":"additive"},{"name":"500405/19","bone":"500405/19","attachment":"500405/13","blend":"additive"},{"name":"500405/23","bone":"500405/23","attachment":"500405/13","blend":"additive"},{"name":"500410/2","bone":"500410/2","attachment":"500410/2","blend":"additive"},{"name":"500410/3","bone":"500410/3","attachment":"500410/2","blend":"additive"},{"name":"500410/9","bone":"500410/9","attachment":"500410/2","blend":"additive"},{"name":"500410/8","bone":"500410/8","attachment":"500410/2","blend":"additive"},{"name":"500410/4","bone":"500410/4","attachment":"500410/2","blend":"additive"},{"name":"500410/11","bone":"500410/11","attachment":"500410/2","blend":"additive"},{"name":"500410/12","bone":"500410/12","attachment":"500410/2","blend":"additive"},{"name":"500410/13","bone":"500410/13","attachment":"500410/2","blend":"additive"},{"name":"500410/5","bone":"500410/5","attachment":"500410/2","blend":"additive"},{"name":"500410/14","bone":"500410/14","attachment":"500410/2","blend":"additive"},{"name":"500410/15","bone":"500410/15","attachment":"500410/2","blend":"additive"},{"name":"500410/16","bone":"500410/16","attachment":"500410/2","blend":"additive"},{"name":"500410/18","bone":"500410/18","attachment":"500410/2","blend":"additive"},{"name":"500410/19","bone":"500410/19","attachment":"500410/2","blend":"additive"},{"name":"500410/17","bone":"500410/17","attachment":"500410/2","blend":"additive"},{"name":"500410/6","bone":"500410/6","attachment":"500410/2","blend":"additive"},{"name":"500410/7","bone":"500410/7","attachment":"500410/2","blend":"additive"},{"name":"500410/10","bone":"500410/10","attachment":"500410/2","blend":"additive"}],"skins":{"default":{"500405/13":{"500405/13":{"type":"mesh","uvs":[0.51724,0.11347,0.61644,0.27467,0.69911,0.4586,0.78505,0.61159,0.87911,0.73886,0.94551,0.85506,1,0.92146,1,1,0.89848,1,0.70758,1,0.52775,1,0.35622,0.94359,0.19852,0.86059,0.07402,0.74992,0,0.60882,0,0.41793,0,0.23256,0.06848,0.06379,0.16255,0,0.26435,0,0.41849,0,0.21512,0.22703,0.30088,0.39579,0.42262,0.56732,0.54711,0.71672,0.64948,0.83292,0.84868,0.92146],"triangles":[7,26,6,9,26,8,6,26,5,26,7,8,10,25,9,9,25,26,26,4,5,26,25,4,25,3,4,25,10,24,10,11,24,11,12,24,12,23,24,12,13,23,25,24,3,13,22,23,13,14,22,24,2,3,24,23,2,23,1,2,23,22,1,14,15,22,15,21,22,15,16,21,22,21,0,22,0,1,20,21,19,21,20,0,16,17,21,17,18,21,21,18,19],"vertices":[2,48,6.3,-15.77,0.9256,47,30.97,-19.19,0.0744,2,48,-4.98,-17.1,0.53531,47,19.75,-17.42,0.46469,3,48,-17.07,-16.96,0.08223,47,8.15,-14,0.88379,3,28.76,-16.08,0.03398,3,48,-27.57,-17.78,3.9E-4,47,-2.18,-11.94,0.53628,3,19.24,-11.58,0.46333,3,48,-36.87,-19.69,0,47,-11.65,-11.26,0.02876,3,10.22,-8.62,0.97123,2,48,-44.87,-20.37,0,3,2.93,-5.24,1,2,48,-49.86,-21.66,0,3,-2.04,-3.88,1,2,48,-54.14,-19.68,0,3,-4.76,-0.04,1,1,3,0.2,3.49,1,2,47,-16.85,6.75,0.07919,3,9.54,10.12,0.92081,2,47,-9.82,14.94,0.5356,3,18.34,16.36,0.4644,3,48,-34.83,13.94,0.0087,47,-0.56,20.56,0.87376,3,28.7,19.56,0.11754,3,48,-26.33,20.43,0.08261,47,9.38,24.5,0.90603,3,39.29,20.97,0.01135,2,48,-17.16,24.42,0.2366,47,19.28,25.85,0.7634,2,48,-7.62,24.89,0.437,47,28.6,23.71,0.563,2,48,2.78,20.07,0.77206,47,37.3,16.26,0.22794,2,48,12.87,15.4,0.97967,47,45.74,9.02,0.02033,1,48,20.33,7.41,1,2,48,21.43,0.68,1,47,49.99,-7.47,0,1,48,18.86,-4.86,1,2,48,14.97,-13.25,0.99689,47,40,-19.13,0.00311,2,48,7.74,3.55,0.99909,47,37.6,-1,9.1E-4,2,48,-3.61,3.13,0.73058,47,26.56,1.69,0.26942,1,47,13.99,2.84,1,1,47,2.32,3,1,2,47,-6.97,2.87,0.13634,3,18.19,3.96,0.86366,1,3,5.37,1.37,1],"hull":21,"edges":[38,40,40,0,0,2,2,4,4,6,6,8,8,10,14,12,10,12,14,16,16,18,18,20,20,22,22,24,24,26,26,28,28,30,30,32,32,34,36,38,34,36,52,14],"width":60,"height":60}},"500405/14":{"500405/13":{"type":"mesh","uvs":[0.4886,0.08384,0.59681,0.22729,0.6547,0.35815,0.72768,0.49405,0.7906,0.60982,0.87113,0.73062,0.94663,0.85645,1,0.95712,1,1,0.8812,1,0.75536,1,0.55906,1,0.35521,0.94957,0.1866,0.85897,0.07838,0.73314,0,0.58969,0,0.40345,0,0.21974,0.06831,0.07629,0.17401,0,0.26965,0,0.39296,0,0.20673,0.19205,0.28223,0.34305,0.3678,0.51419,0.46595,0.64254,0.60436,0.7734,0.7604,0.87407,0.92398,0.95712],"triangles":[15,16,23,16,22,23,16,17,22,23,22,0,23,0,1,21,22,20,22,21,0,17,18,22,18,19,22,22,19,20,11,12,26,12,25,26,12,13,25,13,24,25,13,14,24,4,26,3,14,15,24,26,25,3,3,25,2,15,23,24,25,24,2,24,1,2,24,23,1,9,28,8,28,7,8,28,9,27,9,10,27,10,11,27,11,26,27,28,6,7,28,27,6,27,5,6,27,26,5,26,4,5],"vertices":[2,51,28.23,-22.33,0.23462,52,2.02,-21.05,0.76538,2,51,17.6,-20.53,0.58711,52,-8.75,-21.32,0.41289,3,4,34.42,-19.45,0.00526,51,9.69,-17.21,0.85205,52,-17.16,-19.56,0.14269,3,4,26.13,-15.34,0.13228,51,0.9,-14.29,0.85499,52,-26.34,-18.37,0.01273,2,4,19.03,-11.86,0.52858,51,-6.61,-11.84,0.47142,2,4,10.9,-8.74,0.95912,51,-15.1,-9.89,0.04088,1,4,2.83,-5.21,1,1,4,-3.28,-2.14,1,1,4,-4.76,-0.04,1,1,4,1.05,4.09,1,2,4,7.21,8.46,0.98519,51,-21.15,6.63,0.01481,2,4,16.81,15.27,0.62978,51,-12.59,14.72,0.37022,3,4,28.54,19.89,0.16391,51,-1.62,20.92,0.83279,52,-35.53,15.72,0.0033,3,4,39.93,21.31,0.01755,51,9.46,23.92,0.91845,52,-25.22,20.77,0.06399,3,4,49.6,18.91,1.0E-5,51,19.37,22.89,0.77716,52,-15.3,21.65,0.22283,2,51,28.7,19.86,0.52238,52,-5.56,20.46,0.47762,2,51,36.37,11.74,0.15728,52,3.52,13.95,0.84272,1,52,12.48,7.52,1,1,52,17.08,-0.82,1,2,51,45.41,-13.03,0.00175,52,17.11,-8.64,0.99825,2,51,41.24,-16.97,0.02576,52,13.77,-13.31,0.97424,2,51,35.86,-22.05,0.09781,52,9.45,-19.32,0.90219,2,51,36.07,-6,0.00203,52,6.6,-3.53,0.99797,2,51,26.55,-2.52,0.21068,52,-3.4,-1.93,0.78932,2,51,15.77,1.41,0.95863,52,-14.74,-0.12,0.04137,1,51,6.2,2.97,1,2,4,22.46,2.61,0.30383,51,-5.23,2.97,0.69617,2,4,11.33,2.12,0.99751,51,-16.18,0.93,0.00249,1,4,0.44,0.5,1],"hull":22,"edges":[40,42,42,0,0,2,2,4,4,6,6,8,8,10,10,12,16,14,12,14,16,18,18,20,20,22,22,24,24,26,26,28,28,30,30,32,32,34,34,36,38,40,36,38],"width":60,"height":60}},"500405/15":{"500405/13":{"type":"mesh","uvs":[0.51518,0.08752,0.59878,0.21166,0.65451,0.33579,0.71278,0.46752,0.78371,0.59925,0.86984,0.73605,0.93064,0.84752,1,1,0.87238,1,0.77104,1,0.65704,1,0.51264,1,0.35051,0.95139,0.20105,0.86272,0.09211,0.77152,0,0.60432,0,0.44726,0,0.27499,0,0.13312,0.14025,0,0.40118,0,0.19091,0.22686,0.23398,0.35099,0.30745,0.48019,0.40625,0.63979,0.55318,0.72592,0.67984,0.82472,0.80651,0.90072,0.90278,0.95139],"triangles":[23,16,22,23,15,16,23,22,1,22,17,21,22,16,17,22,0,1,0,21,20,0,22,21,17,18,21,18,19,21,21,19,20,11,12,25,12,24,25,12,13,24,13,14,24,14,23,24,14,15,23,4,25,3,25,24,3,24,2,3,24,23,2,23,1,2,8,28,7,28,6,7,28,8,27,8,9,27,9,10,27,10,26,27,10,11,26,11,25,26,28,27,6,27,5,6,27,26,5,26,4,5,26,25,4],"vertices":[3,6,50.64,-27.85,0,53,23.61,-23.74,0.20358,54,1.4,-22.05,0.79642,3,6,42.24,-24.68,0,53,15.08,-20.92,0.476,54,-7.37,-20.11,0.524,2,53,7.87,-17.09,0.76877,54,-14.92,-17.02,0.23123,3,6,27.78,-16.12,0.0411,53,0.27,-12.98,0.92007,54,-22.9,-13.71,0.03884,2,6,19.73,-12.14,0.41928,53,-7.94,-9.34,0.58072,2,6,10.77,-8.43,0.94919,53,-17.05,-6.02,0.05081,1,6,3.92,-5.09,1,1,6,-4.76,-0.04,1,1,6,1.48,4.39,1,1,6,6.44,7.91,1,2,6,12.02,11.87,0.94066,53,-16.66,14.32,0.05934,2,6,19.08,16.89,0.69381,53,-9.82,19.63,0.30618,3,6,28.7,20.14,0.36246,53,-0.34,23.28,0.63056,54,-27.18,22.31,0.00698,3,6,39.1,20.99,0.13457,53,10.01,24.57,0.77396,54,-17.01,24.64,0.09147,3,6,47.59,20.31,0.04516,53,18.52,24.25,0.70015,54,-8.5,25.18,0.25468,3,6,57.91,15.33,0.00343,53,29.04,19.71,0.4229,54,2.42,21.72,0.57367,2,53,34.81,12.26,0.15407,54,8.91,14.9,0.84593,3,6,69.34,-0.79,0,53,41.14,4.09,0.00369,54,16.04,7.41,0.99631,2,6,74.27,-7.73,0,54,21.91,1.24,1,2,6,72.03,-19.11,0,54,21.32,-10.34,1,3,6,59.26,-28.17,0,53,32.23,-23.7,0.07138,54,9.98,-21.14,0.92862,1,54,9.73,-2.58,1,1,54,2.73,1.03,1,3,6,47.17,-1.42,3.8E-4,53,19.02,2.52,0.68883,54,-5.81,3.61,0.31079,3,6,36.8,2.96,0.05137,53,8.47,6.46,0.9254,54,-16.71,6.46,0.02323,2,6,26.62,2.07,0.27418,53,-1.66,5.14,0.72582,2,6,16.99,2.5,0.99207,53,-11.3,5.17,0.00793,1,6,8.15,1.82,1,1,6,1.68,0.96,1],"hull":21,"edges":[40,0,0,2,2,4,4,6,6,8,8,10,10,12,12,14,14,16,16,18,18,20,20,22,22,24,24,26,26,28,28,30,30,32,32,34,34,36,38,40,36,38],"width":60,"height":60}},"500405/16":{"500405/13":{"type":"mesh","uvs":[0.53329,0.12651,0.61414,0.26896,0.69884,0.43066,0.80664,0.62316,0.88364,0.75791,1,0.93116,1,1,0.86054,1,0.66419,1,0.49094,1,0.29074,0.92731,0.11364,0.79641,0,0.62316,0,0.44221,0,0.23046,0.08284,0.06876,0.18679,0,0.37544,0,0.22914,0.25356,0.30614,0.41526,0.39084,0.56156,0.54099,0.71556,0.70654,0.85416,0.85284,0.91961],"triangles":[12,19,20,12,13,19,20,19,1,13,18,19,13,14,18,19,0,1,19,18,0,14,15,18,15,16,18,18,17,0,18,16,17,9,21,22,9,10,21,10,20,21,10,11,20,11,12,20,21,2,3,21,20,2,20,1,2,7,5,6,8,23,7,7,23,5,8,22,23,8,9,22,23,4,5,23,22,4,22,3,4,22,21,3],"vertices":[2,49,28.1,-23.02,0.0736,50,10.21,-18.6,0.9264,3,7,39.5,-22.41,0.00151,49,18.66,-20.3,0.3395,50,0.43,-19.51,0.65899,3,7,29.74,-17.44,0.08471,49,8.24,-16.92,0.72923,50,-10.51,-20.16,0.18606,3,7,17.78,-11.76,0.6662,49,-4.46,-13.19,0.33214,50,-23.7,-21.31,0.00165,2,7,9.34,-7.84,0.99882,49,-13.42,-10.64,0.00118,1,7,-2.37,-3.41,1,1,7,-4.76,-0.04,1,1,7,2.06,4.81,1,2,7,11.67,11.62,0.72813,49,-14.17,8.95,0.27187,2,7,20.14,17.64,0.21469,49,-6.74,16.22,0.78531,3,7,32.46,21.03,0.00908,49,4.9,21.5,0.94712,50,-27.62,14.4,0.04379,2,49,17.99,23.32,0.75117,50,-16.09,20.87,0.24883,2,49,30.13,20.66,0.44124,50,-3.82,22.81,0.55876,2,49,37.72,12.9,0.15673,50,6.08,18.35,0.84327,1,50,17.67,13.14,1,1,50,24.47,4.62,1,1,50,25.67,-2.76,1,1,50,21.02,-13.08,1,1,50,10.76,1.17,1,1,50,0.01,0.94,1,2,49,15.95,1.62,0.91424,50,-10.08,-0.09,0.08576,1,49,3.05,1.92,1,2,7,14.66,3.02,0.9517,49,-9.86,0.92,0.0483,1,7,5.23,1.14,1],"hull":18,"edges":[34,0,0,2,2,4,4,6,6,8,12,10,8,10,12,14,14,16,16,18,18,20,20,22,22,24,24,26,26,28,28,30,32,34,30,32],"width":60,"height":60}},"500405/17":{"500405/13":{"type":"mesh","uvs":[0.51724,0.11347,0.61644,0.27467,0.69911,0.4586,0.78505,0.61159,0.87911,0.73886,0.94551,0.85506,1,0.92146,1,1,0.89848,1,0.70758,1,0.52775,1,0.35622,0.94359,0.19852,0.86059,0.07402,0.74992,0,0.60882,0,0.41793,0,0.23256,0.06848,0.06379,0.16255,0,0.26435,0,0.41849,0,0.21512,0.22703,0.30088,0.39579,0.42262,0.56732,0.54711,0.71672,0.64948,0.83292,0.84868,0.92146],"triangles":[7,26,6,9,26,8,6,26,5,26,7,8,10,25,9,9,25,26,26,4,5,26,25,4,25,3,4,25,10,24,10,11,24,11,12,24,12,23,24,12,13,23,25,24,3,13,22,23,13,14,22,24,2,3,24,23,2,23,1,2,23,22,1,14,15,22,15,21,22,15,16,21,22,21,0,22,0,1,20,21,19,21,20,0,16,17,21,17,18,21,21,18,19],"vertices":[2,56,6.3,-15.77,0.9256,55,30.97,-19.19,0.0744,2,56,-4.98,-17.1,0.53531,55,19.75,-17.42,0.46469,3,56,-17.07,-16.96,0.08223,55,8.15,-14,0.88379,10,28.76,-16.08,0.03398,3,56,-27.57,-17.78,3.9E-4,55,-2.18,-11.94,0.53628,10,19.24,-11.58,0.46333,3,56,-36.87,-19.69,0,55,-11.65,-11.26,0.02876,10,10.22,-8.62,0.97123,2,56,-44.87,-20.37,0,10,2.93,-5.24,1,2,56,-49.86,-21.66,0,10,-2.04,-3.88,1,2,56,-54.14,-19.68,0,10,-4.76,-0.04,1,1,10,0.2,3.49,1,2,55,-16.85,6.75,0.07919,10,9.54,10.12,0.92081,2,55,-9.82,14.94,0.5356,10,18.34,16.36,0.4644,3,56,-34.83,13.94,0.0087,55,-0.56,20.56,0.87376,10,28.7,19.56,0.11754,3,56,-26.33,20.43,0.08261,55,9.38,24.5,0.90603,10,39.29,20.97,0.01135,2,56,-17.16,24.42,0.2366,55,19.28,25.85,0.7634,2,56,-7.62,24.89,0.437,55,28.6,23.71,0.563,2,56,2.78,20.07,0.77206,55,37.3,16.26,0.22794,2,56,12.87,15.4,0.97967,55,45.74,9.02,0.02033,1,56,20.33,7.41,1,2,56,21.43,0.68,1,55,49.99,-7.47,0,1,56,18.86,-4.86,1,2,56,14.97,-13.25,0.99689,55,40,-19.13,0.00311,2,56,7.74,3.55,0.99909,55,37.6,-1,9.1E-4,2,56,-3.61,3.13,0.73058,55,26.56,1.69,0.26942,1,55,13.99,2.84,1,1,55,2.32,3,1,2,55,-6.97,2.87,0.13634,10,18.19,3.96,0.86366,1,10,5.37,1.37,1],"hull":21,"edges":[38,40,40,0,0,2,2,4,4,6,6,8,8,10,14,12,10,12,14,16,16,18,18,20,20,22,22,24,24,26,26,28,28,30,30,32,32,34,36,38,34,36,52,14],"width":60,"height":60}},"500405/18":{"500405/13":{"type":"mesh","uvs":[0.4886,0.08384,0.59681,0.22729,0.6547,0.35815,0.72768,0.49405,0.7906,0.60982,0.87113,0.73062,0.94663,0.85645,1,0.95712,1,1,0.8812,1,0.75536,1,0.55906,1,0.35521,0.94957,0.1866,0.85897,0.07838,0.73314,0,0.58969,0,0.40345,0,0.21974,0.06831,0.07629,0.17401,0,0.26965,0,0.39296,0,0.20673,0.19205,0.28223,0.34305,0.3678,0.51419,0.46595,0.64254,0.60436,0.7734,0.7604,0.87407,0.92398,0.95712],"triangles":[15,16,23,16,22,23,16,17,22,23,22,0,23,0,1,21,22,20,22,21,0,17,18,22,18,19,22,22,19,20,11,12,26,12,25,26,12,13,25,13,24,25,13,14,24,4,26,3,14,15,24,26,25,3,3,25,2,15,23,24,25,24,2,24,1,2,24,23,1,9,28,8,28,7,8,28,9,27,9,10,27,10,11,27,11,26,27,28,6,7,28,27,6,27,5,6,27,26,5,26,4,5],"vertices":[2,57,28.23,-22.33,0.23462,58,2.02,-21.05,0.76538,2,57,17.6,-20.53,0.58711,58,-8.75,-21.32,0.41289,3,11,34.42,-19.45,0.00526,57,9.69,-17.21,0.85205,58,-17.16,-19.56,0.14269,3,11,26.13,-15.34,0.13228,57,0.9,-14.29,0.85499,58,-26.34,-18.37,0.01273,2,11,19.03,-11.86,0.52858,57,-6.61,-11.84,0.47142,2,11,10.9,-8.74,0.95912,57,-15.1,-9.89,0.04088,1,11,2.83,-5.21,1,1,11,-3.28,-2.14,1,1,11,-4.76,-0.04,1,1,11,1.05,4.09,1,2,11,7.21,8.46,0.98519,57,-21.15,6.63,0.01481,2,11,16.81,15.27,0.62978,57,-12.59,14.72,0.37022,3,11,28.54,19.89,0.16391,57,-1.62,20.92,0.83279,58,-35.53,15.72,0.0033,3,11,39.93,21.31,0.01755,57,9.46,23.92,0.91845,58,-25.22,20.77,0.06399,3,11,49.6,18.91,1.0E-5,57,19.37,22.89,0.77716,58,-15.3,21.65,0.22283,2,57,28.7,19.86,0.52238,58,-5.56,20.46,0.47762,2,57,36.37,11.74,0.15728,58,3.52,13.95,0.84272,1,58,12.48,7.52,1,1,58,17.08,-0.82,1,2,57,45.41,-13.03,0.00175,58,17.11,-8.64,0.99825,2,57,41.24,-16.97,0.02576,58,13.77,-13.31,0.97424,2,57,35.86,-22.05,0.09781,58,9.45,-19.32,0.90219,2,57,36.07,-6,0.00203,58,6.6,-3.53,0.99797,2,57,26.55,-2.52,0.21068,58,-3.4,-1.93,0.78932,2,57,15.77,1.41,0.95863,58,-14.74,-0.12,0.04137,1,57,6.2,2.97,1,2,11,22.46,2.61,0.30383,57,-5.23,2.97,0.69617,2,11,11.33,2.12,0.99751,57,-16.18,0.93,0.00249,1,11,0.44,0.5,1],"hull":22,"edges":[40,42,42,0,0,2,2,4,4,6,6,8,8,10,10,12,16,14,12,14,16,18,18,20,20,22,22,24,24,26,26,28,28,30,30,32,32,34,34,36,38,40,36,38],"width":60,"height":60}},"500405/19":{"500405/13":{"type":"mesh","uvs":[0.51518,0.08752,0.59878,0.21166,0.65451,0.33579,0.71278,0.46752,0.78371,0.59925,0.86984,0.73605,0.93064,0.84752,1,1,0.87238,1,0.77104,1,0.65704,1,0.51264,1,0.35051,0.95139,0.20105,0.86272,0.09211,0.77152,0,0.60432,0,0.44726,0,0.27499,0,0.13312,0.14025,0,0.40118,0,0.19091,0.22686,0.23398,0.35099,0.30745,0.48019,0.40625,0.63979,0.55318,0.72592,0.67984,0.82472,0.80651,0.90072,0.90278,0.95139],"triangles":[23,16,22,23,15,16,23,22,1,22,17,21,22,16,17,22,0,1,0,21,20,0,22,21,17,18,21,18,19,21,21,19,20,11,12,25,12,24,25,12,13,24,13,14,24,14,23,24,14,15,23,4,25,3,25,24,3,24,2,3,24,23,2,23,1,2,8,28,7,28,6,7,28,8,27,8,9,27,9,10,27,10,26,27,10,11,26,11,25,26,28,27,6,27,5,6,27,26,5,26,4,5,26,25,4],"vertices":[3,13,50.64,-27.85,0,59,23.61,-23.74,0.20358,60,1.4,-22.05,0.79642,3,13,42.24,-24.68,0,59,15.08,-20.92,0.476,60,-7.37,-20.11,0.524,2,59,7.87,-17.09,0.76877,60,-14.92,-17.02,0.23123,3,13,27.78,-16.12,0.0411,59,0.27,-12.98,0.92007,60,-22.9,-13.71,0.03884,2,13,19.73,-12.14,0.41928,59,-7.94,-9.34,0.58072,2,13,10.77,-8.43,0.94919,59,-17.05,-6.02,0.05081,1,13,3.92,-5.09,1,1,13,-4.76,-0.04,1,1,13,1.48,4.39,1,1,13,6.44,7.91,1,2,13,12.02,11.87,0.94066,59,-16.66,14.32,0.05934,2,13,19.08,16.89,0.69381,59,-9.82,19.63,0.30618,3,13,28.7,20.14,0.36246,59,-0.34,23.28,0.63056,60,-27.18,22.31,0.00698,3,13,39.1,20.99,0.13457,59,10.01,24.57,0.77396,60,-17.01,24.64,0.09147,3,13,47.59,20.31,0.04516,59,18.52,24.25,0.70015,60,-8.5,25.18,0.25468,3,13,57.91,15.33,0.00343,59,29.04,19.71,0.4229,60,2.42,21.72,0.57367,2,59,34.81,12.26,0.15407,60,8.91,14.9,0.84593,3,13,69.34,-0.79,0,59,41.14,4.09,0.00369,60,16.04,7.41,0.99631,2,13,74.27,-7.73,0,60,21.91,1.24,1,2,13,72.03,-19.11,0,60,21.32,-10.34,1,3,13,59.26,-28.17,0,59,32.23,-23.7,0.07138,60,9.98,-21.14,0.92862,1,60,9.73,-2.58,1,1,60,2.73,1.03,1,3,13,47.17,-1.42,3.8E-4,59,19.02,2.52,0.68883,60,-5.81,3.61,0.31079,3,13,36.8,2.96,0.05137,59,8.47,6.46,0.9254,60,-16.71,6.46,0.02323,2,13,26.62,2.07,0.27418,59,-1.66,5.14,0.72582,2,13,16.99,2.5,0.99207,59,-11.3,5.17,0.00793,1,13,8.15,1.82,1,1,13,1.68,0.96,1],"hull":21,"edges":[40,0,0,2,2,4,4,6,6,8,8,10,10,12,12,14,14,16,16,18,18,20,20,22,22,24,24,26,26,28,28,30,30,32,32,34,34,36,38,40,36,38],"width":60,"height":60}},"500405/20":{"500405/13":{"type":"mesh","uvs":[0.53329,0.12651,0.61414,0.26896,0.69884,0.43066,0.80664,0.62316,0.88364,0.75791,1,0.93116,1,1,0.86054,1,0.66419,1,0.49094,1,0.29074,0.92731,0.11364,0.79641,0,0.62316,0,0.44221,0,0.23046,0.08284,0.06876,0.18679,0,0.37544,0,0.22914,0.25356,0.30614,0.41526,0.39084,0.56156,0.54099,0.71556,0.70654,0.85416,0.85284,0.91961],"triangles":[12,19,20,12,13,19,20,19,1,13,18,19,13,14,18,19,0,1,19,18,0,14,15,18,15,16,18,18,17,0,18,16,17,9,21,22,9,10,21,10,20,21,10,11,20,11,12,20,21,2,3,21,20,2,20,1,2,7,5,6,8,23,7,7,23,5,8,22,23,8,9,22,23,4,5,23,22,4,22,3,4,22,21,3],"vertices":[2,61,28.1,-23.02,0.0736,62,10.21,-18.6,0.9264,3,14,39.5,-22.41,0.00151,61,18.66,-20.3,0.3395,62,0.43,-19.51,0.65899,3,14,29.74,-17.44,0.08471,61,8.24,-16.92,0.72923,62,-10.51,-20.16,0.18606,3,14,17.78,-11.76,0.6662,61,-4.46,-13.19,0.33214,62,-23.7,-21.31,0.00165,2,14,9.34,-7.84,0.99882,61,-13.42,-10.64,0.00118,1,14,-2.37,-3.41,1,1,14,-4.76,-0.04,1,1,14,2.06,4.81,1,2,14,11.67,11.62,0.72813,61,-14.17,8.95,0.27187,2,14,20.14,17.64,0.21469,61,-6.74,16.22,0.78531,3,14,32.46,21.03,0.00908,61,4.9,21.5,0.94712,62,-27.62,14.4,0.04379,2,61,17.99,23.32,0.75117,62,-16.09,20.87,0.24883,2,61,30.13,20.66,0.44124,62,-3.82,22.81,0.55876,2,61,37.72,12.9,0.15673,62,6.08,18.35,0.84327,1,62,17.67,13.14,1,1,62,24.47,4.62,1,1,62,25.67,-2.76,1,1,62,21.02,-13.08,1,1,62,10.76,1.17,1,1,62,0.01,0.94,1,2,61,15.95,1.62,0.91424,62,-10.08,-0.09,0.08576,1,61,3.05,1.92,1,2,14,14.66,3.02,0.9517,61,-9.86,0.92,0.0483,1,14,5.23,1.14,1],"hull":18,"edges":[34,0,0,2,2,4,4,6,6,8,12,10,8,10,12,14,14,16,16,18,18,20,20,22,22,24,24,26,26,28,28,30,32,34,30,32],"width":60,"height":60}},"500405/21":{"500405/13":{"type":"mesh","uvs":[0.51724,0.11347,0.61644,0.27467,0.69911,0.4586,0.78505,0.61159,0.87911,0.73886,0.94551,0.85506,1,0.92146,1,1,0.89848,1,0.70758,1,0.52775,1,0.35622,0.94359,0.19852,0.86059,0.07402,0.74992,0,0.60882,0,0.41793,0,0.23256,0.06848,0.06379,0.16255,0,0.26435,0,0.41849,0,0.21512,0.22703,0.30088,0.39579,0.42262,0.56732,0.54711,0.71672,0.64948,0.83292,0.84868,0.92146],"triangles":[7,26,6,9,26,8,6,26,5,26,7,8,10,25,9,9,25,26,26,4,5,26,25,4,25,3,4,25,10,24,10,11,24,11,12,24,12,23,24,12,13,23,25,24,3,13,22,23,13,14,22,24,2,3,24,23,2,23,1,2,23,22,1,14,15,22,15,21,22,15,16,21,22,21,0,22,0,1,20,21,19,21,20,0,16,17,21,17,18,21,21,18,19],"vertices":[2,64,6.3,-15.77,0.9256,63,30.97,-19.19,0.0744,2,64,-4.98,-17.1,0.53531,63,19.75,-17.42,0.46469,3,64,-17.07,-16.96,0.08223,63,8.15,-14,0.88379,17,28.76,-16.08,0.03398,3,64,-27.57,-17.78,3.9E-4,63,-2.18,-11.94,0.53628,17,19.24,-11.58,0.46333,3,64,-36.87,-19.69,0,63,-11.65,-11.26,0.02876,17,10.22,-8.62,0.97123,2,64,-44.87,-20.37,0,17,2.93,-5.24,1,2,64,-49.86,-21.66,0,17,-2.04,-3.88,1,2,64,-54.14,-19.68,0,17,-4.76,-0.04,1,1,17,0.2,3.49,1,2,63,-16.85,6.75,0.07919,17,9.54,10.12,0.92081,2,63,-9.82,14.94,0.5356,17,18.34,16.36,0.4644,3,64,-34.83,13.94,0.0087,63,-0.56,20.56,0.87376,17,28.7,19.56,0.11754,3,64,-26.33,20.43,0.08261,63,9.38,24.5,0.90603,17,39.29,20.97,0.01135,2,64,-17.16,24.42,0.2366,63,19.28,25.85,0.7634,2,64,-7.62,24.89,0.437,63,28.6,23.71,0.563,2,64,2.78,20.07,0.77206,63,37.3,16.26,0.22794,2,64,12.87,15.4,0.97967,63,45.74,9.02,0.02033,1,64,20.33,7.41,1,2,64,21.43,0.68,1,63,49.99,-7.47,0,1,64,18.86,-4.86,1,2,64,14.97,-13.25,0.99689,63,40,-19.13,0.00311,2,64,7.74,3.55,0.99909,63,37.6,-1,9.1E-4,2,64,-3.61,3.13,0.73058,63,26.56,1.69,0.26942,1,63,13.99,2.84,1,1,63,2.32,3,1,2,63,-6.97,2.87,0.13634,17,18.19,3.96,0.86366,1,17,5.37,1.37,1],"hull":21,"edges":[38,40,40,0,0,2,2,4,4,6,6,8,8,10,14,12,10,12,14,16,16,18,18,20,20,22,22,24,24,26,26,28,28,30,30,32,32,34,36,38,34,36,52,14],"width":60,"height":60}},"500405/22":{"500405/13":{"type":"mesh","uvs":[0.4886,0.08384,0.59681,0.22729,0.6547,0.35815,0.72768,0.49405,0.7906,0.60982,0.87113,0.73062,0.94663,0.85645,1,0.95712,1,1,0.8812,1,0.75536,1,0.55906,1,0.35521,0.94957,0.1866,0.85897,0.07838,0.73314,0,0.58969,0,0.40345,0,0.21974,0.06831,0.07629,0.17401,0,0.26965,0,0.39296,0,0.20673,0.19205,0.28223,0.34305,0.3678,0.51419,0.46595,0.64254,0.60436,0.7734,0.7604,0.87407,0.92398,0.95712],"triangles":[15,16,23,16,22,23,16,17,22,23,22,0,23,0,1,21,22,20,22,21,0,17,18,22,18,19,22,22,19,20,11,12,26,12,25,26,12,13,25,13,24,25,13,14,24,4,26,3,14,15,24,26,25,3,3,25,2,15,23,24,25,24,2,24,1,2,24,23,1,9,28,8,28,7,8,28,9,27,9,10,27,10,11,27,11,26,27,28,6,7,28,27,6,27,5,6,27,26,5,26,4,5],"vertices":[2,65,28.23,-22.33,0.23462,66,2.02,-21.05,0.76538,2,65,17.6,-20.53,0.58711,66,-8.75,-21.32,0.41289,3,18,34.42,-19.45,0.00526,65,9.69,-17.21,0.85205,66,-17.16,-19.56,0.14269,3,18,26.13,-15.34,0.13228,65,0.9,-14.29,0.85499,66,-26.34,-18.37,0.01273,2,18,19.03,-11.86,0.52858,65,-6.61,-11.84,0.47142,2,18,10.9,-8.74,0.95912,65,-15.1,-9.89,0.04088,1,18,2.83,-5.21,1,1,18,-3.28,-2.14,1,1,18,-4.76,-0.04,1,1,18,1.05,4.09,1,2,18,7.21,8.46,0.98519,65,-21.15,6.63,0.01481,2,18,16.81,15.27,0.62978,65,-12.59,14.72,0.37022,3,18,28.54,19.89,0.16391,65,-1.62,20.92,0.83279,66,-35.53,15.72,0.0033,3,18,39.93,21.31,0.01755,65,9.46,23.92,0.91845,66,-25.22,20.77,0.06399,3,18,49.6,18.91,1.0E-5,65,19.37,22.89,0.77716,66,-15.3,21.65,0.22283,2,65,28.7,19.86,0.52238,66,-5.56,20.46,0.47762,2,65,36.37,11.74,0.15728,66,3.52,13.95,0.84272,1,66,12.48,7.52,1,1,66,17.08,-0.82,1,2,65,45.41,-13.03,0.00175,66,17.11,-8.64,0.99825,2,65,41.24,-16.97,0.02576,66,13.77,-13.31,0.97424,2,65,35.86,-22.05,0.09781,66,9.45,-19.32,0.90219,2,65,36.07,-6,0.00203,66,6.6,-3.53,0.99797,2,65,26.55,-2.52,0.21068,66,-3.4,-1.93,0.78932,2,65,15.77,1.41,0.95863,66,-14.74,-0.12,0.04137,1,65,6.2,2.97,1,2,18,22.46,2.61,0.30383,65,-5.23,2.97,0.69617,2,18,11.33,2.12,0.99751,65,-16.18,0.93,0.00249,1,18,0.44,0.5,1],"hull":22,"edges":[40,42,42,0,0,2,2,4,4,6,6,8,8,10,10,12,16,14,12,14,16,18,18,20,20,22,22,24,24,26,26,28,28,30,30,32,32,34,34,36,38,40,36,38],"width":60,"height":60}},"500405/23":{"500405/13":{"type":"mesh","uvs":[0.51518,0.08752,0.59878,0.21166,0.65451,0.33579,0.71278,0.46752,0.78371,0.59925,0.86984,0.73605,0.93064,0.84752,1,1,0.87238,1,0.77104,1,0.65704,1,0.51264,1,0.35051,0.95139,0.20105,0.86272,0.09211,0.77152,0,0.60432,0,0.44726,0,0.27499,0,0.13312,0.14025,0,0.40118,0,0.19091,0.22686,0.23398,0.35099,0.30745,0.48019,0.40625,0.63979,0.55318,0.72592,0.67984,0.82472,0.80651,0.90072,0.90278,0.95139],"triangles":[23,16,22,23,15,16,23,22,1,22,17,21,22,16,17,22,0,1,0,21,20,0,22,21,17,18,21,18,19,21,21,19,20,11,12,25,12,24,25,12,13,24,13,14,24,14,23,24,14,15,23,4,25,3,25,24,3,24,2,3,24,23,2,23,1,2,8,28,7,28,6,7,28,8,27,8,9,27,9,10,27,10,26,27,10,11,26,11,25,26,28,27,6,27,5,6,27,26,5,26,4,5,26,25,4],"vertices":[3,20,50.64,-27.85,0,67,23.61,-23.74,0.20358,68,1.4,-22.05,0.79642,3,20,42.24,-24.68,0,67,15.08,-20.92,0.476,68,-7.37,-20.11,0.524,2,67,7.87,-17.09,0.76877,68,-14.92,-17.02,0.23123,3,20,27.78,-16.12,0.0411,67,0.27,-12.98,0.92007,68,-22.9,-13.71,0.03884,2,20,19.73,-12.14,0.41928,67,-7.94,-9.34,0.58072,2,20,10.77,-8.43,0.94919,67,-17.05,-6.02,0.05081,1,20,3.92,-5.09,1,1,20,-4.76,-0.04,1,1,20,1.48,4.39,1,1,20,6.44,7.91,1,2,20,12.02,11.87,0.94066,67,-16.66,14.32,0.05934,2,20,19.08,16.89,0.69381,67,-9.82,19.63,0.30618,3,20,28.7,20.14,0.36246,67,-0.34,23.28,0.63056,68,-27.18,22.31,0.00698,3,20,39.1,20.99,0.13457,67,10.01,24.57,0.77396,68,-17.01,24.64,0.09147,3,20,47.59,20.31,0.04516,67,18.52,24.25,0.70015,68,-8.5,25.18,0.25468,3,20,57.91,15.33,0.00343,67,29.04,19.71,0.4229,68,2.42,21.72,0.57367,2,67,34.81,12.26,0.15407,68,8.91,14.9,0.84593,3,20,69.34,-0.79,0,67,41.14,4.09,0.00369,68,16.04,7.41,0.99631,2,20,74.27,-7.73,0,68,21.91,1.24,1,2,20,72.03,-19.11,0,68,21.32,-10.34,1,3,20,59.26,-28.17,0,67,32.23,-23.7,0.07138,68,9.98,-21.14,0.92862,1,68,9.73,-2.58,1,1,68,2.73,1.03,1,3,20,47.17,-1.42,3.8E-4,67,19.02,2.52,0.68883,68,-5.81,3.61,0.31079,3,20,36.8,2.96,0.05137,67,8.47,6.46,0.9254,68,-16.71,6.46,0.02323,2,20,26.62,2.07,0.27418,67,-1.66,5.14,0.72582,2,20,16.99,2.5,0.99207,67,-11.3,5.17,0.00793,1,20,8.15,1.82,1,1,20,1.68,0.96,1],"hull":21,"edges":[40,0,0,2,2,4,4,6,6,8,8,10,10,12,12,14,14,16,16,18,18,20,20,22,22,24,24,26,26,28,28,30,30,32,32,34,34,36,38,40,36,38],"width":60,"height":60}},"500405/24":{"500405/13":{"type":"mesh","uvs":[0.53329,0.12651,0.61414,0.26896,0.69884,0.43066,0.80664,0.62316,0.88364,0.75791,1,0.93116,1,1,0.86054,1,0.66419,1,0.49094,1,0.29074,0.92731,0.11364,0.79641,0,0.62316,0,0.44221,0,0.23046,0.08284,0.06876,0.18679,0,0.37544,0,0.22914,0.25356,0.30614,0.41526,0.39084,0.56156,0.54099,0.71556,0.70654,0.85416,0.85284,0.91961],"triangles":[12,19,20,12,13,19,20,19,1,13,18,19,13,14,18,19,0,1,19,18,0,14,15,18,15,16,18,18,17,0,18,16,17,9,21,22,9,10,21,10,20,21,10,11,20,11,12,20,21,2,3,21,20,2,20,1,2,7,5,6,8,23,7,7,23,5,8,22,23,8,9,22,23,4,5,23,22,4,22,3,4,22,21,3],"vertices":[2,69,28.1,-23.02,0.0736,70,10.21,-18.6,0.9264,3,21,39.5,-22.41,0.00151,69,18.66,-20.3,0.3395,70,0.43,-19.51,0.65899,3,21,29.74,-17.44,0.08471,69,8.24,-16.92,0.72923,70,-10.51,-20.16,0.18606,3,21,17.78,-11.76,0.6662,69,-4.46,-13.19,0.33214,70,-23.7,-21.31,0.00165,2,21,9.34,-7.84,0.99882,69,-13.42,-10.64,0.00118,1,21,-2.37,-3.41,1,1,21,-4.76,-0.04,1,1,21,2.06,4.81,1,2,21,11.67,11.62,0.72813,69,-14.17,8.95,0.27187,2,21,20.14,17.64,0.21469,69,-6.74,16.22,0.78531,3,21,32.46,21.03,0.00908,69,4.9,21.5,0.94712,70,-27.62,14.4,0.04379,2,69,17.99,23.32,0.75117,70,-16.09,20.87,0.24883,2,69,30.13,20.66,0.44124,70,-3.82,22.81,0.55876,2,69,37.72,12.9,0.15673,70,6.08,18.35,0.84327,1,70,17.67,13.14,1,1,70,24.47,4.62,1,1,70,25.67,-2.76,1,1,70,21.02,-13.08,1,1,70,10.76,1.17,1,1,70,0.01,0.94,1,2,69,15.95,1.62,0.91424,70,-10.08,-0.09,0.08576,1,69,3.05,1.92,1,2,21,14.66,3.02,0.9517,69,-9.86,0.92,0.0483,1,21,5.23,1.14,1],"hull":18,"edges":[34,0,0,2,2,4,4,6,6,8,12,10,8,10,12,14,14,16,16,18,18,20,20,22,22,24,24,26,26,28,28,30,32,34,30,32],"width":60,"height":60}},"500405/25":{"500405/13":{"type":"mesh","uvs":[0.51724,0.11347,0.61644,0.27467,0.69911,0.4586,0.78505,0.61159,0.87911,0.73886,0.94551,0.85506,1,0.92146,1,1,0.89848,1,0.70758,1,0.52775,1,0.35622,0.94359,0.19852,0.86059,0.07402,0.74992,0,0.60882,0,0.41793,0,0.23256,0.06848,0.06379,0.16255,0,0.26435,0,0.41849,0,0.21512,0.22703,0.30088,0.39579,0.42262,0.56732,0.54711,0.71672,0.64948,0.83292,0.84868,0.92146],"triangles":[7,26,6,9,26,8,6,26,5,26,7,8,10,25,9,9,25,26,26,4,5,26,25,4,25,3,4,25,10,24,10,11,24,11,12,24,12,23,24,12,13,23,25,24,3,13,22,23,13,14,22,24,2,3,24,23,2,23,1,2,23,22,1,14,15,22,15,21,22,15,16,21,22,21,0,22,0,1,20,21,19,21,20,0,16,17,21,17,18,21,21,18,19],"vertices":[2,72,6.3,-15.77,0.9256,71,30.97,-19.19,0.0744,2,72,-4.98,-17.1,0.53531,71,19.75,-17.42,0.46469,3,72,-17.07,-16.96,0.08223,71,8.15,-14,0.88379,24,28.76,-16.08,0.03398,3,72,-27.57,-17.78,3.9E-4,71,-2.18,-11.94,0.53628,24,19.24,-11.58,0.46333,3,72,-36.87,-19.69,0,71,-11.65,-11.26,0.02876,24,10.22,-8.62,0.97123,2,72,-44.87,-20.37,0,24,2.93,-5.24,1,2,72,-49.86,-21.66,0,24,-2.04,-3.88,1,2,72,-54.14,-19.68,0,24,-4.76,-0.04,1,1,24,0.2,3.49,1,2,71,-16.85,6.75,0.07919,24,9.54,10.12,0.92081,2,71,-9.82,14.94,0.5356,24,18.34,16.36,0.4644,3,72,-34.83,13.94,0.0087,71,-0.56,20.56,0.87376,24,28.7,19.56,0.11754,3,72,-26.33,20.43,0.08261,71,9.38,24.5,0.90603,24,39.29,20.97,0.01135,2,72,-17.16,24.42,0.2366,71,19.28,25.85,0.7634,2,72,-7.62,24.89,0.437,71,28.6,23.71,0.563,2,72,2.78,20.07,0.77206,71,37.3,16.26,0.22794,2,72,12.87,15.4,0.97967,71,45.74,9.02,0.02033,1,72,20.33,7.41,1,2,72,21.43,0.68,1,71,49.99,-7.47,0,1,72,18.86,-4.86,1,2,72,14.97,-13.25,0.99689,71,40,-19.13,0.00311,2,72,7.74,3.55,0.99909,71,37.6,-1,9.1E-4,2,72,-3.61,3.13,0.73058,71,26.56,1.69,0.26942,1,71,13.99,2.84,1,1,71,2.32,3,1,2,71,-6.97,2.87,0.13634,24,18.19,3.96,0.86366,1,24,5.37,1.37,1],"hull":21,"edges":[38,40,40,0,0,2,2,4,4,6,6,8,8,10,14,12,10,12,14,16,16,18,18,20,20,22,22,24,24,26,26,28,28,30,30,32,32,34,36,38,34,36,52,14],"width":60,"height":60}},"500405/26":{"500405/13":{"type":"mesh","uvs":[0.4886,0.08384,0.59681,0.22729,0.6547,0.35815,0.72768,0.49405,0.7906,0.60982,0.87113,0.73062,0.94663,0.85645,1,0.95712,1,1,0.8812,1,0.75536,1,0.55906,1,0.35521,0.94957,0.1866,0.85897,0.07838,0.73314,0,0.58969,0,0.40345,0,0.21974,0.06831,0.07629,0.17401,0,0.26965,0,0.39296,0,0.20673,0.19205,0.28223,0.34305,0.3678,0.51419,0.46595,0.64254,0.60436,0.7734,0.7604,0.87407,0.92398,0.95712],"triangles":[15,16,23,16,22,23,16,17,22,23,22,0,23,0,1,21,22,20,22,21,0,17,18,22,18,19,22,22,19,20,11,12,26,12,25,26,12,13,25,13,24,25,13,14,24,4,26,3,14,15,24,26,25,3,3,25,2,15,23,24,25,24,2,24,1,2,24,23,1,9,28,8,28,7,8,28,9,27,9,10,27,10,11,27,11,26,27,28,6,7,28,27,6,27,5,6,27,26,5,26,4,5],"vertices":[2,73,28.23,-22.33,0.23462,74,2.02,-21.05,0.76538,2,73,17.6,-20.53,0.58711,74,-8.75,-21.32,0.41289,3,25,34.42,-19.45,0.00526,73,9.69,-17.21,0.85205,74,-17.16,-19.56,0.14269,3,25,26.13,-15.34,0.13228,73,0.9,-14.29,0.85499,74,-26.34,-18.37,0.01273,2,25,19.03,-11.86,0.52858,73,-6.61,-11.84,0.47142,2,25,10.9,-8.74,0.95912,73,-15.1,-9.89,0.04088,1,25,2.83,-5.21,1,1,25,-3.28,-2.14,1,1,25,-4.76,-0.04,1,1,25,1.05,4.09,1,2,25,7.21,8.46,0.98519,73,-21.15,6.63,0.01481,2,25,16.81,15.27,0.62978,73,-12.59,14.72,0.37022,3,25,28.54,19.89,0.16391,73,-1.62,20.92,0.83279,74,-35.53,15.72,0.0033,3,25,39.93,21.31,0.01755,73,9.46,23.92,0.91845,74,-25.22,20.77,0.06399,3,25,49.6,18.91,1.0E-5,73,19.37,22.89,0.77716,74,-15.3,21.65,0.22283,2,73,28.7,19.86,0.52238,74,-5.56,20.46,0.47762,2,73,36.37,11.74,0.15728,74,3.52,13.95,0.84272,1,74,12.48,7.52,1,1,74,17.08,-0.82,1,2,73,45.41,-13.03,0.00175,74,17.11,-8.64,0.99825,2,73,41.24,-16.97,0.02576,74,13.77,-13.31,0.97424,2,73,35.86,-22.05,0.09781,74,9.45,-19.32,0.90219,2,73,36.07,-6,0.00203,74,6.6,-3.53,0.99797,2,73,26.55,-2.52,0.21068,74,-3.4,-1.93,0.78932,2,73,15.77,1.41,0.95863,74,-14.74,-0.12,0.04137,1,73,6.2,2.97,1,2,25,22.46,2.61,0.30383,73,-5.23,2.97,0.69617,2,25,11.33,2.12,0.99751,73,-16.18,0.93,0.00249,1,25,0.44,0.5,1],"hull":22,"edges":[40,42,42,0,0,2,2,4,4,6,6,8,8,10,10,12,16,14,12,14,16,18,18,20,20,22,22,24,24,26,26,28,28,30,30,32,32,34,34,36,38,40,36,38],"width":60,"height":60}},"500405/27":{"500405/13":{"type":"mesh","uvs":[0.51518,0.08752,0.59878,0.21166,0.65451,0.33579,0.71278,0.46752,0.78371,0.59925,0.86984,0.73605,0.93064,0.84752,1,1,0.87238,1,0.77104,1,0.65704,1,0.51264,1,0.35051,0.95139,0.20105,0.86272,0.09211,0.77152,0,0.60432,0,0.44726,0,0.27499,0,0.13312,0.14025,0,0.40118,0,0.19091,0.22686,0.23398,0.35099,0.30745,0.48019,0.40625,0.63979,0.55318,0.72592,0.67984,0.82472,0.80651,0.90072,0.90278,0.95139],"triangles":[23,16,22,23,15,16,23,22,1,22,17,21,22,16,17,22,0,1,0,21,20,0,22,21,17,18,21,18,19,21,21,19,20,11,12,25,12,24,25,12,13,24,13,14,24,14,23,24,14,15,23,4,25,3,25,24,3,24,2,3,24,23,2,23,1,2,8,28,7,28,6,7,28,8,27,8,9,27,9,10,27,10,26,27,10,11,26,11,25,26,28,27,6,27,5,6,27,26,5,26,4,5,26,25,4],"vertices":[3,27,50.64,-27.85,0,75,23.61,-23.74,0.20358,76,1.4,-22.05,0.79642,3,27,42.24,-24.68,0,75,15.08,-20.92,0.476,76,-7.37,-20.11,0.524,2,75,7.87,-17.09,0.76877,76,-14.92,-17.02,0.23123,3,27,27.78,-16.12,0.0411,75,0.27,-12.98,0.92007,76,-22.9,-13.71,0.03884,2,27,19.73,-12.14,0.41928,75,-7.94,-9.34,0.58072,2,27,10.77,-8.43,0.94919,75,-17.05,-6.02,0.05081,1,27,3.92,-5.09,1,1,27,-4.76,-0.04,1,1,27,1.48,4.39,1,1,27,6.44,7.91,1,2,27,12.02,11.87,0.94066,75,-16.66,14.32,0.05934,2,27,19.08,16.89,0.69381,75,-9.82,19.63,0.30618,3,27,28.7,20.14,0.36246,75,-0.34,23.28,0.63056,76,-27.18,22.31,0.00698,3,27,39.1,20.99,0.13457,75,10.01,24.57,0.77396,76,-17.01,24.64,0.09147,3,27,47.59,20.31,0.04516,75,18.52,24.25,0.70015,76,-8.5,25.18,0.25468,3,27,57.91,15.33,0.00343,75,29.04,19.71,0.4229,76,2.42,21.72,0.57367,2,75,34.81,12.26,0.15407,76,8.91,14.9,0.84593,3,27,69.34,-0.79,0,75,41.14,4.09,0.00369,76,16.04,7.41,0.99631,2,27,74.27,-7.73,0,76,21.91,1.24,1,2,27,72.03,-19.11,0,76,21.32,-10.34,1,3,27,59.26,-28.17,0,75,32.23,-23.7,0.07138,76,9.98,-21.14,0.92862,1,76,9.73,-2.58,1,1,76,2.73,1.03,1,3,27,47.17,-1.42,3.8E-4,75,19.02,2.52,0.68883,76,-5.81,3.61,0.31079,3,27,36.8,2.96,0.05137,75,8.47,6.46,0.9254,76,-16.71,6.46,0.02323,2,27,26.62,2.07,0.27418,75,-1.66,5.14,0.72582,2,27,16.99,2.5,0.99207,75,-11.3,5.17,0.00793,1,27,8.15,1.82,1,1,27,1.68,0.96,1],"hull":21,"edges":[40,0,0,2,2,4,4,6,6,8,8,10,10,12,12,14,14,16,16,18,18,20,20,22,22,24,24,26,26,28,28,30,30,32,32,34,34,36,38,40,36,38],"width":60,"height":60}},"500405/28":{"500405/13":{"type":"mesh","uvs":[0.53329,0.12651,0.61414,0.26896,0.69884,0.43066,0.80664,0.62316,0.88364,0.75791,1,0.93116,1,1,0.86054,1,0.66419,1,0.49094,1,0.29074,0.92731,0.11364,0.79641,0,0.62316,0,0.44221,0,0.23046,0.08284,0.06876,0.18679,0,0.37544,0,0.22914,0.25356,0.30614,0.41526,0.39084,0.56156,0.54099,0.71556,0.70654,0.85416,0.85284,0.91961],"triangles":[12,19,20,12,13,19,20,19,1,13,18,19,13,14,18,19,0,1,19,18,0,14,15,18,15,16,18,18,17,0,18,16,17,9,21,22,9,10,21,10,20,21,10,11,20,11,12,20,21,2,3,21,20,2,20,1,2,7,5,6,8,23,7,7,23,5,8,22,23,8,9,22,23,4,5,23,22,4,22,3,4,22,21,3],"vertices":[2,77,28.1,-23.02,0.0736,78,10.21,-18.6,0.9264,3,28,39.5,-22.41,0.00151,77,18.66,-20.3,0.3395,78,0.43,-19.51,0.65899,3,28,29.74,-17.44,0.08471,77,8.24,-16.92,0.72923,78,-10.51,-20.16,0.18606,3,28,17.78,-11.76,0.6662,77,-4.46,-13.19,0.33214,78,-23.7,-21.31,0.00165,2,28,9.34,-7.84,0.99882,77,-13.42,-10.64,0.00118,1,28,-2.37,-3.41,1,1,28,-4.76,-0.04,1,1,28,2.06,4.81,1,2,28,11.67,11.62,0.72813,77,-14.17,8.95,0.27187,2,28,20.14,17.64,0.21469,77,-6.74,16.22,0.78531,3,28,32.46,21.03,0.00908,77,4.9,21.5,0.94712,78,-27.62,14.4,0.04379,2,77,17.99,23.32,0.75117,78,-16.09,20.87,0.24883,2,77,30.13,20.66,0.44124,78,-3.82,22.81,0.55876,2,77,37.72,12.9,0.15673,78,6.08,18.35,0.84327,1,78,17.67,13.14,1,1,78,24.47,4.62,1,1,78,25.67,-2.76,1,1,78,21.02,-13.08,1,1,78,10.76,1.17,1,1,78,0.01,0.94,1,2,77,15.95,1.62,0.91424,78,-10.08,-0.09,0.08576,1,77,3.05,1.92,1,2,28,14.66,3.02,0.9517,77,-9.86,0.92,0.0483,1,28,5.23,1.14,1],"hull":18,"edges":[34,0,0,2,2,4,4,6,6,8,12,10,8,10,12,14,14,16,16,18,18,20,20,22,22,24,24,26,26,28,28,30,32,34,30,32],"width":60,"height":60}},"500410/10":{"500410/2":{"x":8.5,"y":-1.68,"width":210,"height":210}},"500410/11":{"500410/2":{"x":8.5,"y":-1.68,"width":210,"height":210}},"500410/12":{"500410/2":{"x":8.5,"y":-1.68,"width":210,"height":210}},"500410/13":{"500410/2":{"x":8.5,"y":-1.68,"width":210,"height":210}},"500410/14":{"500410/2":{"x":8.5,"y":-1.68,"width":210,"height":210}},"500410/15":{"500410/2":{"x":8.5,"y":-1.68,"width":210,"height":210}},"500410/16":{"500410/2":{"x":8.5,"y":-1.68,"width":210,"height":210}},"500410/17":{"500410/2":{"x":8.5,"y":-1.68,"width":210,"height":210}},"500410/18":{"500410/2":{"x":8.5,"y":-1.68,"width":210,"height":210}},"500410/19":{"500410/2":{"x":8.5,"y":-1.68,"width":210,"height":210}},"500410/2":{"500410/2":{"x":8.5,"y":-1.68,"width":210,"height":210}},"500410/3":{"500410/2":{"x":8.5,"y":-1.68,"width":210,"height":210}},"500410/4":{"500410/2":{"x":8.5,"y":-1.68,"width":210,"height":210}},"500410/5":{"500410/2":{"x":8.5,"y":-1.68,"width":210,"height":210}},"500410/6":{"500410/2":{"x":8.5,"y":-1.68,"width":210,"height":210}},"500410/7":{"500410/2":{"x":8.5,"y":-1.68,"width":210,"height":210}},"500410/8":{"500410/2":{"x":8.5,"y":-1.68,"width":210,"height":210}},"500410/9":{"500410/2":{"x":8.5,"y":-1.68,"width":210,"height":210}}}},"animations":{"500405_1":{"slots":{"500405/13":{"color":[{"time":0,"color":"ffffffff","curve":"stepped"},{"time":0.9333,"color":"ffffffff"},{"time":1.4,"color":"ffffff00","curve":"stepped"},{"time":1.4333,"color":"ffffff00"},{"time":1.7667,"color":"ffffffff","curve":"stepped"},{"time":3.3667,"color":"ffffffff"}]},"500405/14":{"color":[{"time":0,"color":"ffffffff","curve":"stepped"},{"time":0.9333,"color":"ffffffff"},{"time":1.4,"color":"ffffff00","curve":"stepped"},{"time":1.4333,"color":"ffffff00"},{"time":1.7667,"color":"ffffffff","curve":"stepped"},{"time":3.3667,"color":"ffffffff"}]},"500405/15":{"color":[{"time":0,"color":"ffffffff","curve":"stepped"},{"time":0.9333,"color":"ffffffff"},{"time":1.4,"color":"ffffff00","curve":"stepped"},{"time":1.4333,"color":"ffffff00"},{"time":1.7667,"color":"ffffffff","curve":"stepped"},{"time":3.3667,"color":"ffffffff"}]},"500405/16":{"color":[{"time":0,"color":"ffffffff","curve":"stepped"},{"time":0.9333,"color":"ffffffff"},{"time":1.4,"color":"ffffff00","curve":"stepped"},{"time":1.4333,"color":"ffffff00"},{"time":1.7667,"color":"ffffffff","curve":"stepped"},{"time":3.3667,"color":"ffffffff"}]},"500405/17":{"color":[{"time":0,"color":"ffffffff","curve":"stepped"},{"time":1.7,"color":"ffffffff"},{"time":2.1667,"color":"ffffff00","curve":"stepped"},{"time":2.2,"color":"ffffff00"},{"time":2.5333,"color":"ffffffff","curve":"stepped"},{"time":3.3667,"color":"ffffffff"}]},"500405/18":{"color":[{"time":0,"color":"ffffffff","curve":"stepped"},{"time":1.7,"color":"ffffffff"},{"time":2.1667,"color":"ffffff00","curve":"stepped"},{"time":2.2,"color":"ffffff00"},{"time":2.5333,"color":"ffffffff","curve":"stepped"},{"time":3.3667,"color":"ffffffff"}]},"500405/19":{"color":[{"time":0,"color":"ffffffff","curve":"stepped"},{"time":1.7,"color":"ffffffff"},{"time":2.1667,"color":"ffffff00","curve":"stepped"},{"time":2.2,"color":"ffffff00"},{"time":2.5333,"color":"ffffffff","curve":"stepped"},{"time":3.3667,"color":"ffffffff"}]},"500405/20":{"color":[{"time":0,"color":"ffffffff","curve":"stepped"},{"time":1.7,"color":"ffffffff"},{"time":2.1667,"color":"ffffff00","curve":"stepped"},{"time":2.2,"color":"ffffff00"},{"time":2.5333,"color":"ffffffff","curve":"stepped"},{"time":3.3667,"color":"ffffffff"}]},"500405/21":{"color":[{"time":0,"color":"ffffffff","curve":"stepped"},{"time":0.0667,"color":"ffffffff"},{"time":0.5333,"color":"ffffff00","curve":"stepped"},{"time":0.5667,"color":"ffffff00"},{"time":0.9,"color":"ffffffff","curve":"stepped"},{"time":3.3667,"color":"ffffffff"}]},"500405/22":{"color":[{"time":0,"color":"ffffffff","curve":"stepped"},{"time":0.0667,"color":"ffffffff"},{"time":0.5333,"color":"ffffff00","curve":"stepped"},{"time":0.5667,"color":"ffffff00"},{"time":0.9,"color":"ffffffff","curve":"stepped"},{"time":3.3667,"color":"ffffffff"}]},"500405/23":{"color":[{"time":0,"color":"ffffffff","curve":"stepped"},{"time":0.0667,"color":"ffffffff"},{"time":0.5333,"color":"ffffff00","curve":"stepped"},{"time":0.5667,"color":"ffffff00"},{"time":0.9,"color":"ffffffff","curve":"stepped"},{"time":3.3667,"color":"ffffffff"}]},"500405/24":{"color":[{"time":0,"color":"ffffffff","curve":"stepped"},{"time":0.0667,"color":"ffffffff"},{"time":0.5333,"color":"ffffff00","curve":"stepped"},{"time":0.5667,"color":"ffffff00"},{"time":0.9,"color":"ffffffff","curve":"stepped"},{"time":3.3667,"color":"ffffffff"}]},"500405/25":{"color":[{"time":0,"color":"ffffff00"},{"time":0.2667,"color":"ffffffff","curve":"stepped"},{"time":2.2667,"color":"ffffffff"},{"time":2.6333,"color":"ffffff00"}]},"500405/26":{"color":[{"time":0,"color":"ffffff00"},{"time":0.2667,"color":"ffffffff","curve":"stepped"},{"time":2.2667,"color":"ffffffff"},{"time":2.6333,"color":"ffffff00"}]},"500405/27":{"color":[{"time":0,"color":"ffffff00"},{"time":0.2667,"color":"ffffffff","curve":"stepped"},{"time":2.2667,"color":"ffffffff"},{"time":2.6333,"color":"ffffff00"}]},"500405/28":{"color":[{"time":0,"color":"ffffff00"},{"time":0.2667,"color":"ffffffff","curve":"stepped"},{"time":2.2667,"color":"ffffffff"},{"time":2.6333,"color":"ffffff00"}]},"500410/2":{"color":[{"time":0,"color":"ffffff00","curve":[0.206,0.44,0.75,1]},{"time":0.5667,"color":"ffffffff"},{"time":3.3333,"color":"ffffff00","curve":"stepped"},{"time":3.3667,"color":"ffffff00"}]},"500410/3":{"color":[{"time":0,"color":"ffffffb5"},{"time":1.9667,"color":"ffffff00","curve":"stepped"},{"time":2,"color":"ffffff00","curve":[0.206,0.44,0.75,1]},{"time":2.5667,"color":"ffffffff"},{"time":3.3667,"color":"ffffffb5"}]},"500410/4":{"color":[{"time":0,"color":"ffffffef","curve":[0.377,0.64,0.718,1]},{"time":0.1,"color":"ffffffff"},{"time":2.8667,"color":"ffffff00","curve":"stepped"},{"time":2.9,"color":"ffffff00","curve":[0.201,0.39,0.674,0.85]},{"time":3.3667,"color":"ffffffef"}]},"500410/5":{"color":[{"time":0,"color":"ffffff56"},{"time":0.9333,"color":"ffffff00","curve":"stepped"},{"time":0.9667,"color":"ffffff00"},{"time":1.5333,"color":"ffffffff"},{"time":3.3667,"color":"ffffff56"}]},"500410/6":{"color":[{"time":0,"color":"ffffff74"},{"time":1.2667,"color":"ffffff00","curve":"stepped"},{"time":1.3,"color":"ffffff00"},{"time":1.8667,"color":"ffffffff"},{"time":3.3667,"color":"ffffff74"}]},"500410/7":{"color":[{"time":0,"color":"ffffffcf","curve":[0.385,0.61,0.745,1]},{"time":0.2,"color":"ffffffff"},{"time":2.9667,"color":"ffffff00","curve":"stepped"},{"time":3,"color":"ffffff00","curve":[0.204,0.35,0.625,0.76]},{"time":3.3667,"color":"ffffffcf"}]},"500410/8":{"color":[{"time":0,"color":"ffffff00","curve":[0.206,0.44,0.75,1]},{"time":0.5667,"color":"ffffffff"},{"time":3.3333,"color":"ffffff00","curve":"stepped"},{"time":3.3667,"color":"ffffff00"}]},"500410/9":{"color":[{"time":0,"color":"fffffffb"},{"time":2.7333,"color":"ffffff00","curve":"stepped"},{"time":2.7667,"color":"ffffff00","curve":[0.25,0,0.75,1]},{"time":3.3333,"color":"ffffffff"},{"time":3.3667,"color":"fffffffb"}]},"500410/10":{"color":[{"time":0,"color":"ffffffb2"},{"time":1.9333,"color":"ffffff00","curve":"stepped"},{"time":1.9667,"color":"ffffff00","curve":[0.206,0.44,0.75,1]},{"time":2.5333,"color":"ffffffff"},{"time":3.3667,"color":"ffffffb2"}]},"500410/11":{"color":[{"time":0,"color":"ffffff40"},{"time":0.7,"color":"ffffff00","curve":"stepped"},{"time":0.7333,"color":"ffffff00"},{"time":1.3,"color":"ffffffff"},{"time":3.3667,"color":"ffffff40"}]},"500410/12":{"color":[{"time":0,"color":"ffffffef"},{"time":2.6,"color":"ffffff00","curve":"stepped"},{"time":2.6333,"color":"ffffff00"},{"time":3.2,"color":"ffffffff"},{"time":3.3667,"color":"ffffffef"}]},"500410/13":{"color":[{"time":0,"color":"ffffff0f"},{"time":0.1667,"color":"ffffff00","curve":"stepped"},{"time":0.2,"color":"ffffff00","curve":[0.206,0.44,0.75,1]},{"time":0.7667,"color":"ffffffff"},{"time":3.3667,"color":"ffffff0f"}]},"500410/14":{"color":[{"time":0,"color":"ffffff0f"},{"time":0.1667,"color":"ffffff00","curve":"stepped"},{"time":0.2,"color":"ffffff00"},{"time":0.7667,"color":"ffffffff"},{"time":3.3667,"color":"ffffff0f"}]},"500410/15":{"color":[{"time":0,"color":"ffffff9c"},{"time":1.7,"color":"ffffff00","curve":"stepped"},{"time":1.7333,"color":"ffffff00","curve":[0.206,0.44,0.75,1]},{"time":2.3,"color":"ffffffff"},{"time":3.3667,"color":"ffffff9c"}]},"500410/16":{"color":[{"time":0,"color":"ffffff15"},{"time":0.2333,"color":"ffffff00","curve":"stepped"},{"time":0.2667,"color":"ffffff00","curve":[0.206,0.44,0.75,1]},{"time":0.8333,"color":"ffffffff"},{"time":3.3667,"color":"ffffff15"}]},"500410/17":{"color":[{"time":0,"color":"ffffff5f"},{"time":1.0333,"color":"ffffff00","curve":"stepped"},{"time":1.0667,"color":"ffffff00","curve":[0.206,0.44,0.75,1]},{"time":1.6333,"color":"ffffffff"},{"time":3.3667,"color":"ffffff5f"}]},"500410/18":{"color":[{"time":0,"color":"ffffff00","curve":[0.206,0.44,0.75,1]},{"time":0.5667,"color":"ffffffff"},{"time":3.3333,"color":"ffffff00","curve":"stepped"},{"time":3.3667,"color":"ffffff00"}]},"500410/19":{"color":[{"time":0,"color":"ffffff4c","curve":[0.292,0.5,0.761,1]},{"time":0.4667,"color":"ffffffff"},{"time":3.2333,"color":"ffffff00","curve":"stepped"},{"time":3.2667,"color":"ffffff00","curve":[0.265,0.32,0.607,0.66]},{"time":3.3667,"color":"ffffff4c"}]}},"bones":{"bone2":{"scale":[{"time":0,"x":0.692,"y":1,"curve":[0.375,0.5,0.75,1]},{"time":0.2667,"x":1,"y":1,"curve":[0.25,0,0.75,1]},{"time":0.8333,"x":0.383,"y":1,"curve":[0.25,0,0.75,1]},{"time":1.4,"x":1,"y":1,"curve":"stepped"},{"time":1.4333,"x":1,"y":1,"curve":[0.25,0,0.75,1]},{"time":2,"x":0.383,"y":1,"curve":[0.25,0,0.75,1]},{"time":2.5333,"x":1,"y":1,"curve":[0.25,0,0.75,1]},{"time":3.1,"x":0.383,"y":1,"curve":[0.25,0,0.625,0.5]},{"time":3.3667,"x":0.692,"y":1}]},"bone":{"scale":[{"time":0,"x":0.679,"y":1,"curve":[0.375,0.5,0.75,1]},{"time":0.2667,"x":1,"y":1,"curve":[0.25,0,0.75,1]},{"time":0.8333,"x":0.357,"y":1,"curve":[0.25,0,0.75,1]},{"time":1.4,"x":1,"y":1,"curve":"stepped"},{"time":1.4333,"x":1,"y":1,"curve":[0.25,0,0.75,1]},{"time":2,"x":0.357,"y":1,"curve":[0.25,0,0.75,1]},{"time":2.5333,"x":1,"y":1,"curve":[0.25,0,0.75,1]},{"time":3.1,"x":0.357,"y":1,"curve":[0.25,0,0.625,0.5]},{"time":3.3667,"x":0.679,"y":1}]},"500405/13":{"rotate":[{"time":0,"angle":-6.24,"curve":[0.327,0.31,0.697,0.76]},{"time":0.2667,"angle":5.79,"curve":[0.375,0.62,0.716,1]},{"time":0.4,"angle":8.34},{"time":0.9333,"angle":-11.22,"curve":[0.243,0,0.68,0.71]},{"time":1.4,"angle":5.79,"curve":"stepped"},{"time":1.4333,"angle":5.79,"curve":[0.375,0.62,0.716,1]},{"time":1.5333,"angle":8.34},{"time":2.1,"angle":-11.22,"curve":[0.243,0,0.68,0.71]},{"time":2.5333,"angle":5.79,"curve":[0.375,0.62,0.716,1]},{"time":2.6667,"angle":8.34},{"time":3.2,"angle":-11.22,"curve":[0.268,0,0.618,0.42]},{"time":3.3667,"angle":-6.24}]},"bone3":{"rotate":[{"time":0,"angle":-10.12,"curve":[0.284,0.17,0.653,0.62]},{"time":0.2667,"angle":1.14,"curve":[0.381,0.55,0.742,1]},{"time":0.5,"angle":8.34},{"time":1.0667,"angle":-11.22,"curve":[0.245,0,0.637,0.56]},{"time":1.4,"angle":1.14,"curve":"stepped"},{"time":1.4333,"angle":1.14,"curve":[0.381,0.55,0.742,1]},{"time":1.6667,"angle":8.34},{"time":2.2,"angle":-11.22,"curve":[0.245,0,0.637,0.56]},{"time":2.5333,"angle":1.14,"curve":[0.381,0.55,0.742,1]},{"time":2.7667,"angle":8.34},{"time":3.3,"angle":-11.22,"curve":[0.3,0,0.636,0.36]},{"time":3.3667,"angle":-10.12}]},"bone4":{"rotate":[{"time":0,"angle":-10.11,"curve":[0.363,0.64,0.699,1]},{"time":0.0667,"angle":-11.22,"curve":[0.258,0,0.619,0.45]},{"time":0.2667,"angle":-4.03,"curve":[0.363,0.44,0.755,1]},{"time":0.6,"angle":8.34,"curve":[0.25,0,0.75,1]},{"time":1.1667,"angle":-11.22,"curve":[0.258,0,0.619,0.45]},{"time":1.4,"angle":-4.03,"curve":"stepped"},{"time":1.4333,"angle":-4.03,"curve":[0.363,0.44,0.755,1]},{"time":1.7667,"angle":8.34,"curve":[0.25,0,0.75,1]},{"time":2.3333,"angle":-11.22,"curve":[0.258,0,0.619,0.45]},{"time":2.5333,"angle":-4.03,"curve":[0.363,0.44,0.755,1]},{"time":2.8667,"angle":8.34,"curve":[0.245,0,0.705,0.81]},{"time":3.3667,"angle":-10.11}]},"500405/16":{"rotate":[{"time":0,"angle":7.9,"curve":[0.327,0.31,0.697,0.76]},{"time":0.2667,"angle":-7.86,"curve":[0.375,0.62,0.716,1]},{"time":0.4,"angle":-11.19},{"time":0.9333,"angle":14.42,"curve":[0.243,0,0.68,0.71]},{"time":1.4,"angle":-7.86,"curve":"stepped"},{"time":1.4333,"angle":-7.86,"curve":[0.375,0.62,0.716,1]},{"time":1.5333,"angle":-11.19},{"time":2.1,"angle":14.42,"curve":[0.243,0,0.68,0.71]},{"time":2.5333,"angle":-7.86,"curve":[0.375,0.62,0.716,1]},{"time":2.6667,"angle":-11.19},{"time":3.2,"angle":14.42,"curve":[0.268,0,0.618,0.42]},{"time":3.3667,"angle":7.9}]},"bone5":{"rotate":[{"time":0,"angle":-10.26,"curve":[0.284,0.17,0.653,0.62]},{"time":0.2667,"angle":-3.94,"curve":[0.381,0.55,0.742,1]},{"time":0.5,"angle":0.1},{"time":1.0667,"angle":-10.89,"curve":[0.245,0,0.637,0.56]},{"time":1.4,"angle":-3.94,"curve":"stepped"},{"time":1.4333,"angle":-3.94,"curve":[0.381,0.55,0.742,1]},{"time":1.6667,"angle":0.1},{"time":2.2,"angle":-10.89,"curve":[0.245,0,0.637,0.56]},{"time":2.5333,"angle":-3.94,"curve":[0.381,0.55,0.742,1]},{"time":2.7667,"angle":0.1},{"time":3.3,"angle":-10.89,"curve":[0.3,0,0.636,0.36]},{"time":3.3667,"angle":-10.26}]},"bone6":{"rotate":[{"time":0,"angle":-12.12,"curve":[0.363,0.64,0.699,1]},{"time":0.0667,"angle":-13.43,"curve":[0.258,0,0.619,0.45]},{"time":0.2667,"angle":-4.97,"curve":[0.363,0.44,0.755,1]},{"time":0.6,"angle":9.58,"curve":[0.25,0,0.75,1]},{"time":1.1667,"angle":-13.43,"curve":[0.258,0,0.619,0.45]},{"time":1.4,"angle":-4.97,"curve":"stepped"},{"time":1.4333,"angle":-4.97,"curve":[0.363,0.44,0.755,1]},{"time":1.7667,"angle":9.58,"curve":[0.25,0,0.75,1]},{"time":2.3333,"angle":-13.43,"curve":[0.258,0,0.619,0.45]},{"time":2.5333,"angle":-4.97,"curve":[0.363,0.44,0.755,1]},{"time":2.8667,"angle":9.58,"curve":[0.245,0,0.705,0.81]},{"time":3.3667,"angle":-12.12}]},"500405/14":{"rotate":[{"time":0,"angle":-8.25,"curve":[0.327,0.31,0.697,0.76]},{"time":0.2667,"angle":-1.44,"curve":[0.375,0.62,0.716,1]},{"time":0.4,"angle":0},{"time":0.9333,"angle":-11.08,"curve":[0.243,0,0.68,0.71]},{"time":1.4,"angle":-1.44,"curve":"stepped"},{"time":1.4333,"angle":-1.44,"curve":[0.375,0.62,0.716,1]},{"time":1.5333,"angle":0},{"time":2.1,"angle":-11.08,"curve":[0.243,0,0.68,0.71]},{"time":2.5333,"angle":-1.44,"curve":[0.375,0.62,0.716,1]},{"time":2.6667,"angle":0},{"time":3.2,"angle":-11.08,"curve":[0.268,0,0.618,0.42]},{"time":3.3667,"angle":-8.25}]},"bone7":{"rotate":[{"time":0,"angle":-10.45,"curve":[0.284,0.17,0.653,0.62]},{"time":0.2667,"angle":-4.07,"curve":[0.381,0.55,0.742,1]},{"time":0.5,"angle":0,"curve":[0.25,0,0.75,1]},{"time":1.0667,"angle":-11.08,"curve":[0.245,0,0.637,0.56]},{"time":1.4,"angle":-4.07,"curve":"stepped"},{"time":1.4333,"angle":-4.07,"curve":[0.381,0.55,0.742,1]},{"time":1.6667,"angle":0,"curve":[0.25,0,0.75,1]},{"time":2.2,"angle":-11.08,"curve":[0.245,0,0.637,0.56]},{"time":2.5333,"angle":-4.07,"curve":[0.381,0.55,0.742,1]},{"time":2.7667,"angle":0,"curve":[0.25,0,0.75,1]},{"time":3.3,"angle":-11.08,"curve":[0.3,0,0.636,0.36]},{"time":3.3667,"angle":-10.45}]},"bone8":{"rotate":[{"time":0,"angle":-10.45,"curve":[0.363,0.64,0.699,1]},{"time":0.0667,"angle":-11.08,"curve":[0.258,0,0.619,0.45]},{"time":0.2667,"angle":-7,"curve":[0.363,0.44,0.755,1]},{"time":0.6,"angle":0,"curve":[0.25,0,0.75,1]},{"time":1.1667,"angle":-11.08,"curve":[0.258,0,0.619,0.45]},{"time":1.4,"angle":-7,"curve":"stepped"},{"time":1.4333,"angle":-7,"curve":[0.363,0.44,0.755,1]},{"time":1.7667,"angle":0,"curve":[0.25,0,0.75,1]},{"time":2.3333,"angle":-11.08,"curve":[0.258,0,0.619,0.45]},{"time":2.5333,"angle":-7,"curve":[0.363,0.44,0.755,1]},{"time":2.8667,"angle":0,"curve":[0.245,0,0.705,0.81]},{"time":3.3667,"angle":-10.45}]},"500405/15":{"rotate":[{"time":0,"angle":4.81,"curve":[0.327,0.31,0.697,0.76]},{"time":0.2667,"angle":0.84,"curve":[0.375,0.62,0.716,1]},{"time":0.4,"angle":0},{"time":0.9333,"angle":6.46,"curve":[0.243,0,0.68,0.71]},{"time":1.4,"angle":0.84,"curve":"stepped"},{"time":1.4333,"angle":0.84,"curve":[0.375,0.62,0.716,1]},{"time":1.5333,"angle":0},{"time":2.1,"angle":6.46,"curve":[0.243,0,0.68,0.71]},{"time":2.5333,"angle":0.84,"curve":[0.375,0.62,0.716,1]},{"time":2.6667,"angle":0},{"time":3.2,"angle":6.46,"curve":[0.268,0,0.618,0.42]},{"time":3.3667,"angle":4.81}]},"bone9":{"rotate":[{"time":0,"angle":-13.07,"curve":[0.284,0.17,0.653,0.62]},{"time":0.2667,"angle":-5.1,"curve":[0.381,0.55,0.742,1]},{"time":0.5,"angle":0,"curve":[0.25,0,0.75,1]},{"time":1.0667,"angle":-13.86,"curve":[0.245,0,0.637,0.56]},{"time":1.4,"angle":-5.1,"curve":"stepped"},{"time":1.4333,"angle":-5.1,"curve":[0.381,0.55,0.742,1]},{"time":1.6667,"angle":0,"curve":[0.25,0,0.75,1]},{"time":2.2,"angle":-13.86,"curve":[0.245,0,0.637,0.56]},{"time":2.5333,"angle":-5.1,"curve":[0.381,0.55,0.742,1]},{"time":2.7667,"angle":0,"curve":[0.25,0,0.75,1]},{"time":3.3,"angle":-13.86,"curve":[0.3,0,0.636,0.36]},{"time":3.3667,"angle":-13.07}]},"bone10":{"rotate":[{"time":0,"angle":-13.01},{"time":0.0667,"angle":-14.74,"curve":[0.258,0,0.619,0.45]},{"time":0.2667,"angle":-9.32,"curve":[0.363,0.44,0.755,1]},{"time":0.6,"angle":0},{"time":1.1667,"angle":-14.74,"curve":[0.258,0,0.619,0.45]},{"time":1.4,"angle":-9.32,"curve":"stepped"},{"time":1.4333,"angle":-9.32,"curve":[0.363,0.44,0.755,1]},{"time":1.7667,"angle":0},{"time":2.3333,"angle":-14.74,"curve":[0.258,0,0.619,0.45]},{"time":2.5333,"angle":-9.32,"curve":[0.363,0.44,0.755,1]},{"time":2.8667,"angle":0},{"time":3.3667,"angle":-13.01}]},"bone11":{"rotate":[{"time":0,"angle":-33.09},{"time":1.4,"angle":-40.63},{"time":1.4333,"angle":-22.66,"curve":[0.25,0,0.75,1]},{"time":3.3667,"angle":-33.09}],"translate":[{"time":0,"x":-102.5,"y":-162.9},{"time":1.4,"x":-66.59,"y":-124.71},{"time":1.4333,"x":-152.08,"y":-215.65},{"time":3.3667,"x":-102.5,"y":-162.9}]},"bone15":{"rotate":[{"time":0,"angle":-0.94,"curve":[0.377,0.51,0.749,1]},{"time":0.2667,"angle":8.34,"curve":[0.25,0,0.75,1]},{"time":0.8333,"angle":-11.22,"curve":[0.258,0,0.619,0.45]},{"time":1.0333,"angle":-4.03,"curve":[0.363,0.44,0.755,1]},{"time":1.3667,"angle":8.34,"curve":[0.25,0,0.75,1]},{"time":1.9333,"angle":-11.22,"curve":[0.258,0,0.619,0.45]},{"time":2.1667,"angle":-4.03,"curve":"stepped"},{"time":2.2,"angle":-4.03,"curve":[0.363,0.44,0.755,1]},{"time":2.5333,"angle":8.34,"curve":[0.25,0,0.75,1]},{"time":3.1,"angle":-11.22,"curve":[0.258,0,0.619,0.45]},{"time":3.3,"angle":-4.03,"curve":[0.33,0.32,0.666,0.66]},{"time":3.3667,"angle":-0.94}]},"bone14":{"rotate":[{"time":0,"angle":3.96,"curve":[0.381,0.59,0.729,1]},{"time":0.1667,"angle":8.34},{"time":0.7,"angle":-11.22,"curve":[0.245,0,0.637,0.56]},{"time":1.0333,"angle":1.14,"curve":[0.381,0.55,0.742,1]},{"time":1.2667,"angle":8.34},{"time":1.8333,"angle":-11.22,"curve":[0.245,0,0.637,0.56]},{"time":2.1667,"angle":1.14,"curve":"stepped"},{"time":2.2,"angle":1.14,"curve":[0.381,0.55,0.742,1]},{"time":2.4333,"angle":8.34},{"time":2.9667,"angle":-11.22,"curve":[0.245,0,0.637,0.56]},{"time":3.3,"angle":1.14,"curve":[0.341,0.36,0.676,0.7]},{"time":3.3667,"angle":3.96}]},"500405/17":{"rotate":[{"time":0,"angle":7.56,"curve":[0.36,0.64,0.695,1]},{"time":0.0667,"angle":8.34},{"time":0.6,"angle":-11.22,"curve":[0.243,0,0.68,0.71]},{"time":1.0333,"angle":5.79,"curve":[0.375,0.62,0.716,1]},{"time":1.1667,"angle":8.34},{"time":1.7,"angle":-11.22,"curve":[0.243,0,0.68,0.71]},{"time":2.1667,"angle":5.79,"curve":"stepped"},{"time":2.2,"angle":5.79,"curve":[0.375,0.62,0.716,1]},{"time":2.3,"angle":8.34},{"time":2.8667,"angle":-11.22,"curve":[0.243,0,0.68,0.71]},{"time":3.3,"angle":5.79,"curve":[0.351,0.42,0.686,0.76]},{"time":3.3667,"angle":7.56}]},"bone17":{"rotate":[{"time":0,"angle":-5.25,"curve":[0.377,0.51,0.749,1]},{"time":0.2667,"angle":0,"curve":[0.25,0,0.75,1]},{"time":0.8333,"angle":-11.08,"curve":[0.258,0,0.619,0.45]},{"time":1.0333,"angle":-7,"curve":[0.363,0.44,0.755,1]},{"time":1.3667,"angle":0,"curve":[0.25,0,0.75,1]},{"time":1.9333,"angle":-11.08,"curve":[0.258,0,0.619,0.45]},{"time":2.1667,"angle":-7,"curve":"stepped"},{"time":2.2,"angle":-7,"curve":[0.363,0.44,0.755,1]},{"time":2.5333,"angle":0,"curve":[0.25,0,0.75,1]},{"time":3.1,"angle":-11.08,"curve":[0.258,0,0.619,0.45]},{"time":3.3,"angle":-7,"curve":[0.33,0.32,0.666,0.66]},{"time":3.3667,"angle":-5.25}]},"bone16":{"rotate":[{"time":0,"angle":-2.48,"curve":[0.381,0.59,0.729,1]},{"time":0.1667,"angle":0,"curve":[0.25,0,0.75,1]},{"time":0.7,"angle":-11.08,"curve":[0.245,0,0.637,0.56]},{"time":1.0333,"angle":-4.07,"curve":[0.381,0.55,0.742,1]},{"time":1.2667,"angle":0,"curve":[0.25,0,0.75,1]},{"time":1.8333,"angle":-11.08,"curve":[0.245,0,0.637,0.56]},{"time":2.1667,"angle":-4.07,"curve":"stepped"},{"time":2.2,"angle":-4.07,"curve":[0.381,0.55,0.742,1]},{"time":2.4333,"angle":0,"curve":[0.25,0,0.75,1]},{"time":2.9667,"angle":-11.08,"curve":[0.245,0,0.637,0.56]},{"time":3.3,"angle":-4.07,"curve":[0.341,0.36,0.676,0.7]},{"time":3.3667,"angle":-2.48}]},"500405/18":{"rotate":[{"time":0,"angle":-0.44,"curve":[0.36,0.64,0.695,1]},{"time":0.0667,"angle":0},{"time":0.6,"angle":-11.08,"curve":[0.243,0,0.68,0.71]},{"time":1.0333,"angle":-1.44,"curve":[0.375,0.62,0.716,1]},{"time":1.1667,"angle":0},{"time":1.7,"angle":-11.08,"curve":[0.243,0,0.68,0.71]},{"time":2.1667,"angle":-1.44,"curve":"stepped"},{"time":2.2,"angle":-1.44,"curve":[0.375,0.62,0.716,1]},{"time":2.3,"angle":0},{"time":2.8667,"angle":-11.08,"curve":[0.243,0,0.68,0.71]},{"time":3.3,"angle":-1.44,"curve":[0.351,0.42,0.686,0.76]},{"time":3.3667,"angle":-0.44}]},"bone13":{"scale":[{"time":0,"x":0.963,"y":1,"curve":[0.295,0.19,0.755,1]},{"time":0.5,"x":0.357,"y":1,"curve":[0.25,0,0.75,1]},{"time":1.0333,"x":1,"y":1,"curve":[0.25,0,0.75,1]},{"time":1.6,"x":0.357,"y":1,"curve":[0.25,0,0.75,1]},{"time":2.1667,"x":1,"y":1,"curve":"stepped"},{"time":2.2,"x":1,"y":1,"curve":[0.25,0,0.75,1]},{"time":2.7667,"x":0.357,"y":1,"curve":[0.25,0,0.75,1]},{"time":3.3,"x":1,"y":1,"curve":[0.301,0,0.637,0.36]},{"time":3.3667,"x":0.963,"y":1}]},"bone20":{"rotate":[{"time":0,"angle":-6.99,"curve":[0.377,0.51,0.749,1]},{"time":0.2667,"angle":0},{"time":0.8333,"angle":-14.74,"curve":[0.258,0,0.619,0.45]},{"time":1.0333,"angle":-9.32,"curve":[0.363,0.44,0.755,1]},{"time":1.3667,"angle":0},{"time":1.9333,"angle":-14.74,"curve":[0.258,0,0.619,0.45]},{"time":2.1667,"angle":-9.32,"curve":"stepped"},{"time":2.2,"angle":-9.32,"curve":[0.363,0.44,0.755,1]},{"time":2.5333,"angle":0},{"time":3.1,"angle":-14.74,"curve":[0.258,0,0.619,0.45]},{"time":3.3,"angle":-9.32,"curve":[0.33,0.32,0.666,0.66]},{"time":3.3667,"angle":-6.99}]},"bone19":{"rotate":[{"time":0,"angle":-3.1,"curve":[0.381,0.59,0.729,1]},{"time":0.1667,"angle":0,"curve":[0.25,0,0.75,1]},{"time":0.7,"angle":-13.86,"curve":[0.245,0,0.637,0.56]},{"time":1.0333,"angle":-5.1,"curve":[0.381,0.55,0.742,1]},{"time":1.2667,"angle":0,"curve":[0.25,0,0.75,1]},{"time":1.8333,"angle":-13.86,"curve":[0.245,0,0.637,0.56]},{"time":2.1667,"angle":-5.1,"curve":"stepped"},{"time":2.2,"angle":-5.1,"curve":[0.381,0.55,0.742,1]},{"time":2.4333,"angle":0,"curve":[0.25,0,0.75,1]},{"time":2.9667,"angle":-13.86,"curve":[0.245,0,0.637,0.56]},{"time":3.3,"angle":-5.1,"curve":[0.341,0.36,0.676,0.7]},{"time":3.3667,"angle":-3.1}]},"500405/19":{"rotate":[{"time":0,"angle":0.26,"curve":[0.36,0.64,0.695,1]},{"time":0.0667,"angle":0},{"time":0.6,"angle":6.46,"curve":[0.243,0,0.68,0.71]},{"time":1.0333,"angle":0.84,"curve":[0.375,0.62,0.716,1]},{"time":1.1667,"angle":0},{"time":1.7,"angle":6.46,"curve":[0.243,0,0.68,0.71]},{"time":2.1667,"angle":0.84,"curve":"stepped"},{"time":2.2,"angle":0.84,"curve":[0.375,0.62,0.716,1]},{"time":2.3,"angle":0},{"time":2.8667,"angle":6.46,"curve":[0.243,0,0.68,0.71]},{"time":3.3,"angle":0.84,"curve":[0.351,0.42,0.686,0.76]},{"time":3.3667,"angle":0.26}]},"bone22":{"rotate":[{"time":0,"angle":-1.33,"curve":[0.377,0.51,0.749,1]},{"time":0.2667,"angle":9.58,"curve":[0.25,0,0.75,1]},{"time":0.8333,"angle":-13.43,"curve":[0.258,0,0.619,0.45]},{"time":1.0333,"angle":-4.97,"curve":[0.363,0.44,0.755,1]},{"time":1.3667,"angle":9.58,"curve":[0.25,0,0.75,1]},{"time":1.9333,"angle":-13.43,"curve":[0.258,0,0.619,0.45]},{"time":2.1667,"angle":-4.97,"curve":"stepped"},{"time":2.2,"angle":-4.97,"curve":[0.363,0.44,0.755,1]},{"time":2.5333,"angle":9.58,"curve":[0.25,0,0.75,1]},{"time":3.1,"angle":-13.43,"curve":[0.258,0,0.619,0.45]},{"time":3.3,"angle":-4.97,"curve":[0.33,0.32,0.666,0.66]},{"time":3.3667,"angle":-1.33}]},"bone21":{"rotate":[{"time":0,"angle":-2.35,"curve":[0.381,0.59,0.729,1]},{"time":0.1667,"angle":0.1},{"time":0.7,"angle":-10.89,"curve":[0.245,0,0.637,0.56]},{"time":1.0333,"angle":-3.94,"curve":[0.381,0.55,0.742,1]},{"time":1.2667,"angle":0.1},{"time":1.8333,"angle":-10.89,"curve":[0.245,0,0.637,0.56]},{"time":2.1667,"angle":-3.94,"curve":"stepped"},{"time":2.2,"angle":-3.94,"curve":[0.381,0.55,0.742,1]},{"time":2.4333,"angle":0.1},{"time":2.9667,"angle":-10.89,"curve":[0.245,0,0.637,0.56]},{"time":3.3,"angle":-3.94,"curve":[0.341,0.36,0.676,0.7]},{"time":3.3667,"angle":-2.35}]},"500405/20":{"rotate":[{"time":0,"angle":-10.17,"curve":[0.36,0.64,0.695,1]},{"time":0.0667,"angle":-11.19},{"time":0.6,"angle":14.42,"curve":[0.243,0,0.68,0.71]},{"time":1.0333,"angle":-7.86,"curve":[0.375,0.62,0.716,1]},{"time":1.1667,"angle":-11.19},{"time":1.7,"angle":14.42,"curve":[0.243,0,0.68,0.71]},{"time":2.1667,"angle":-7.86,"curve":"stepped"},{"time":2.2,"angle":-7.86,"curve":[0.375,0.62,0.716,1]},{"time":2.3,"angle":-11.19},{"time":2.8667,"angle":14.42,"curve":[0.243,0,0.68,0.71]},{"time":3.3,"angle":-7.86,"curve":[0.351,0.42,0.686,0.76]},{"time":3.3667,"angle":-10.17}]},"bone18":{"scale":[{"time":0,"x":0.965,"y":1,"curve":[0.295,0.19,0.755,1]},{"time":0.5,"x":0.383,"y":1,"curve":[0.25,0,0.75,1]},{"time":1.0333,"x":1,"y":1,"curve":[0.25,0,0.75,1]},{"time":1.6,"x":0.383,"y":1,"curve":[0.25,0,0.75,1]},{"time":2.1667,"x":1,"y":1,"curve":"stepped"},{"time":2.2,"x":1,"y":1,"curve":[0.25,0,0.75,1]},{"time":2.7667,"x":0.383,"y":1,"curve":[0.25,0,0.75,1]},{"time":3.3,"x":1,"y":1,"curve":[0.301,0,0.637,0.36]},{"time":3.3667,"x":0.965,"y":1}]},"bone12":{"rotate":[{"time":0,"angle":21.88,"curve":"stepped"},{"time":2.2,"angle":21.88,"curve":"stepped"},{"time":3.3667,"angle":21.88}],"translate":[{"time":0,"x":-29.66,"y":-175.56},{"time":2.1667,"x":-71.48,"y":-101.12},{"time":2.2,"x":-7.15,"y":-215.65},{"time":3.3667,"x":-29.66,"y":-175.56}],"scale":[{"time":0,"x":0.76,"y":0.76,"curve":"stepped"},{"time":2.2,"x":0.76,"y":0.76,"curve":"stepped"},{"time":3.3667,"x":0.76,"y":0.76}]},"bone26":{"rotate":[{"time":0,"angle":-0.68,"curve":[0.372,0.48,0.752,1]},{"time":0.3,"angle":-11.22,"curve":[0.258,0,0.619,0.45]},{"time":0.5333,"angle":-4.03,"curve":"stepped"},{"time":0.5667,"angle":-4.03,"curve":[0.363,0.44,0.755,1]},{"time":0.9,"angle":8.34,"curve":[0.25,0,0.75,1]},{"time":1.4667,"angle":-11.22,"curve":[0.258,0,0.619,0.45]},{"time":1.6667,"angle":-4.03,"curve":[0.363,0.44,0.755,1]},{"time":2,"angle":8.34,"curve":[0.25,0,0.75,1]},{"time":2.5667,"angle":-11.22,"curve":[0.258,0,0.619,0.45]},{"time":2.7667,"angle":-4.03,"curve":[0.363,0.44,0.755,1]},{"time":3.1,"angle":8.34,"curve":[0.252,0,0.622,0.49]},{"time":3.3667,"angle":-0.68}]},"bone25":{"rotate":[{"time":0,"angle":-4.32},{"time":0.2,"angle":-11.22,"curve":[0.245,0,0.637,0.56]},{"time":0.5333,"angle":1.14,"curve":"stepped"},{"time":0.5667,"angle":1.14,"curve":[0.381,0.55,0.742,1]},{"time":0.8,"angle":8.34},{"time":1.3333,"angle":-11.22,"curve":[0.245,0,0.637,0.56]},{"time":1.6667,"angle":1.14,"curve":[0.381,0.55,0.742,1]},{"time":1.9,"angle":8.34},{"time":2.4333,"angle":-11.22,"curve":[0.245,0,0.637,0.56]},{"time":2.7667,"angle":1.14,"curve":[0.381,0.55,0.742,1]},{"time":3,"angle":8.34},{"time":3.3667,"angle":-4.32}]},"500405/21":{"rotate":[{"time":0,"angle":-8.78},{"time":0.0667,"angle":-11.22,"curve":[0.243,0,0.68,0.71]},{"time":0.5333,"angle":5.79,"curve":"stepped"},{"time":0.5667,"angle":5.79,"curve":[0.375,0.62,0.716,1]},{"time":0.6667,"angle":8.34},{"time":1.2333,"angle":-11.22,"curve":[0.243,0,0.68,0.71]},{"time":1.6667,"angle":5.79,"curve":[0.375,0.62,0.716,1]},{"time":1.8,"angle":8.34},{"time":2.3333,"angle":-11.22,"curve":[0.243,0,0.68,0.71]},{"time":2.7667,"angle":5.79,"curve":[0.375,0.62,0.716,1]},{"time":2.9,"angle":8.34},{"time":3.3667,"angle":-8.78}]},"bone28":{"rotate":[{"time":0,"angle":-5.11,"curve":[0.372,0.48,0.752,1]},{"time":0.3,"angle":-11.08,"curve":[0.258,0,0.619,0.45]},{"time":0.5333,"angle":-7,"curve":"stepped"},{"time":0.5667,"angle":-7,"curve":[0.363,0.44,0.755,1]},{"time":0.9,"angle":0,"curve":[0.25,0,0.75,1]},{"time":1.4667,"angle":-11.08,"curve":[0.258,0,0.619,0.45]},{"time":1.6667,"angle":-7,"curve":[0.363,0.44,0.755,1]},{"time":2,"angle":0,"curve":[0.25,0,0.75,1]},{"time":2.5667,"angle":-11.08,"curve":[0.258,0,0.619,0.45]},{"time":2.7667,"angle":-7,"curve":[0.363,0.44,0.755,1]},{"time":3.1,"angle":0,"curve":[0.252,0,0.622,0.49]},{"time":3.3667,"angle":-5.11}]},"bone27":{"rotate":[{"time":0,"angle":-7.66,"curve":[0.382,0.56,0.738,1]},{"time":0.2,"angle":-11.08,"curve":[0.245,0,0.637,0.56]},{"time":0.5333,"angle":-4.07,"curve":"stepped"},{"time":0.5667,"angle":-4.07,"curve":[0.381,0.55,0.742,1]},{"time":0.8,"angle":0,"curve":[0.25,0,0.75,1]},{"time":1.3333,"angle":-11.08,"curve":[0.245,0,0.637,0.56]},{"time":1.6667,"angle":-4.07,"curve":[0.381,0.55,0.742,1]},{"time":1.9,"angle":0,"curve":[0.25,0,0.75,1]},{"time":2.4333,"angle":-11.08,"curve":[0.245,0,0.637,0.56]},{"time":2.7667,"angle":-4.07,"curve":[0.381,0.55,0.742,1]},{"time":3,"angle":0,"curve":[0.244,0,0.645,0.59]},{"time":3.3667,"angle":-7.66}]},"500405/22":{"rotate":[{"time":0,"angle":-9.69},{"time":0.0667,"angle":-11.08,"curve":[0.243,0,0.68,0.71]},{"time":0.5333,"angle":-1.44,"curve":"stepped"},{"time":0.5667,"angle":-1.44,"curve":[0.375,0.62,0.716,1]},{"time":0.6667,"angle":0},{"time":1.2333,"angle":-11.08,"curve":[0.243,0,0.68,0.71]},{"time":1.6667,"angle":-1.44,"curve":[0.375,0.62,0.716,1]},{"time":1.8,"angle":0},{"time":2.3333,"angle":-11.08,"curve":[0.243,0,0.68,0.71]},{"time":2.7667,"angle":-1.44,"curve":[0.375,0.62,0.716,1]},{"time":2.9,"angle":0},{"time":3.3667,"angle":-9.69}]},"bone24":{"scale":[{"time":0,"x":0.37,"y":1,"curve":[0.274,0.11,0.753,1]},{"time":0.5333,"x":1,"y":1,"curve":"stepped"},{"time":0.5667,"x":1,"y":1,"curve":[0.25,0,0.75,1]},{"time":1.1333,"x":0.357,"y":1,"curve":[0.25,0,0.75,1]},{"time":1.6667,"x":1,"y":1,"curve":[0.25,0,0.75,1]},{"time":2.2333,"x":0.357,"y":1,"curve":[0.25,0,0.75,1]},{"time":2.7667,"x":1,"y":1,"curve":[0.25,0,0.75,1]},{"time":3.3333,"x":0.357,"y":1,"curve":[0.316,0,0.65,0.35]},{"time":3.3667,"x":0.37,"y":1}]},"bone31":{"rotate":[{"time":0,"angle":-6.94},{"time":0.3,"angle":-14.74,"curve":[0.258,0,0.619,0.45]},{"time":0.5333,"angle":-9.32,"curve":"stepped"},{"time":0.5667,"angle":-9.32,"curve":[0.363,0.44,0.755,1]},{"time":0.9,"angle":0},{"time":1.4667,"angle":-14.74,"curve":[0.258,0,0.619,0.45]},{"time":1.6667,"angle":-9.32,"curve":[0.363,0.44,0.755,1]},{"time":2,"angle":0},{"time":2.5667,"angle":-14.74,"curve":[0.258,0,0.619,0.45]},{"time":2.7667,"angle":-9.32,"curve":[0.363,0.44,0.755,1]},{"time":3.1,"angle":0},{"time":3.3667,"angle":-6.94}]},"bone30":{"rotate":[{"time":0,"angle":-9.59,"curve":[0.382,0.56,0.738,1]},{"time":0.2,"angle":-13.86,"curve":[0.245,0,0.637,0.56]},{"time":0.5333,"angle":-5.1,"curve":"stepped"},{"time":0.5667,"angle":-5.1,"curve":[0.381,0.55,0.742,1]},{"time":0.8,"angle":0,"curve":[0.25,0,0.75,1]},{"time":1.3333,"angle":-13.86,"curve":[0.245,0,0.637,0.56]},{"time":1.6667,"angle":-5.1,"curve":[0.381,0.55,0.742,1]},{"time":1.9,"angle":0,"curve":[0.25,0,0.75,1]},{"time":2.4333,"angle":-13.86,"curve":[0.245,0,0.637,0.56]},{"time":2.7667,"angle":-5.1,"curve":[0.381,0.55,0.742,1]},{"time":3,"angle":0,"curve":[0.244,0,0.645,0.59]},{"time":3.3667,"angle":-9.59}]},"500405/23":{"rotate":[{"time":0,"angle":5.65},{"time":0.0667,"angle":6.46,"curve":[0.243,0,0.68,0.71]},{"time":0.5333,"angle":0.84,"curve":"stepped"},{"time":0.5667,"angle":0.84,"curve":[0.375,0.62,0.716,1]},{"time":0.6667,"angle":0},{"time":1.2333,"angle":6.46,"curve":[0.243,0,0.68,0.71]},{"time":1.6667,"angle":0.84,"curve":[0.375,0.62,0.716,1]},{"time":1.8,"angle":0},{"time":2.3333,"angle":6.46,"curve":[0.243,0,0.68,0.71]},{"time":2.7667,"angle":0.84,"curve":[0.375,0.62,0.716,1]},{"time":2.9,"angle":0},{"time":3.3667,"angle":5.65}]},"bone33":{"rotate":[{"time":0,"angle":-1.03,"curve":[0.372,0.48,0.752,1]},{"time":0.3,"angle":-13.43,"curve":[0.258,0,0.619,0.45]},{"time":0.5333,"angle":-4.97,"curve":"stepped"},{"time":0.5667,"angle":-4.97,"curve":[0.363,0.44,0.755,1]},{"time":0.9,"angle":9.58,"curve":[0.25,0,0.75,1]},{"time":1.4667,"angle":-13.43,"curve":[0.258,0,0.619,0.45]},{"time":1.6667,"angle":-4.97,"curve":[0.363,0.44,0.755,1]},{"time":2,"angle":9.58,"curve":[0.25,0,0.75,1]},{"time":2.5667,"angle":-13.43,"curve":[0.258,0,0.619,0.45]},{"time":2.7667,"angle":-4.97,"curve":[0.363,0.44,0.755,1]},{"time":3.1,"angle":9.58,"curve":[0.252,0,0.622,0.49]},{"time":3.3667,"angle":-1.03}]},"bone32":{"rotate":[{"time":0,"angle":-7.01},{"time":0.2,"angle":-10.89,"curve":[0.245,0,0.637,0.56]},{"time":0.5333,"angle":-3.94,"curve":"stepped"},{"time":0.5667,"angle":-3.94,"curve":[0.381,0.55,0.742,1]},{"time":0.8,"angle":0.1},{"time":1.3333,"angle":-10.89,"curve":[0.245,0,0.637,0.56]},{"time":1.6667,"angle":-3.94,"curve":[0.381,0.55,0.742,1]},{"time":1.9,"angle":0.1},{"time":2.4333,"angle":-10.89,"curve":[0.245,0,0.637,0.56]},{"time":2.7667,"angle":-3.94,"curve":[0.381,0.55,0.742,1]},{"time":3,"angle":0.1},{"time":3.3667,"angle":-7.01}]},"500405/24":{"rotate":[{"time":0,"angle":11.22},{"time":0.0667,"angle":14.42,"curve":[0.243,0,0.68,0.71]},{"time":0.5333,"angle":-7.86,"curve":"stepped"},{"time":0.5667,"angle":-7.86,"curve":[0.375,0.62,0.716,1]},{"time":0.6667,"angle":-11.19},{"time":1.2333,"angle":14.42,"curve":[0.243,0,0.68,0.71]},{"time":1.6667,"angle":-7.86,"curve":[0.375,0.62,0.716,1]},{"time":1.8,"angle":-11.19},{"time":2.3333,"angle":14.42,"curve":[0.243,0,0.68,0.71]},{"time":2.7667,"angle":-7.86,"curve":[0.375,0.62,0.716,1]},{"time":2.9,"angle":-11.19},{"time":3.3667,"angle":11.22}]},"bone29":{"scale":[{"time":0,"x":0.395,"y":1,"curve":[0.274,0.11,0.753,1]},{"time":0.5333,"x":1,"y":1,"curve":"stepped"},{"time":0.5667,"x":1,"y":1,"curve":[0.25,0,0.75,1]},{"time":1.1333,"x":0.383,"y":1,"curve":[0.25,0,0.75,1]},{"time":1.6667,"x":1,"y":1,"curve":[0.25,0,0.75,1]},{"time":2.2333,"x":0.383,"y":1,"curve":[0.25,0,0.75,1]},{"time":2.7667,"x":1,"y":1,"curve":[0.25,0,0.75,1]},{"time":3.3333,"x":0.383,"y":1,"curve":[0.316,0,0.65,0.35]},{"time":3.3667,"x":0.395,"y":1}]},"bone23":{"rotate":[{"time":0,"angle":-18.82},{"time":0.5333,"angle":-16.57},{"time":0.5667,"angle":-30.66},{"time":3.3667,"angle":-18.82}],"translate":[{"time":0,"x":-65.47,"y":-85.68},{"time":0.5333,"x":-57.41,"y":-60.92},{"time":0.5667,"x":-107.78,"y":-215.65},{"time":3.3667,"x":-65.47,"y":-85.68}],"scale":[{"time":0,"x":0.641,"y":0.641,"curve":"stepped"},{"time":0.5667,"x":0.641,"y":0.641,"curve":"stepped"},{"time":3.3667,"x":0.641,"y":0.641}]},"bone37":{"rotate":[{"time":0,"angle":-4.03,"curve":[0.363,0.44,0.755,1]},{"time":0.2667,"angle":8.34,"curve":[0.25,0,0.75,1]},{"time":0.7,"angle":-11.22,"curve":[0.258,0,0.619,0.45]},{"time":0.8667,"angle":-4.03,"curve":[0.363,0.44,0.755,1]},{"time":1.1333,"angle":8.34,"curve":[0.25,0,0.75,1]},{"time":1.5667,"angle":-11.22,"curve":[0.258,0,0.619,0.45]},{"time":1.7333,"angle":-4.03,"curve":[0.363,0.44,0.755,1]},{"time":2,"angle":8.34,"curve":[0.25,0,0.75,1]},{"time":2.4667,"angle":-11.22,"curve":[0.258,0,0.619,0.45]},{"time":2.6333,"angle":-4.03}]},"bone36":{"rotate":[{"time":0,"angle":1.14,"curve":[0.381,0.55,0.742,1]},{"time":0.2,"angle":8.34},{"time":0.6,"angle":-11.22,"curve":[0.245,0,0.637,0.56]},{"time":0.8667,"angle":1.14,"curve":[0.381,0.55,0.742,1]},{"time":1.0667,"angle":8.34},{"time":1.4667,"angle":-11.22,"curve":[0.245,0,0.637,0.56]},{"time":1.7333,"angle":1.14,"curve":[0.381,0.55,0.742,1]},{"time":1.9333,"angle":8.34},{"time":2.3667,"angle":-11.22,"curve":[0.245,0,0.637,0.56]},{"time":2.6333,"angle":1.14}]},"500405/25":{"rotate":[{"time":0,"angle":5.79,"curve":[0.375,0.62,0.716,1]},{"time":0.0667,"angle":8.34},{"time":0.5333,"angle":-11.22,"curve":[0.243,0,0.68,0.71]},{"time":0.8667,"angle":5.79,"curve":[0.375,0.62,0.716,1]},{"time":0.9667,"angle":8.34},{"time":1.4,"angle":-11.22,"curve":[0.243,0,0.68,0.71]},{"time":1.7333,"angle":5.79,"curve":[0.375,0.62,0.716,1]},{"time":1.8333,"angle":8.34},{"time":2.2667,"angle":-11.22,"curve":[0.243,0,0.68,0.71]},{"time":2.6333,"angle":5.79}]},"bone39":{"rotate":[{"time":0,"angle":-7,"curve":[0.363,0.44,0.755,1]},{"time":0.2667,"angle":0,"curve":[0.25,0,0.75,1]},{"time":0.7,"angle":-11.08,"curve":[0.258,0,0.619,0.45]},{"time":0.8667,"angle":-7,"curve":[0.363,0.44,0.755,1]},{"time":1.1333,"angle":0,"curve":[0.25,0,0.75,1]},{"time":1.5667,"angle":-11.08,"curve":[0.258,0,0.619,0.45]},{"time":1.7333,"angle":-7,"curve":[0.363,0.44,0.755,1]},{"time":2,"angle":0,"curve":[0.25,0,0.75,1]},{"time":2.4667,"angle":-11.08,"curve":[0.258,0,0.619,0.45]},{"time":2.6333,"angle":-7}]},"bone38":{"rotate":[{"time":0,"angle":-4.07,"curve":[0.381,0.55,0.742,1]},{"time":0.2,"angle":0,"curve":[0.25,0,0.75,1]},{"time":0.6,"angle":-11.08,"curve":[0.245,0,0.637,0.56]},{"time":0.8667,"angle":-4.07,"curve":[0.381,0.55,0.742,1]},{"time":1.0667,"angle":0,"curve":[0.25,0,0.75,1]},{"time":1.4667,"angle":-11.08,"curve":[0.245,0,0.637,0.56]},{"time":1.7333,"angle":-4.07,"curve":[0.381,0.55,0.742,1]},{"time":1.9333,"angle":0,"curve":[0.25,0,0.75,1]},{"time":2.3667,"angle":-11.08,"curve":[0.245,0,0.637,0.56]},{"time":2.6333,"angle":-4.07}]},"500405/26":{"rotate":[{"time":0,"angle":-1.44,"curve":[0.375,0.62,0.716,1]},{"time":0.0667,"angle":0},{"time":0.5333,"angle":-11.08,"curve":[0.243,0,0.68,0.71]},{"time":0.8667,"angle":-1.44,"curve":[0.375,0.62,0.716,1]},{"time":0.9667,"angle":0},{"time":1.4,"angle":-11.08,"curve":[0.243,0,0.68,0.71]},{"time":1.7333,"angle":-1.44,"curve":[0.375,0.62,0.716,1]},{"time":1.8333,"angle":0},{"time":2.2667,"angle":-11.08,"curve":[0.243,0,0.68,0.71]},{"time":2.6333,"angle":-1.44}]},"bone35":{"scale":[{"time":0,"x":1,"y":1,"curve":[0.25,0,0.75,1]},{"time":0.4333,"x":0.357,"y":1,"curve":[0.25,0,0.75,1]},{"time":0.8667,"x":1,"y":1,"curve":[0.25,0,0.75,1]},{"time":1.3333,"x":0.357,"y":1,"curve":[0.25,0,0.75,1]},{"time":1.7333,"x":1,"y":1,"curve":[0.25,0,0.75,1]},{"time":2.2,"x":0.357,"y":1,"curve":[0.25,0,0.75,1]},{"time":2.6333,"x":1,"y":1}]},"bone42":{"rotate":[{"time":0,"angle":-9.32,"curve":[0.363,0.44,0.755,1]},{"time":0.2667,"angle":0},{"time":0.7,"angle":-14.74,"curve":[0.258,0,0.619,0.45]},{"time":0.8667,"angle":-9.32,"curve":[0.363,0.44,0.755,1]},{"time":1.1333,"angle":0},{"time":1.5667,"angle":-14.74,"curve":[0.258,0,0.619,0.45]},{"time":1.7333,"angle":-9.32,"curve":[0.363,0.44,0.755,1]},{"time":2,"angle":0},{"time":2.4667,"angle":-14.74,"curve":[0.258,0,0.619,0.45]},{"time":2.6333,"angle":-9.32}]},"bone41":{"rotate":[{"time":0,"angle":-5.1,"curve":[0.381,0.55,0.742,1]},{"time":0.2,"angle":0,"curve":[0.25,0,0.75,1]},{"time":0.6,"angle":-13.86,"curve":[0.245,0,0.637,0.56]},{"time":0.8667,"angle":-5.1,"curve":[0.381,0.55,0.742,1]},{"time":1.0667,"angle":0,"curve":[0.25,0,0.75,1]},{"time":1.4667,"angle":-13.86,"curve":[0.245,0,0.637,0.56]},{"time":1.7333,"angle":-5.1,"curve":[0.381,0.55,0.742,1]},{"time":1.9333,"angle":0,"curve":[0.25,0,0.75,1]},{"time":2.3667,"angle":-13.86,"curve":[0.245,0,0.637,0.56]},{"time":2.6333,"angle":-5.1}]},"500405/27":{"rotate":[{"time":0,"angle":0.84,"curve":[0.375,0.62,0.716,1]},{"time":0.0667,"angle":0},{"time":0.5333,"angle":6.46,"curve":[0.243,0,0.68,0.71]},{"time":0.8667,"angle":0.84,"curve":[0.375,0.62,0.716,1]},{"time":0.9667,"angle":0},{"time":1.4,"angle":6.46,"curve":[0.243,0,0.68,0.71]},{"time":1.7333,"angle":0.84,"curve":[0.375,0.62,0.716,1]},{"time":1.8333,"angle":0},{"time":2.2667,"angle":6.46,"curve":[0.243,0,0.68,0.71]},{"time":2.6333,"angle":0.84}]},"bone44":{"rotate":[{"time":0,"angle":-4.97,"curve":[0.363,0.44,0.755,1]},{"time":0.2667,"angle":9.58,"curve":[0.25,0,0.75,1]},{"time":0.7,"angle":-13.43,"curve":[0.258,0,0.619,0.45]},{"time":0.8667,"angle":-4.97,"curve":[0.363,0.44,0.755,1]},{"time":1.1333,"angle":9.58,"curve":[0.25,0,0.75,1]},{"time":1.5667,"angle":-13.43,"curve":[0.258,0,0.619,0.45]},{"time":1.7333,"angle":-4.97,"curve":[0.363,0.44,0.755,1]},{"time":2,"angle":9.58,"curve":[0.25,0,0.75,1]},{"time":2.4667,"angle":-13.43,"curve":[0.258,0,0.619,0.45]},{"time":2.6333,"angle":-4.97}]},"bone43":{"rotate":[{"time":0,"angle":-3.94,"curve":[0.381,0.55,0.742,1]},{"time":0.2,"angle":0.1},{"time":0.6,"angle":-10.89,"curve":[0.245,0,0.637,0.56]},{"time":0.8667,"angle":-3.94,"curve":[0.381,0.55,0.742,1]},{"time":1.0667,"angle":0.1},{"time":1.4667,"angle":-10.89,"curve":[0.245,0,0.637,0.56]},{"time":1.7333,"angle":-3.94,"curve":[0.381,0.55,0.742,1]},{"time":1.9333,"angle":0.1},{"time":2.3667,"angle":-10.89,"curve":[0.245,0,0.637,0.56]},{"time":2.6333,"angle":-3.94}]},"500405/28":{"rotate":[{"time":0,"angle":-7.86,"curve":[0.375,0.62,0.716,1]},{"time":0.0667,"angle":-11.19},{"time":0.5333,"angle":14.42,"curve":[0.243,0,0.68,0.71]},{"time":0.8667,"angle":-7.86,"curve":[0.375,0.62,0.716,1]},{"time":0.9667,"angle":-11.19},{"time":1.4,"angle":14.42,"curve":[0.243,0,0.68,0.71]},{"time":1.7333,"angle":-7.86,"curve":[0.375,0.62,0.716,1]},{"time":1.8333,"angle":-11.19},{"time":2.2667,"angle":14.42,"curve":[0.243,0,0.68,0.71]},{"time":2.6333,"angle":-7.86}]},"bone40":{"scale":[{"time":0,"x":1,"y":1,"curve":[0.25,0,0.75,1]},{"time":0.4333,"x":0.383,"y":1,"curve":[0.25,0,0.75,1]},{"time":0.8667,"x":1,"y":1,"curve":[0.25,0,0.75,1]},{"time":1.3333,"x":0.383,"y":1,"curve":[0.25,0,0.75,1]},{"time":1.7333,"x":1,"y":1,"curve":[0.25,0,0.75,1]},{"time":2.2,"x":0.383,"y":1,"curve":[0.25,0,0.75,1]},{"time":2.6333,"x":1,"y":1}]},"bone34":{"rotate":[{"time":0,"angle":-22.66},{"time":2.6333,"angle":-12.68}],"translate":[{"time":0,"x":-100.3,"y":-215.65},{"time":2.6333,"x":-34.72,"y":-92.28}]},"500410/2":{"translate":[{"time":0,"x":-180.72,"y":-215.28,"curve":[0.206,0.44,0.75,1]},{"time":3.3333,"x":-166.17,"y":-135.03},{"time":3.3667,"x":-180.72,"y":-215.28}],"scale":[{"time":0,"x":1,"y":1,"curve":[0.206,0.44,0.75,1]},{"time":3.3333,"x":0.476,"y":0.476},{"time":3.3667,"x":1,"y":1}]},"500410/3":{"translate":[{"time":0,"x":-132.04,"y":-169.52,"curve":[0.359,0.56,0.762,1]},{"time":1.9667,"x":-97.92,"y":-137.45},{"time":2,"x":-180.72,"y":-215.28,"curve":[0.222,0.33,0.594,0.69]},{"time":3.3667,"x":-132.04,"y":-169.52}],"scale":[{"time":0,"x":0.692,"y":0.692,"curve":[0.359,0.56,0.762,1]},{"time":1.9667,"x":0.476,"y":0.476},{"time":2,"x":1,"y":1,"curve":[0.222,0.33,0.594,0.69]},{"time":3.3667,"x":0.692,"y":0.692}]},"500410/4":{"translate":[{"time":0,"x":-176.57,"y":-187.25,"curve":[0.277,0.49,0.76,1]},{"time":2.8667,"x":-163.76,"y":-100.6},{"time":2.9,"x":-180.72,"y":-215.28},{"time":3.3667,"x":-176.57,"y":-187.25}],"scale":[{"time":0,"x":0.872,"y":0.872,"curve":[0.277,0.49,0.76,1]},{"time":2.8667,"x":0.476,"y":0.476},{"time":2.9,"x":1,"y":1,"curve":[0.25,0,0.75,1]},{"time":3.3667,"x":0.872,"y":0.872}]},"500410/5":{"translate":[{"time":0,"x":-195.96,"y":-114.65,"curve":[0.385,0.62,0.736,1]},{"time":0.9333,"x":-198.18,"y":-100},{"time":0.9667,"x":-180.72,"y":-215.28},{"time":3.3667,"x":-195.96,"y":-114.65}],"scale":[{"time":0,"x":0.543,"y":0.543,"curve":[0.385,0.62,0.736,1]},{"time":0.9333,"x":0.476,"y":0.476},{"time":0.9667,"x":1,"y":1,"curve":[0.25,0,0.75,1]},{"time":3.3667,"x":0.543,"y":0.543}]},"500410/6":{"translate":[{"time":0,"x":-115.55,"y":-124.84,"curve":[0.385,0.61,0.748,1]},{"time":1.2667,"x":-98.52,"y":-101.21},{"time":1.3,"x":-180.72,"y":-215.28,"curve":[0.206,0.35,0.619,0.75]},{"time":3.3667,"x":-115.55,"y":-124.84}],"scale":[{"time":0,"x":0.585,"y":0.585,"curve":[0.385,0.61,0.748,1]},{"time":1.2667,"x":0.476,"y":0.476},{"time":1.3,"x":1,"y":1,"curve":[0.25,0,0.75,1]},{"time":3.3667,"x":0.585,"y":0.585}]},"500410/7":{"translate":[{"time":0,"x":-164.4,"y":-199.94,"curve":[0.264,0.48,0.758,1]},{"time":2.9667,"x":-97.92,"y":-137.45},{"time":3,"x":-180.72,"y":-215.28,"curve":[0.286,0.33,0.622,0.66]},{"time":3.3667,"x":-164.4,"y":-199.94}],"scale":[{"time":0,"x":0.897,"y":0.897,"curve":[0.264,0.48,0.758,1]},{"time":2.9667,"x":0.476,"y":0.476},{"time":3,"x":1,"y":1,"curve":[0.286,0.33,0.622,0.66]},{"time":3.3667,"x":0.897,"y":0.897}]},"500410/8":{"translate":[{"time":0,"x":-180.72,"y":-215.28,"curve":[0.206,0.44,0.75,1]},{"time":3.3333,"x":-97.92,"y":-137.45},{"time":3.3667,"x":-180.72,"y":-215.28}],"scale":[{"time":0,"x":1,"y":1,"curve":[0.206,0.44,0.75,1]},{"time":3.3333,"x":0.476,"y":0.476},{"time":3.3667,"x":1,"y":1}]},"500410/9":{"translate":[{"time":0,"x":-179.42,"y":-181.97,"curve":[0.293,0.5,0.761,1]},{"time":2.7333,"x":-176.44,"y":-105.44},{"time":2.7667,"x":-180.72,"y":-215.28,"curve":[0.264,0.32,0.606,0.66]},{"time":3.3667,"x":-179.42,"y":-181.97}],"scale":[{"time":0,"x":0.841,"y":0.841,"curve":[0.293,0.5,0.761,1]},{"time":2.7333,"x":0.476,"y":0.476},{"time":2.7667,"x":1,"y":1},{"time":3.3667,"x":0.841,"y":0.841}]},"500410/10":{"translate":[{"time":0,"x":-182.14,"y":-162.17,"curve":[0.361,0.57,0.762,1]},{"time":1.9333,"x":-183.08,"y":-126.58},{"time":1.9667,"x":-180.72,"y":-215.28,"curve":[0.25,0,0.75,1]},{"time":3.3667,"x":-182.14,"y":-162.17}],"scale":[{"time":0,"x":0.686,"y":0.686,"curve":[0.361,0.57,0.762,1]},{"time":1.9333,"x":0.476,"y":0.476},{"time":1.9667,"x":1,"y":1,"curve":[0.221,0.33,0.594,0.69]},{"time":3.3667,"x":0.686,"y":0.686}]},"500410/11":{"translate":[{"time":0,"x":-218.97,"y":-89.35,"curve":[0.381,0.64,0.724,1]},{"time":0.7,"x":-222.34,"y":-78.26},{"time":0.7333,"x":-180.72,"y":-215.28,"curve":[0.201,0.38,0.663,0.83]},{"time":3.3667,"x":-218.97,"y":-89.35}],"scale":[{"time":0,"x":0.518,"y":0.518,"curve":[0.381,0.64,0.724,1]},{"time":0.7,"x":0.476,"y":0.476},{"time":0.7333,"x":1,"y":1,"curve":[0.25,0,0.75,1]},{"time":3.3667,"x":0.518,"y":0.518}]},"500410/12":{"translate":[{"time":0,"x":-191.73,"y":-171,"curve":[0.308,0.52,0.763,1]},{"time":2.6,"x":-211.47,"y":-91.54},{"time":2.6333,"x":-180.72,"y":-215.28},{"time":3.3667,"x":-191.73,"y":-171}],"scale":[{"time":0,"x":0.812,"y":0.812,"curve":[0.308,0.52,0.763,1]},{"time":2.6,"x":0.476,"y":0.476},{"time":2.6333,"x":1,"y":1,"curve":[0.25,0,0.75,1]},{"time":3.3667,"x":0.812,"y":0.812}]},"500410/13":{"translate":[{"time":0,"x":-155.54,"y":-129.22,"curve":[0.351,0.66,0.685,1]},{"time":0.1667,"x":-155.3,"y":-128.39},{"time":0.2,"x":-180.72,"y":-215.28,"curve":[0.204,0.42,0.725,0.95]},{"time":3.3667,"x":-155.54,"y":-129.22}],"scale":[{"time":0,"x":0.481,"y":0.481,"curve":[0.351,0.66,0.685,1]},{"time":0.1667,"x":0.476,"y":0.476},{"time":0.2,"x":1,"y":1,"curve":[0.25,0,0.75,1]},{"time":3.3667,"x":0.481,"y":0.481}]},"500410/14":{"translate":[{"time":0,"x":-198.02,"y":-101.11,"curve":[0.351,0.66,0.685,1]},{"time":0.1667,"x":-198.18,"y":-100},{"time":0.2,"x":-180.72,"y":-215.28,"curve":[0.25,0,0.75,1]},{"time":3.3667,"x":-198.02,"y":-101.11}],"scale":[{"time":0,"x":0.481,"y":0.481,"curve":[0.351,0.66,0.685,1]},{"time":0.1667,"x":0.476,"y":0.476},{"time":0.2,"x":1,"y":1},{"time":3.3667,"x":0.481,"y":0.481}]},"500410/15":{"translate":[{"time":0,"x":-192.47,"y":-137.71,"curve":[0.372,0.58,0.758,1]},{"time":1.7,"x":-198.18,"y":-100},{"time":1.7333,"x":-180.72,"y":-215.28,"curve":[0.25,0,0.75,1]},{"time":3.3667,"x":-192.47,"y":-137.71}],"scale":[{"time":0,"x":0.647,"y":0.647,"curve":[0.372,0.58,0.758,1]},{"time":1.7,"x":0.476,"y":0.476},{"time":1.7333,"x":1,"y":1,"curve":[0.214,0.33,0.6,0.71]},{"time":3.3667,"x":0.647,"y":0.647}]},"500410/16":{"translate":[{"time":0,"x":-197.95,"y":-101.55,"curve":[0.356,0.66,0.691,1]},{"time":0.2333,"x":-198.18,"y":-100},{"time":0.2667,"x":-180.72,"y":-215.28,"curve":[0.25,0,0.75,1]},{"time":3.3667,"x":-197.95,"y":-101.55}],"scale":[{"time":0,"x":0.483,"y":0.483,"curve":[0.356,0.66,0.691,1]},{"time":0.2333,"x":0.476,"y":0.476},{"time":0.2667,"x":1,"y":1},{"time":3.3667,"x":0.483,"y":0.483}]},"500410/17":{"translate":[{"time":0,"x":-195.56,"y":-117.33,"curve":[0.386,0.62,0.74,1]},{"time":1.0333,"x":-198.18,"y":-100},{"time":1.0667,"x":-180.72,"y":-215.28,"curve":[0.203,0.36,0.635,0.78]},{"time":3.3667,"x":-195.56,"y":-117.33}],"scale":[{"time":0,"x":0.555,"y":0.555,"curve":[0.386,0.62,0.74,1]},{"time":1.0333,"x":0.476,"y":0.476},{"time":1.0667,"x":1,"y":1,"curve":[0.203,0.36,0.635,0.78]},{"time":3.3667,"x":0.555,"y":0.555}]},"500410/18":{"translate":[{"time":0,"x":-180.72,"y":-215.28,"curve":[0.206,0.44,0.75,1]},{"time":3.3333,"x":-198.18,"y":-100},{"time":3.3667,"x":-180.72,"y":-215.28}],"scale":[{"time":0,"x":1,"y":1,"curve":[0.206,0.44,0.75,1]},{"time":3.3333,"x":0.476,"y":0.476},{"time":3.3667,"x":1,"y":1}]},"500410/19":{"translate":[{"time":0,"x":-181.72,"y":-208.69,"curve":[0.224,0.46,0.753,1]},{"time":3.2333,"x":-198.18,"y":-100},{"time":3.2667,"x":-180.72,"y":-215.28,"curve":[0.25,0,0.75,1]},{"time":3.3667,"x":-181.72,"y":-208.69}],"scale":[{"time":0,"x":0.97,"y":0.97,"curve":[0.224,0.46,0.753,1]},{"time":3.2333,"x":0.476,"y":0.476},{"time":3.2667,"x":1,"y":1,"curve":[0.318,0.33,0.652,0.66]},{"time":3.3667,"x":0.97,"y":0.97}]}}}}}