{"skeleton":{"hash":"u4UpDrJ7mUvbMqjdtVnm5LsvbVo","spine":"3.4.02","width":255.23,"height":241.19,"images":"./images/"},"bones":[{"name":"root"},{"name":"zong","parent":"root"},{"name":"shandian1_00027","parent":"zong","length":53.54,"rotation":46.9,"x":-50.14,"y":32.84,"scaleX":1.5,"scaleY":1.5},{"name":"shandian1_27","parent":"zong","length":53.54,"rotation":46.9,"x":-50.14,"y":32.84,"scaleX":1.5,"scaleY":1.5},{"name":"shandian1_28","parent":"zong","length":53.54,"rotation":46.9,"x":-50.14,"y":32.84,"scaleX":1.5,"scaleY":1.5},{"name":"shandian1_29","parent":"zong","length":53.54,"rotation":46.9,"x":-50.14,"y":32.84,"scaleX":1.5,"scaleY":1.5},{"name":"shandian1_30","parent":"zong","length":53.54,"rotation":46.9,"x":-50.14,"y":32.84,"scaleX":1.5,"scaleY":1.5}],"slots":[{"name":"avator_icon_500314","bone":"root"},{"name":"avator_frame_500315","bone":"root"},{"name":"shandian1_00027","bone":"shandian1_00027","attachment":"shandian1_00027","blend":"additive"},{"name":"shandian1_27","bone":"shandian1_27","attachment":"shandian1_00027","blend":"additive"},{"name":"shandian1_28","bone":"shandian1_28","attachment":"shandian1_00027","blend":"additive"},{"name":"shandian1_29","bone":"shandian1_29","attachment":"shandian1_00027","blend":"additive"},{"name":"shandian1_30","bone":"shandian1_30","attachment":"shandian1_00027","blend":"additive"}],"skins":{"default":{"shandian1_00027":{"shandian1_00027":{"rotation":0.68,"width":130,"height":62},"shandian1_00028":{"rotation":0.68,"width":130,"height":62},"shandian1_00029":{"rotation":0.68,"width":130,"height":62},"shandian1_00030":{"rotation":0.68,"width":130,"height":62},"shandian1_00031":{"rotation":0.68,"width":130,"height":62},"shandian1_00032":{"rotation":0.68,"width":130,"height":62},"shandian1_00033":{"rotation":0.68,"width":130,"height":62},"shandian1_00034":{"rotation":0.68,"width":130,"height":62}},"shandian1_27":{"shandian1_00027":{"rotation":0.68,"width":130,"height":62},"shandian1_00028":{"rotation":0.68,"width":130,"height":62},"shandian1_00029":{"rotation":0.68,"width":130,"height":62},"shandian1_00030":{"rotation":0.68,"width":130,"height":62},"shandian1_00031":{"rotation":0.68,"width":130,"height":62},"shandian1_00032":{"rotation":0.68,"width":130,"height":62},"shandian1_00033":{"rotation":0.68,"width":130,"height":62},"shandian1_00034":{"rotation":0.68,"width":130,"height":62}},"shandian1_28":{"shandian1_00027":{"rotation":0.68,"width":130,"height":62},"shandian1_00028":{"rotation":0.68,"width":130,"height":62},"shandian1_00029":{"rotation":0.68,"width":130,"height":62},"shandian1_00030":{"rotation":0.68,"width":130,"height":62},"shandian1_00031":{"rotation":0.68,"width":130,"height":62},"shandian1_00032":{"rotation":0.68,"width":130,"height":62},"shandian1_00033":{"rotation":0.68,"width":130,"height":62},"shandian1_00034":{"rotation":0.68,"width":130,"height":62}},"shandian1_29":{"shandian1_00027":{"rotation":0.68,"width":130,"height":62},"shandian1_00028":{"rotation":0.68,"width":130,"height":62},"shandian1_00029":{"rotation":0.68,"width":130,"height":62},"shandian1_00030":{"rotation":0.68,"width":130,"height":62},"shandian1_00031":{"rotation":0.68,"width":130,"height":62},"shandian1_00032":{"rotation":0.68,"width":130,"height":62},"shandian1_00033":{"rotation":0.68,"width":130,"height":62},"shandian1_00034":{"rotation":0.68,"width":130,"height":62}},"shandian1_30":{"shandian1_00027":{"rotation":0.68,"width":130,"height":62},"shandian1_00028":{"rotation":0.68,"width":130,"height":62},"shandian1_00029":{"rotation":0.68,"width":130,"height":62},"shandian1_00030":{"rotation":0.68,"width":130,"height":62},"shandian1_00031":{"rotation":0.68,"width":130,"height":62},"shandian1_00032":{"rotation":0.68,"width":130,"height":62},"shandian1_00033":{"rotation":0.68,"width":130,"height":62},"shandian1_00034":{"rotation":0.68,"width":130,"height":62}}}},"animations":{"500315_1":{"slots":{"shandian1_00027":{"attachment":[{"time":0,"name":"shandian1_00027"},{"time":0.0666,"name":"shandian1_00028"},{"time":0.1333,"name":"shandian1_00029"},{"time":0.2,"name":"shandian1_00030"},{"time":0.2666,"name":"shandian1_00031"},{"time":0.3333,"name":"shandian1_00032"},{"time":0.4,"name":"shandian1_00033"},{"time":0.4666,"name":"shandian1_00034"},{"time":0.5333,"name":null}]},"shandian1_27":{"attachment":[{"time":0,"name":null},{"time":0.2,"name":"shandian1_00027"},{"time":0.2666,"name":"shandian1_00028"},{"time":0.3333,"name":"shandian1_00029"},{"time":0.4,"name":"shandian1_00030"},{"time":0.4666,"name":"shandian1_00031"},{"time":0.5333,"name":"shandian1_00032"},{"time":0.6,"name":"shandian1_00033"},{"time":0.6666,"name":"shandian1_00034"},{"time":0.7333,"name":null}]},"shandian1_28":{"attachment":[{"time":0,"name":null},{"time":0.7666,"name":"shandian1_00027"},{"time":0.8333,"name":"shandian1_00028"},{"time":0.9,"name":"shandian1_00029"},{"time":0.9666,"name":"shandian1_00030"},{"time":1.0333,"name":"shandian1_00031"},{"time":1.1,"name":"shandian1_00032"},{"time":1.1666,"name":"shandian1_00033"},{"time":1.2333,"name":"shandian1_00034"},{"time":1.3,"name":null}]},"shandian1_29":{"attachment":[{"time":0,"name":null},{"time":1.0333,"name":"shandian1_00027"},{"time":1.1,"name":"shandian1_00028"},{"time":1.1666,"name":"shandian1_00029"},{"time":1.2333,"name":"shandian1_00030"},{"time":1.3,"name":"shandian1_00031"},{"time":1.3666,"name":"shandian1_00032"},{"time":1.4333,"name":"shandian1_00033"},{"time":1.5,"name":"shandian1_00034"},{"time":1.5666,"name":null}]},"shandian1_30":{"attachment":[{"time":0,"name":null},{"time":1.2333,"name":"shandian1_00027"},{"time":1.2666,"name":"shandian1_00028"},{"time":1.3333,"name":"shandian1_00029"},{"time":1.4,"name":"shandian1_00030"},{"time":1.4333,"name":"shandian1_00031"},{"time":1.5,"name":"shandian1_00032"},{"time":1.5666,"name":"shandian1_00033"},{"time":1.6,"name":"shandian1_00034"},{"time":1.6666,"name":null},{"time":2,"name":null}]}},"bones":{"shandian1_30":{"rotate":[{"time":1.2333,"angle":-90.07}],"translate":[{"time":1.2333,"x":45.68,"y":-19.82}],"scale":[{"time":1.2333,"x":1,"y":1}]},"shandian1_00027":{"rotate":[{"time":0,"angle":0}],"translate":[{"time":0,"x":0,"y":0}],"scale":[{"time":0,"x":1,"y":1}]},"shandian1_27":{"rotate":[{"time":0.2,"angle":46.57}],"translate":[{"time":0.2,"x":124.98,"y":-49.13}]},"shandian1_28":{"rotate":[{"time":0.7666,"angle":-43.65}],"translate":[{"time":0.7666,"x":30.16,"y":-112.92}]},"shandian1_29":{"rotate":[{"time":1.0333,"angle":122.84}],"translate":[{"time":1.0333,"x":73.26,"y":47.41}],"scale":[{"time":1.0333,"x":1,"y":1}]}}}}}