{"skeleton":{"hash":"CvUX3hwie0pG5UjtSgLRo9nfBdQ","spine":"3.4.02","width":210.2,"height":210,"images":""},"bones":[{"name":"root"},{"name":"zong","parent":"root"},{"name":"hose_line","parent":"zong","length":29.75,"rotation":-90,"x":83.21,"y":70.58},{"name":"hose_box_1","parent":"hose_line","rotation":90,"x":91.87,"y":-2.91},{"name":"hose_box_2","parent":"hose_line","rotation":90,"x":68.66,"y":-1.64},{"name":"hose_box_3","parent":"hose_line","rotation":90,"x":55.36,"y":-0.8},{"name":"hose_front","parent":"hose_line","length":24.68,"rotation":179.99,"x":127.44,"y":0.63},{"name":"hose_snow_1","parent":"zong","x":-68.19,"y":71.06},{"name":"hose_snow_2","parent":"zong","x":41.2,"y":71.67},{"name":"hose_snow_3","parent":"zong","x":19.49,"y":75.59},{"name":"hose_snow_4","parent":"zong","x":-5.73,"y":76.93},{"name":"hose_snow_5","parent":"zong","x":-35.13,"y":71.67},{"name":"hose_snow_6","parent":"zong","x":59.53,"y":77.73},{"name":"hose_snow_7","parent":"zong","x":-48.3,"y":79.87},{"name":"hose_snow_8","parent":"zong","x":74.3,"y":74.87}],"slots":[{"name":"avator_frame_500324","bone":"root"},{"name":"hose_line","bone":"hose_line","attachment":"hose_line"},{"name":"hose_snow_1","bone":"hose_snow_1","attachment":"hose_snow_1"},{"name":"hose_snow_4","bone":"hose_snow_4","attachment":"hose_snow_1"},{"name":"hose_snow_2","bone":"hose_snow_2","attachment":"hose_snow_2"},{"name":"hose_snow_8","bone":"hose_snow_8","attachment":"hose_snow_2"},{"name":"hose_snow_5","bone":"hose_snow_5","attachment":"hose_snow_2"},{"name":"hose_snow_3","bone":"hose_snow_3","attachment":"hose_snow_3"},{"name":"hose_snow_7","bone":"hose_snow_7","attachment":"hose_snow_3"},{"name":"hose_snow_6","bone":"hose_snow_6","attachment":"hose_snow_3"},{"name":"hose_box_1","bone":"hose_box_1","attachment":"hose_box_1"},{"name":"hose_box_2","bone":"hose_box_2","attachment":"hose_box_2"},{"name":"hose_box_3","bone":"hose_box_3","attachment":"hose_box_3"},{"name":"hose_front","bone":"hose_front","attachment":"hose_front"}],"skins":{"default":{"hose_box_1":{"hose_box_1":{"x":-0.18,"y":0.97,"width":42,"height":36}},"hose_box_2":{"hose_box_2":{"x":-0.33,"y":2.25,"width":28,"height":23}},"hose_box_3":{"hose_box_3":{"x":1.65,"y":-0.33,"width":20,"height":15}},"hose_front":{"hose_front":{"x":2.55,"y":4.64,"rotation":-89.99,"width":52,"height":71}},"hose_line":{"hose_line":{"x":52.39,"y":-3.61,"rotation":90,"width":34,"height":122}},"hose_snow_1":{"hose_snow_1":{"x":0.51,"y":0.52,"width":36,"height":35}},"hose_snow_2":{"hose_snow_2":{"x":0.66,"y":0.14,"width":26,"height":24}},"hose_snow_3":{"hose_snow_3":{"x":0.64,"y":0.04,"width":16,"height":16}},"hose_snow_4":{"hose_snow_1":{"x":0.51,"y":0.52,"width":36,"height":35}},"hose_snow_5":{"hose_snow_2":{"x":0.66,"y":0.14,"width":26,"height":24}},"hose_snow_6":{"hose_snow_3":{"x":0.64,"y":0.04,"width":16,"height":16}},"hose_snow_7":{"hose_snow_3":{"x":0.64,"y":0.04,"width":16,"height":16}},"hose_snow_8":{"hose_snow_2":{"x":0.66,"y":0.14,"width":26,"height":24}}}},"animations":{"500324_1":{"slots":{"hose_box_1":{"color":[{"time":0,"color":"ffffff00","curve":"stepped"},{"time":0.1666,"color":"ffffff00"},{"time":0.3,"color":"ffffffff","curve":"stepped"},{"time":2,"color":"ffffffff"},{"time":2.6666,"color":"ffffff00"}]},"hose_box_2":{"color":[{"time":0,"color":"ffffff00","curve":"stepped"},{"time":0.5,"color":"ffffff00"},{"time":0.6333,"color":"ffffffff","curve":"stepped"},{"time":2,"color":"ffffffff"},{"time":2.6666,"color":"ffffff00"}]},"hose_box_3":{"color":[{"time":0,"color":"ffffff00","curve":"stepped"},{"time":0.8333,"color":"ffffff00"},{"time":0.9666,"color":"ffffffff","curve":"stepped"},{"time":2,"color":"ffffffff"},{"time":2.6666,"color":"ffffff00"}]},"hose_snow_1":{"color":[{"time":0,"color":"ffffff00","curve":"stepped"},{"time":0.3333,"color":"ffffff00"},{"time":0.6666,"color":"ffffffff","curve":"stepped"},{"time":2,"color":"ffffffff"},{"time":2.6666,"color":"ffffff00","curve":"stepped"},{"time":3.3333,"color":"ffffff00"}]},"hose_snow_2":{"color":[{"time":0,"color":"ffffffff","curve":"stepped"},{"time":0.7333,"color":"ffffffff"},{"time":1.4,"color":"ffffff00","curve":"stepped"},{"time":2.4,"color":"ffffff00"},{"time":2.7333,"color":"ffffffff","curve":"stepped"},{"time":3.3333,"color":"ffffffff"}]},"hose_snow_3":{"color":[{"time":0,"color":"ffffffff","curve":"stepped"},{"time":0.3,"color":"ffffffff"},{"time":0.9666,"color":"ffffff00","curve":"stepped"},{"time":1.9666,"color":"ffffff00"},{"time":2.3,"color":"ffffffff","curve":"stepped"},{"time":3.3333,"color":"ffffffff"}]},"hose_snow_4":{"color":[{"time":0,"color":"ffffffcc"},{"time":0.5333,"color":"ffffff00","curve":"stepped"},{"time":1.5333,"color":"ffffff00"},{"time":1.8666,"color":"ffffffff","curve":"stepped"},{"time":3.2,"color":"ffffffff"},{"time":3.3333,"color":"ffffffcc"}]},"hose_snow_5":{"color":[{"time":0,"color":"ffffff00","curve":"stepped"},{"time":0.7666,"color":"ffffff00"},{"time":1.1,"color":"ffffffff","curve":"stepped"},{"time":2.4333,"color":"ffffffff"},{"time":3.1,"color":"ffffff00","curve":"stepped"},{"time":3.3333,"color":"ffffff00"}]},"hose_snow_6":{"color":[{"time":0,"color":"ffffffff","curve":"stepped"},{"time":1.1666,"color":"ffffffff"},{"time":1.8333,"color":"ffffff00","curve":"stepped"},{"time":2.8333,"color":"ffffff00"},{"time":3.1666,"color":"ffffffff","curve":"stepped"},{"time":3.3333,"color":"ffffffff"}]},"hose_snow_7":{"color":[{"time":0,"color":"ffffff3f"},{"time":0.1666,"color":"ffffff00","curve":"stepped"},{"time":1.1666,"color":"ffffff00"},{"time":1.5,"color":"ffffffff","curve":"stepped"},{"time":2.8333,"color":"ffffffff"},{"time":3.3333,"color":"ffffff3f"}]},"hose_snow_8":{"color":[{"time":0,"color":"ffffff00"},{"time":0.3333,"color":"ffffffff","curve":"stepped"},{"time":1.6666,"color":"ffffffff"},{"time":2.3333,"color":"ffffff00","curve":"stepped"},{"time":3.3333,"color":"ffffff00"}]}},"bones":{"hose_box_1":{"translate":[{"time":0,"x":-87.55,"y":0,"curve":"stepped"},{"time":0.1666,"x":-87.55,"y":0,"curve":[0.273,0,0.845,0.7]},{"time":0.4,"x":3.73,"y":0,"curve":[0.25,0,0.75,1]},{"time":0.5,"x":-6.94,"y":0,"curve":[0.25,0,0.75,1]},{"time":0.5666,"x":0,"y":0,"curve":"stepped"},{"time":0.7,"x":0,"y":0},{"time":0.7333,"x":2.66,"y":0},{"time":0.8333,"x":-2.13,"y":0,"curve":[0.25,0,0.75,1]},{"time":0.9,"x":0,"y":0,"curve":"stepped"},{"time":1.0333,"x":0,"y":0},{"time":1.0666,"x":1.6,"y":0},{"time":1.1666,"x":-2.13,"y":0,"curve":[0.25,0,0.75,1]},{"time":1.2333,"x":0,"y":0,"curve":"stepped"},{"time":3.3333,"x":0,"y":0}]},"hose_box_2":{"translate":[{"time":0,"x":-87.55,"y":0,"curve":"stepped"},{"time":0.5,"x":-87.55,"y":0,"curve":[0.273,0,0.845,0.7]},{"time":0.7333,"x":3.73,"y":0,"curve":[0.25,0,0.75,1]},{"time":0.8333,"x":-6.94,"y":0,"curve":[0.25,0,0.75,1]},{"time":0.9,"x":0,"y":0,"curve":"stepped"},{"time":1.0333,"x":0,"y":0},{"time":1.0666,"x":1.6,"y":0},{"time":1.1666,"x":-2.13,"y":0,"curve":[0.25,0,0.75,1]},{"time":1.2333,"x":0,"y":0,"curve":"stepped"},{"time":3.3333,"x":0,"y":0}]},"hose_box_3":{"translate":[{"time":0,"x":-87.55,"y":0,"curve":"stepped"},{"time":0.8333,"x":-87.55,"y":0,"curve":[0.273,0,0.845,0.7]},{"time":1.0666,"x":3.73,"y":0,"curve":[0.25,0,0.75,1]},{"time":1.1666,"x":-6.94,"y":0,"curve":[0.25,0,0.75,1]},{"time":1.2333,"x":0,"y":0,"curve":"stepped"},{"time":3.3333,"x":0,"y":0}]},"hose_front":{"translate":[{"time":0.3666,"x":0,"y":0},{"time":0.4333,"x":2.66,"y":0,"curve":[0.25,0,0.75,1]},{"time":0.5,"x":-2.66,"y":0,"curve":[0.25,0,0.75,1]},{"time":0.5666,"x":0,"y":0,"curve":"stepped"},{"time":0.7,"x":0,"y":0},{"time":0.7666,"x":2.66,"y":0,"curve":[0.25,0,0.75,1]},{"time":0.8333,"x":-2.66,"y":0,"curve":[0.25,0,0.75,1]},{"time":0.9,"x":0,"y":0,"curve":"stepped"},{"time":1.0333,"x":0,"y":0},{"time":1.1,"x":2.66,"y":0,"curve":[0.25,0,0.75,1]},{"time":1.1666,"x":-2.66,"y":0,"curve":[0.25,0,0.75,1]},{"time":1.2333,"x":0,"y":0}],"scale":[{"time":0.4333,"x":1,"y":1,"curve":[0.25,0,0.75,1]},{"time":0.5,"x":1,"y":1.05,"curve":[0.25,0,0.75,1]},{"time":0.5666,"x":1,"y":1,"curve":"stepped"},{"time":0.7666,"x":1,"y":1,"curve":[0.25,0,0.75,1]},{"time":0.8333,"x":1,"y":1.05,"curve":[0.25,0,0.75,1]},{"time":0.9,"x":1,"y":1,"curve":"stepped"},{"time":1.1,"x":1,"y":1,"curve":[0.25,0,0.75,1]},{"time":1.1666,"x":1,"y":1.05,"curve":[0.25,0,0.75,1]},{"time":1.2333,"x":1,"y":1}]},"hose_snow_1":{"rotate":[{"time":0,"angle":57.68},{"time":0.3333,"angle":82.98},{"time":2.6666,"angle":7.09},{"time":3.3333,"angle":57.68}],"translate":[{"time":0,"x":11.68,"y":-48.7},{"time":0.3333,"x":0,"y":0},{"time":2.6666,"x":35.04,"y":-146.12},{"time":3.3333,"x":11.68,"y":-48.7}],"scale":[{"time":0,"x":0.333,"y":1},{"time":0.3333,"x":1,"y":1},{"time":2.6666,"x":-1,"y":1},{"time":3.3333,"x":0.333,"y":1}]},"hose_snow_5":{"rotate":[{"time":0,"angle":13.88},{"time":0.7666,"angle":-40.42},{"time":3.1,"angle":30.41},{"time":3.3333,"angle":13.88}],"translate":[{"time":0,"x":-30.51,"y":-115.67},{"time":0.7666,"x":0,"y":0},{"time":3.1,"x":-39.79,"y":-150.87},{"time":3.3333,"x":-30.51,"y":-115.67}],"scale":[{"time":0,"x":1,"y":-0.533},{"time":0.7666,"x":1,"y":1},{"time":3.1,"x":1,"y":-1},{"time":3.3333,"x":1,"y":-0.533}]},"hose_snow_7":{"rotate":[{"time":0,"angle":111.31},{"time":0.1666,"angle":119.87},{"time":1.1666,"angle":0},{"time":3.3333,"angle":111.31}],"translate":[{"time":0,"x":-6.06,"y":-153.88},{"time":0.1666,"x":-6.53,"y":-165.72},{"time":1.1666,"x":0,"y":0},{"time":3.3333,"x":-6.06,"y":-153.88}],"scale":[{"time":0,"x":-0.857,"y":1},{"time":0.1666,"x":-1,"y":1},{"time":1.1666,"x":1,"y":1},{"time":3.3333,"x":-0.857,"y":1}]},"hose_snow_4":{"rotate":[{"time":0,"angle":-36.86},{"time":0.5333,"angle":-60.87},{"time":1.5333,"angle":44.14},{"time":3.3333,"angle":-36.86}],"translate":[{"time":0,"x":8.7,"y":-118.22},{"time":0.5333,"x":11.28,"y":-153.25},{"time":1.5333,"x":0,"y":0},{"time":3.3333,"x":8.7,"y":-118.22}],"scale":[{"time":0,"x":1,"y":-0.542},{"time":0.5333,"x":1,"y":-1},{"time":1.5333,"x":1,"y":1},{"time":3.3333,"x":1,"y":-0.542}]},"hose_snow_3":{"rotate":[{"time":0,"angle":58.13},{"time":0.9666,"angle":74.57},{"time":1.9666,"angle":34.88},{"time":3.3333,"angle":58.13}],"translate":[{"time":0,"x":9.04,"y":-92.89},{"time":0.9666,"x":15.44,"y":-158.59},{"time":1.9666,"x":0,"y":0},{"time":3.3333,"x":9.04,"y":-92.89}],"scale":[{"time":0,"x":1,"y":-0.171},{"time":0.9666,"x":1,"y":-1},{"time":1.9666,"x":1,"y":1},{"time":3.3333,"x":1,"y":-0.171}]},"hose_snow_2":{"rotate":[{"time":0,"angle":-52.24},{"time":1.4,"angle":5.52},{"time":2.4,"angle":-90.74},{"time":3.3333,"angle":-52.24}],"translate":[{"time":0,"x":-18.29,"y":-62.25},{"time":1.4,"x":-45.73,"y":-155.62},{"time":2.4,"x":0,"y":0},{"time":3.3333,"x":-18.29,"y":-62.25}],"scale":[{"time":0,"x":0.2,"y":1},{"time":1.4,"x":-1,"y":1},{"time":2.4,"x":1,"y":1},{"time":3.3333,"x":0.2,"y":1}]},"hose_snow_6":{"rotate":[{"time":0,"angle":16.02},{"time":1.8333,"angle":74.79},{"time":2.8333,"angle":0},{"time":3.3333,"angle":16.02}],"translate":[{"time":0,"x":-15.91,"y":-36.14},{"time":1.8333,"x":-74.24,"y":-168.69},{"time":2.8333,"x":0,"y":0},{"time":3.3333,"x":-15.91,"y":-36.14}],"scale":[{"time":0,"x":0.571,"y":1},{"time":1.8333,"x":-1,"y":1},{"time":2.8333,"x":1,"y":1},{"time":3.3333,"x":0.571,"y":1}]},"hose_snow_8":{"rotate":[{"time":0,"angle":-61.95},{"time":2.3333,"angle":-137.46},{"time":3.3333,"angle":-61.95}],"translate":[{"time":0,"x":0,"y":0},{"time":2.3333,"x":-31.48,"y":-159.19},{"time":3.3333,"x":0,"y":0}],"scale":[{"time":0,"x":1,"y":1},{"time":2.3333,"x":1,"y":-1},{"time":3.3333,"x":1,"y":1}]}}}}}