{"skeleton":{"hash":"kIMNZhtUf8tFhhSR9I+EzocngyE","spine":"3.4.02","width":0,"height":0,"images":"./images/"},"bones":[{"name":"root"},{"name":"guang1","parent":"root","x":-71.97,"y":-79.14,"scaleX":0.86,"scaleY":0.86},{"name":"guang2","parent":"root","x":-43.78,"y":-58.91,"scaleX":0.755,"scaleY":0.755},{"name":"guang3","parent":"root","x":-30.9,"y":-90.17,"scaleX":0.687,"scaleY":0.687},{"name":"guang4","parent":"root","x":-12.51,"y":-72.39,"scaleX":0.605,"scaleY":0.605},{"name":"guang5","parent":"root","x":16.9,"y":-89.56,"scaleX":0.731,"scaleY":0.731},{"name":"guang6","parent":"root","x":35.29,"y":-73.01,"scaleX":0.761,"scaleY":0.761},{"name":"guang7","parent":"root","x":10.77,"y":-60.75,"scaleX":0.766,"scaleY":0.766},{"name":"guang8","parent":"root","x":59.81,"y":-88.33,"scaleX":0.807,"scaleY":0.807},{"name":"guang9","parent":"root","x":81.88,"y":-74.23,"scaleX":0.863,"scaleY":0.863},{"name":"guang10","parent":"root","x":-70.75,"y":-44.2,"scaleX":0.683,"scaleY":0.683}],"slots":[{"name":"avator_frame_500573/avator_frame_500573","bone":"root","attachment":"avator_frame_500573/avator_frame_500573"},{"name":"guang1","bone":"guang1","attachment":"guang1","blend":"additive"},{"name":"guang2","bone":"guang2","attachment":"guang1","blend":"additive"},{"name":"guang3","bone":"guang3","attachment":"guang1","blend":"additive"},{"name":"guang4","bone":"guang4","attachment":"guang1","blend":"additive"},{"name":"guang5","bone":"guang5","attachment":"guang1","blend":"additive"},{"name":"guang6","bone":"guang6","attachment":"guang1","blend":"additive"},{"name":"guang7","bone":"guang7","attachment":"guang1","blend":"additive"},{"name":"guang8","bone":"guang8","attachment":"guang1","blend":"additive"},{"name":"guang9","bone":"guang9","attachment":"guang1","blend":"additive"},{"name":"guang10","bone":"guang10","attachment":"guang1","blend":"additive"}],"skins":{"default":{"avator_frame_500573/avator_frame_500573":{"avator_frame_500573/avator_frame_500573":{"width":210,"height":210}},"guang1":{"guang1":{"x":0.7,"y":0.32,"scaleX":0.075,"scaleY":0.075,"width":200,"height":200}},"guang10":{"guang1":{"x":0.7,"y":0.32,"scaleX":0.075,"scaleY":0.075,"width":200,"height":200}},"guang2":{"guang1":{"x":0.7,"y":0.32,"scaleX":0.075,"scaleY":0.075,"width":200,"height":200}},"guang3":{"guang1":{"x":0.7,"y":0.32,"scaleX":0.075,"scaleY":0.075,"width":200,"height":200}},"guang4":{"guang1":{"x":0.7,"y":0.32,"scaleX":0.075,"scaleY":0.075,"width":200,"height":200}},"guang5":{"guang1":{"x":0.7,"y":0.32,"scaleX":0.075,"scaleY":0.075,"width":200,"height":200}},"guang6":{"guang1":{"x":0.7,"y":0.32,"scaleX":0.075,"scaleY":0.075,"width":200,"height":200}},"guang7":{"guang1":{"x":0.7,"y":0.32,"scaleX":0.075,"scaleY":0.075,"width":200,"height":200}},"guang8":{"guang1":{"x":0.7,"y":0.32,"scaleX":0.075,"scaleY":0.075,"width":200,"height":200}},"guang9":{"guang1":{"x":0.7,"y":0.32,"scaleX":0.075,"scaleY":0.075,"width":200,"height":200}}}},"animations":{"500573_1":{"slots":{"guang1":{"color":[{"time":0,"color":"ffffff86","curve":"stepped"},{"time":0.1666,"color":"ffffff86"},{"time":0.6333,"color":"ffffff00","curve":"stepped"},{"time":0.6666,"color":"ffffff00"},{"time":1.1666,"color":"ffffff86","curve":"stepped"},{"time":2,"color":"ffffff86"}]},"guang2":{"color":[{"time":0,"color":"ffffff86","curve":"stepped"},{"time":0.1666,"color":"ffffff86"},{"time":0.6333,"color":"ffffff00","curve":"stepped"},{"time":0.6666,"color":"ffffff00"},{"time":1.1666,"color":"ffffff86","curve":"stepped"},{"time":2,"color":"ffffff86"}]},"guang3":{"color":[{"time":0,"color":"ffffff86"},{"time":0.4666,"color":"ffffff00","curve":"stepped"},{"time":0.5,"color":"ffffff00"},{"time":1,"color":"ffffff86","curve":"stepped"},{"time":2,"color":"ffffff86"}]},"guang4":{"color":[{"time":0,"color":"ffffff56"},{"time":0.3,"color":"ffffff00","curve":"stepped"},{"time":0.3333,"color":"ffffff00"},{"time":0.8333,"color":"ffffff86","curve":"stepped"},{"time":1.8333,"color":"ffffff86"},{"time":2,"color":"ffffff56"}]},"guang5":{"color":[{"time":0,"color":"ffffff26"},{"time":0.1333,"color":"ffffff00","curve":"stepped"},{"time":0.1666,"color":"ffffff00"},{"time":0.6666,"color":"ffffff86","curve":"stepped"},{"time":1.6666,"color":"ffffff86"},{"time":2,"color":"ffffff26"}]},"guang6":{"color":[{"time":0,"color":"ffffff00"},{"time":0.5,"color":"ffffff86","curve":"stepped"},{"time":1.5,"color":"ffffff86"},{"time":1.9666,"color":"ffffff00","curve":"stepped"},{"time":2,"color":"ffffff00"}]},"guang7":{"color":[{"time":0,"color":"ffffff59"},{"time":0.1666,"color":"ffffff86","curve":"stepped"},{"time":1.1666,"color":"ffffff86"},{"time":1.6333,"color":"ffffff00","curve":"stepped"},{"time":1.6666,"color":"ffffff00"},{"time":2,"color":"ffffff59"}]},"guang8":{"color":[{"time":0,"color":"ffffff86","curve":"stepped"},{"time":0.8333,"color":"ffffff86"},{"time":1.3,"color":"ffffff00","curve":"stepped"},{"time":1.3333,"color":"ffffff00"},{"time":1.8333,"color":"ffffff86","curve":"stepped"},{"time":2,"color":"ffffff86"}]},"guang9":{"color":[{"time":0,"color":"ffffff86","curve":"stepped"},{"time":0.5,"color":"ffffff86"},{"time":0.9666,"color":"ffffff00","curve":"stepped"},{"time":1,"color":"ffffff00"},{"time":1.5,"color":"ffffff86","curve":"stepped"},{"time":2,"color":"ffffff86"}]},"guang10":{"color":[{"time":0,"color":"ffffff56"},{"time":0.3,"color":"ffffff00","curve":"stepped"},{"time":0.3333,"color":"ffffff00"},{"time":0.8333,"color":"ffffff86","curve":"stepped"},{"time":1.8333,"color":"ffffff86"},{"time":2,"color":"ffffff56"}]}},"bones":{"guang10":{"translate":[{"time":0,"x":0,"y":126.01},{"time":0.3,"x":0,"y":149.13},{"time":0.3333,"x":0,"y":-2.45},{"time":2,"x":0,"y":126.01}],"scale":[{"time":0,"x":0.714,"y":0.714},{"time":0.3,"x":0.662,"y":0.662},{"time":0.3333,"x":1,"y":1},{"time":2,"x":0.714,"y":0.714}]},"guang9":{"translate":[{"time":0,"x":0,"y":94.31},{"time":0.9666,"x":0,"y":188.48},{"time":1,"x":0,"y":-3.09},{"time":2,"x":0,"y":94.31}],"scale":[{"time":0,"x":0.763,"y":0.763},{"time":0.6333,"x":0.651,"y":0.651},{"time":0.6666,"x":1,"y":1},{"time":2,"x":0.763,"y":0.763}]},"guang8":{"translate":[{"time":0,"x":0,"y":57.81},{"time":1.3,"x":0,"y":176.2},{"time":1.3333,"x":0,"y":-2.89},{"time":2,"x":0,"y":57.81}],"scale":[{"time":0,"x":0.822,"y":0.822},{"time":0.9666,"x":0.651,"y":0.651},{"time":1,"x":1,"y":1},{"time":2,"x":0.822,"y":0.822}]},"guang7":{"translate":[{"time":0,"x":0,"y":26.07},{"time":1.6333,"x":0,"y":167.33},{"time":1.6666,"x":0,"y":-2.75},{"time":2,"x":0,"y":26.07}],"scale":[{"time":0,"x":0.881,"y":0.881},{"time":1.3,"x":0.651,"y":0.651},{"time":1.3333,"x":1,"y":1},{"time":2,"x":0.881,"y":0.881}]},"guang6":{"translate":[{"time":0,"x":0,"y":-2.73},{"time":1.9666,"x":0,"y":166.24},{"time":2,"x":0,"y":-2.73}],"scale":[{"time":0,"x":0.942,"y":0.942},{"time":1.6333,"x":0.662,"y":0.662},{"time":1.6666,"x":1,"y":1},{"time":2,"x":0.942,"y":0.942}]},"guang5":{"translate":[{"time":0,"x":0,"y":148.52},{"time":0.1333,"x":0,"y":159.51},{"time":0.1666,"x":0,"y":-2.62},{"time":2,"x":0,"y":148.52}],"scale":[{"time":0,"x":1,"y":1},{"time":1.9666,"x":0.662,"y":0.662},{"time":2,"x":1,"y":1}]},"guang4":{"translate":[{"time":0,"x":0,"y":111.62},{"time":0.3,"x":0,"y":132.11},{"time":0.3333,"x":0,"y":-2.17},{"time":2,"x":0,"y":111.62}],"scale":[{"time":0,"x":0.733,"y":0.733},{"time":0.4666,"x":0.651,"y":0.651},{"time":0.5,"x":1,"y":1},{"time":2,"x":0.733,"y":0.733}]},"guang3":{"translate":[{"time":0,"x":0,"y":113.86},{"time":0.4666,"x":0,"y":150.06},{"time":0.5,"x":0,"y":-2.46},{"time":2,"x":0,"y":113.86}],"scale":[{"time":0,"x":0.674,"y":0.674},{"time":0.1333,"x":0.651,"y":0.651},{"time":0.1666,"x":1,"y":1},{"time":2,"x":0.674,"y":0.674}]},"guang2":{"translate":[{"time":0,"x":0,"y":110.93},{"time":0.6333,"x":0,"y":164.91},{"time":0.6666,"x":0,"y":-2.71},{"time":2,"x":0,"y":110.93}],"scale":[{"time":0,"x":0.793,"y":0.793},{"time":0.8,"x":0.651,"y":0.651},{"time":0.8333,"x":1,"y":1},{"time":2,"x":0.793,"y":0.793}]},"guang1":{"translate":[{"time":0,"x":0,"y":126.24},{"time":0.6333,"x":0,"y":187.67},{"time":0.6666,"x":0,"y":-3.08},{"time":2,"x":0,"y":126.24}],"scale":[{"time":0,"x":0.852,"y":0.852},{"time":1.1333,"x":0.651,"y":0.651},{"time":1.1666,"x":1,"y":1},{"time":2,"x":0.852,"y":0.852}]}}}}}