{"skeleton":{"hash":"t7WZtSSbkAjtrb7qcrZphy9Q8c0","spine":"3.4.02","width":248.23,"height":228.76,"images":""},"bones":[{"name":"root"},{"name":"images/500575_1","parent":"root","length":30.7,"rotation":255.26,"x":86.7,"y":84.03},{"name":"bone","parent":"images/500575_1","length":38.02,"rotation":5.27,"x":30.7},{"name":"bone2","parent":"bone","length":30.7,"rotation":24.2,"x":36.48,"y":-0.25},{"name":"bone3","parent":"bone2","length":30.11,"rotation":22.52,"x":29.83,"y":0.76},{"name":"images/1","parent":"root","x":-85.54,"y":66},{"name":"images/guang1","parent":"root","x":-100.05,"y":43.75},{"name":"images/guang2","parent":"root","x":-81.45,"y":42.72},{"name":"images/guang3","parent":"root","x":-69.05,"y":57.7},{"name":"images/guang4","parent":"root","x":-85.07,"y":24.64},{"name":"images/guang5","parent":"root","x":-105.73,"y":72.69},{"name":"images/guang6","parent":"root","x":-70.6,"y":76.3}],"slots":[{"name":"images/avator_frame_500575","bone":"root","attachment":"images/avator_frame_500575"},{"name":"images/500575_1","bone":"images/500575_1","attachment":"images/500575_1"},{"name":"images/1","bone":"images/1","color":"ffe200ff","attachment":"images/1","blend":"additive"},{"name":"images/guang1","bone":"images/guang1","attachment":"images/guang1","blend":"additive"},{"name":"images/guang2","bone":"images/guang2","attachment":"images/guang1","blend":"additive"},{"name":"images/guang3","bone":"images/guang3","attachment":"images/guang1","blend":"additive"},{"name":"images/guang4","bone":"images/guang4","attachment":"images/guang1","blend":"additive"},{"name":"images/guang5","bone":"images/guang5","attachment":"images/guang1","blend":"additive"},{"name":"images/guang6","bone":"images/guang6","attachment":"images/guang1","blend":"additive"}],"skins":{"default":{"images/1":{"images/1":{"x":1.81,"y":-1.24,"width":119,"height":118}},"images/500575_1":{"images/500575_1":{"type":"mesh","uvs":[1,0.19156,0.77104,0.34161,0.76272,0.45154,0.7843,0.57781,0.57616,0.69953,0.73018,0.81409,1,0.88762,1,1,0.65941,1,0.32639,0.87853,0.09574,0.78184,0,0.59169,0,0.45832,0,0.33328,0,0.18323,0,0,1,0],"triangles":[9,10,4,9,4,5,8,9,5,8,5,6,8,6,7,10,11,4,1,13,14,2,13,1,12,13,2,11,12,2,11,2,3,4,11,3,14,15,16,14,16,0,0,1,14],"vertices":[3,1,14.25,19.51,0.73436,2,-14.58,20.95,0.25063,3,-37.88,40.28,0.01499,3,1,34.9,14.76,0.41583,2,5.53,14.32,0.49834,3,-22.25,25.98,0.08582,4,1,48.28,17.91,0.1158,2,19.14,16.21999,0.56594,3,-9.05,22.14,0.30659,4,-27.73,34.64,0.01164,4,1,63.31,22.83,0.0978,2,34.56,19.73,0.40572,3,6.44,19.02,0.27726,4,-14.61,25.82,0.2192,4,1,80.3,18.04,0.08413,2,51.04,13.41,0.25852,3,18.87999,6.49,0.24183,4,-7.92,9.47999,0.4155,4,1,92.46,28.09,0.00597,2,64.08,22.29,0.15183,3,34.41,9.25,0.29644,4,7.48,6.08,0.54572,3,2,71.23,35.25,0.01534,3,46.25,18.14,0.22217,4,21.82,9.75,0.76247,1,4,33,1.24,1,3,2,87.5,23.11,7.0E-5,3,56.11,0.4,0.05445,4,24.13,-10.39999,0.94546,3,2,74.87999,6.49,0.02394,3,37.78,-9.58,0.36187,4,3.38,-12.6,0.61418,3,2,64.58,-5.27,0.22198,3,23.57,-16.09,0.52398,4,-12.24,-13.18,0.25402,3,2,41.82,-13.24,0.49208,3,-0.45,-14.02,0.46996,4,-33.65,-2.06,0.03795,3,1,57.44,-13.58,0.06359,2,25.37,-15.98,0.73257,3,-16.58,-9.78,0.20382,3,1,42.33,-17.54999,0.32589,2,9.95,-18.54999,0.60825,3,-31.69,-5.8,0.06583,3,1,24.19,-22.33,0.65902,2,-8.54,-21.63,0.33792,3,-49.83,-1.03,0.00305,3,1,2.04,-28.15,0.92875,2,-31.13,-25.4,0.071,3,-71.98,4.79,2.4E-4,3,1,-8.89,13.42,0.96647,2,-38.2,17.01,0.03331,3,-61.04,46.37,2.1E-4],"hull":17,"edges":[30,32,28,30,0,32,26,28,0,2,24,26,2,4,22,24,20,22,12,14,20,18,14,16,18,16,12,10,10,8,8,6,6,4,18,10,16,12,20,8,6,22,24,4,26,2,0,28],"width":43,"height":125}},"images/avator_frame_500575":{"images/avator_frame_500575":{"width":210,"height":210}},"images/guang1":{"images/guang1":{"x":0.47,"y":-0.08,"scaleX":0.047,"scaleY":0.047,"width":200,"height":200}},"images/guang2":{"images/guang1":{"x":0.47,"y":-0.08,"scaleX":0.047,"scaleY":0.047,"width":200,"height":200}},"images/guang3":{"images/guang1":{"x":0.47,"y":-0.08,"scaleX":0.047,"scaleY":0.047,"width":200,"height":200}},"images/guang4":{"images/guang1":{"x":0.47,"y":-0.08,"scaleX":0.047,"scaleY":0.047,"width":200,"height":200}},"images/guang5":{"images/guang1":{"x":0.47,"y":-0.08,"scaleX":0.047,"scaleY":0.047,"width":200,"height":200}},"images/guang6":{"images/guang1":{"x":0.47,"y":-0.08,"scaleX":0.047,"scaleY":0.047,"width":200,"height":200}}}},"animations":{"500575_1":{"slots":{"images/guang1":{"color":[{"time":0,"color":"ffffff00"},{"time":0.5,"color":"ffffffff","curve":"stepped"},{"time":1.5,"color":"ffffffff"},{"time":1.9666,"color":"ffffff00","curve":"stepped"},{"time":2,"color":"ffffff00"}]},"images/guang2":{"color":[{"time":0,"color":"ffffffa9"},{"time":0.1666,"color":"ffffffff","curve":"stepped"},{"time":1.1666,"color":"ffffffff"},{"time":1.6333,"color":"ffffff00","curve":"stepped"},{"time":1.6666,"color":"ffffff00"},{"time":2,"color":"ffffffa9"}]},"images/guang3":{"color":[{"time":0,"color":"ffffffff","curve":"stepped"},{"time":0.8333,"color":"ffffffff"},{"time":1.3,"color":"ffffff00","curve":"stepped"},{"time":1.3333,"color":"ffffff00"},{"time":1.8333,"color":"ffffffff","curve":"stepped"},{"time":2,"color":"ffffffff"}]},"images/guang4":{"color":[{"time":0,"color":"ffffffff","curve":"stepped"},{"time":0.5,"color":"ffffffff"},{"time":0.9666,"color":"ffffff00","curve":"stepped"},{"time":1,"color":"ffffff00"},{"time":1.5,"color":"ffffffff","curve":"stepped"},{"time":2,"color":"ffffffff"}]},"images/guang5":{"color":[{"time":0,"color":"ffffffff","curve":"stepped"},{"time":0.1666,"color":"ffffffff"},{"time":0.6333,"color":"ffffff00","curve":"stepped"},{"time":0.6666,"color":"ffffff00"},{"time":1.1666,"color":"ffffffff","curve":"stepped"},{"time":2,"color":"ffffffff"}]},"images/guang6":{"color":[{"time":0,"color":"ffffffa3"},{"time":0.3,"color":"ffffff00","curve":"stepped"},{"time":0.3333,"color":"ffffff00"},{"time":0.8333,"color":"ffffffff","curve":"stepped"},{"time":1.8333,"color":"ffffffff"},{"time":2,"color":"ffffffa3"}]}},"bones":{"images/500575_1":{"rotate":[{"time":0,"angle":12.39,"curve":[0.382,0.57,0.735,1]},{"time":0.3333,"angle":-347.24},{"time":1.3333,"angle":-348.48,"curve":[0.29,0,0.629,0.37]},{"time":1.5,"angle":11.64,"curve":[0.294,0.2,0.666,0.66]},{"time":2,"angle":12.39}]},"bone":{"rotate":[{"time":0,"angle":-5.26,"curve":[0.351,0.4,0.756,1]},{"time":0.6666,"angle":1.52},{"time":1.6666,"angle":-7.95,"curve":[0.264,0,0.617,0.42]},{"time":2,"angle":-5.26}]},"bone2":{"rotate":[{"time":0,"angle":-32.77,"curve":[0.25,0,0.75,1]},{"time":1,"angle":1.87},{"time":1.5,"angle":-16.04},{"time":2,"angle":-32.77}]},"bone3":{"rotate":[{"time":0,"angle":-33.42,"curve":[0.382,0.57,0.735,1]},{"time":0.3333,"angle":-47.52,"curve":[0.25,0,0.75,1]},{"time":1.3333,"angle":2.17},{"time":1.5,"angle":-7.19},{"time":2,"angle":-33.42}]},"images/1":{"scale":[{"time":0,"x":1,"y":1,"curve":[0.25,0,0.75,1]},{"time":0.3333,"x":0.636,"y":0.636,"curve":[0.25,0,0.75,1]},{"time":0.6666,"x":1,"y":1,"curve":[0.25,0,0.75,1]},{"time":1,"x":0.636,"y":0.636,"curve":[0.25,0,0.75,1]},{"time":1.3333,"x":1,"y":1,"curve":[0.25,0,0.75,1]},{"time":1.6666,"x":0.636,"y":0.636,"curve":[0.25,0,0.75,1]},{"time":2,"x":1,"y":1}]},"images/guang6":{"translate":[{"time":0,"x":0,"y":37.97},{"time":0.3,"x":0,"y":48.03,"curve":"stepped"},{"time":0.3333,"x":0,"y":-17.88},{"time":2,"x":0,"y":37.97}],"scale":[{"time":0,"x":1,"y":1,"curve":"stepped"},{"time":0.3,"x":1,"y":1,"curve":"stepped"},{"time":0.3333,"x":1,"y":1,"curve":"stepped"},{"time":2,"x":1,"y":1}]},"images/guang5":{"translate":[{"time":0,"x":0,"y":26.8},{"time":0.6333,"x":0,"y":48.03,"curve":"stepped"},{"time":0.6666,"x":0,"y":-17.88},{"time":2,"x":0,"y":26.8}],"scale":[{"time":0,"x":1,"y":1,"curve":"stepped"},{"time":0.6333,"x":1,"y":1,"curve":"stepped"},{"time":0.6666,"x":1,"y":1,"curve":"stepped"},{"time":2,"x":1,"y":1}]},"images/guang4":{"translate":[{"time":0,"x":0,"y":15.63},{"time":0.9666,"x":0,"y":48.03,"curve":"stepped"},{"time":1,"x":0,"y":-17.88},{"time":2,"x":0,"y":15.63}],"scale":[{"time":0,"x":1,"y":1,"curve":"stepped"},{"time":0.9666,"x":1,"y":1,"curve":"stepped"},{"time":1,"x":1,"y":1,"curve":"stepped"},{"time":2,"x":1,"y":1}]},"images/guang3":{"translate":[{"time":0,"x":0,"y":4.46},{"time":1.3,"x":0,"y":48.03,"curve":"stepped"},{"time":1.3333,"x":0,"y":-17.88},{"time":2,"x":0,"y":4.46}],"scale":[{"time":0,"x":1,"y":1,"curve":"stepped"},{"time":1.3,"x":1,"y":1,"curve":"stepped"},{"time":1.3333,"x":1,"y":1,"curve":"stepped"},{"time":2,"x":1,"y":1}]},"images/guang2":{"translate":[{"time":0,"x":0,"y":-6.71},{"time":1.6333,"x":0,"y":48.03,"curve":"stepped"},{"time":1.6666,"x":0,"y":-17.88},{"time":2,"x":0,"y":-6.71}],"scale":[{"time":0,"x":1,"y":1,"curve":"stepped"},{"time":1.6333,"x":1,"y":1,"curve":"stepped"},{"time":1.6666,"x":1,"y":1,"curve":"stepped"},{"time":2,"x":1,"y":1}]},"images/guang1":{"translate":[{"time":0,"x":0,"y":-17.88},{"time":1.9666,"x":0,"y":48.03,"curve":"stepped"},{"time":2,"x":0,"y":-17.88}],"scale":[{"time":0,"x":1,"y":1,"curve":"stepped"},{"time":1.9666,"x":1,"y":1,"curve":"stepped"},{"time":2,"x":1,"y":1}]}}}}}