{"skeleton":{"hash":"qbR1XPT2R16m2gDJGb5dGFRYLNc","spine":"3.4.02","width":0,"height":0,"images":""},"bones":[{"name":"root"},{"name":"images/500589_ball_1","parent":"root","x":82.39,"y":80.83,"scaleX":0.5,"scaleY":0.5},{"name":"images/500589_ball_2","parent":"root","x":48.29,"y":81.94,"scaleX":0.5,"scaleY":0.5},{"name":"images/500589_ball_3","parent":"root","x":82.95,"y":46.73,"scaleX":0.5,"scaleY":0.5},{"name":"images/500589_ribbon_1","parent":"root","x":28.72,"y":66.29},{"name":"images/500589_ribbon_2","parent":"root","x":90.77,"y":73.56},{"name":"images/500589_ribbon_3","parent":"root","x":63.94,"y":54.55},{"name":"images/500589_ribbon_4","parent":"root","x":48.29,"y":26.04}],"slots":[{"name":"images/avator_frame_500589","bone":"root","attachment":"images/avator_frame_500589"},{"name":"images/500589_ball_1","bone":"images/500589_ball_1","attachment":"images/500589_ball_1"},{"name":"images/500589_ball_2","bone":"images/500589_ball_2","attachment":"images/500589_ball_2"},{"name":"images/500589_ball_3","bone":"images/500589_ball_3","attachment":"images/500589_ball_3"},{"name":"images/500589_ribbon_1","bone":"images/500589_ribbon_1","attachment":"images/500589_ribbon_1"},{"name":"images/500589_ribbon_2","bone":"images/500589_ribbon_2","attachment":"images/500589_ribbon_2"},{"name":"images/500589_ribbon_3","bone":"images/500589_ribbon_3","attachment":"images/500589_ribbon_3"},{"name":"images/500589_ribbon_4","bone":"images/500589_ribbon_4","attachment":"images/500589_ribbon_4"}],"skins":{"default":{"images/500589_ball_1":{"images/500589_ball_1":{"width":69,"height":69}},"images/500589_ball_2":{"images/500589_ball_2":{"width":55,"height":55}},"images/500589_ball_3":{"images/500589_ball_3":{"width":48,"height":48}},"images/500589_ribbon_1":{"images/500589_ribbon_1":{"x":-0.33,"y":-0.71,"width":15,"height":12}},"images/500589_ribbon_2":{"images/500589_ribbon_2":{"x":-1.99,"y":0.58,"width":22,"height":34}},"images/500589_ribbon_3":{"images/500589_ribbon_3":{"x":-2.06,"y":-0.21,"width":12,"height":11}},"images/500589_ribbon_4":{"images/500589_ribbon_4":{"x":1.28,"y":0.55,"width":14,"height":24}},"images/avator_frame_500589":{"images/avator_frame_500589":{"width":210,"height":210}}}},"animations":{"500589_1":{"slots":{"images/500589_ribbon_1":{"color":[{"time":0,"color":"ffffffc9","curve":"stepped"},{"time":0.8333,"color":"ffffffc9"},{"time":1.3,"color":"ffffff00","curve":"stepped"},{"time":1.3333,"color":"ffffff00"},{"time":1.6666,"color":"ffffffc9","curve":"stepped"},{"time":2,"color":"ffffffc9","curve":"stepped"},{"time":2.8333,"color":"ffffffc9"},{"time":3.3,"color":"ffffff00","curve":"stepped"},{"time":3.3333,"color":"ffffff00"},{"time":3.6666,"color":"ffffffc9","curve":"stepped"},{"time":4,"color":"ffffffc9"}]},"images/500589_ribbon_2":{"color":[{"time":0,"color":"ffffffc9","curve":"stepped"},{"time":0.5,"color":"ffffffc9"},{"time":0.9666,"color":"ffffff00","curve":"stepped"},{"time":1,"color":"ffffff00"},{"time":1.3333,"color":"ffffffc9","curve":"stepped"},{"time":2,"color":"ffffffc9","curve":"stepped"},{"time":2.5,"color":"ffffffc9"},{"time":2.9666,"color":"ffffff00","curve":"stepped"},{"time":3,"color":"ffffff00"},{"time":3.3333,"color":"ffffffc9","curve":"stepped"},{"time":4,"color":"ffffffc9"}]},"images/500589_ribbon_3":{"color":[{"time":0,"color":"ffffffc9","curve":"stepped"},{"time":0.1666,"color":"ffffffc9"},{"time":0.6333,"color":"ffffff00","curve":"stepped"},{"time":0.6666,"color":"ffffff00"},{"time":1,"color":"ffffffc9","curve":"stepped"},{"time":2,"color":"ffffffc9","curve":"stepped"},{"time":2.1666,"color":"ffffffc9"},{"time":2.6333,"color":"ffffff00","curve":"stepped"},{"time":2.6666,"color":"ffffff00"},{"time":3,"color":"ffffffc9","curve":"stepped"},{"time":4,"color":"ffffffc9"}]},"images/500589_ribbon_4":{"color":[{"time":0,"color":"ffffff81"},{"time":0.3,"color":"ffffff00","curve":"stepped"},{"time":0.3333,"color":"ffffff00"},{"time":0.6666,"color":"ffffffc9","curve":"stepped"},{"time":1.8333,"color":"ffffffc9"},{"time":2,"color":"ffffff81"},{"time":2.3,"color":"ffffff00","curve":"stepped"},{"time":2.3333,"color":"ffffff00"},{"time":2.6666,"color":"ffffffc9","curve":"stepped"},{"time":3.8333,"color":"ffffffc9"},{"time":4,"color":"ffffff81"}]}},"bones":{"root":{"rotate":[{"time":0,"angle":0,"curve":"stepped"},{"time":2,"angle":0,"curve":"stepped"},{"time":4,"angle":0}],"translate":[{"time":0,"x":0,"y":0,"curve":"stepped"},{"time":2,"x":0,"y":0,"curve":"stepped"},{"time":4,"x":0,"y":0}],"scale":[{"time":0,"x":1,"y":1,"curve":"stepped"},{"time":2,"x":1,"y":1,"curve":"stepped"},{"time":4,"x":1,"y":1}]},"images/500589_ball_1":{"rotate":[{"time":0,"angle":0,"curve":"stepped"},{"time":4,"angle":0}],"translate":[{"time":0,"x":0,"y":0,"curve":"stepped"},{"time":1,"x":0,"y":0,"curve":"stepped"},{"time":1.0333,"x":-34.19,"y":0,"curve":"stepped"},{"time":2,"x":-34.19,"y":0,"curve":"stepped"},{"time":2.0333,"x":0.35,"y":-34.97,"curve":"stepped"},{"time":3,"x":0.35,"y":-34.97,"curve":"stepped"},{"time":3.0333,"x":0,"y":0,"curve":"stepped"},{"time":4,"x":0,"y":0}],"scale":[{"time":0,"x":1,"y":1,"curve":"stepped"},{"time":4,"x":1,"y":1}]},"images/500589_ball_3":{"rotate":[{"time":0,"angle":0,"curve":"stepped"},{"time":4,"angle":0}],"translate":[{"time":0,"x":0,"y":0,"curve":"stepped"},{"time":1,"x":0,"y":0,"curve":"stepped"},{"time":1.0333,"x":0,"y":34.58,"curve":"stepped"},{"time":2,"x":0,"y":34.58,"curve":"stepped"},{"time":2.0333,"x":-34.19,"y":33.43,"curve":"stepped"},{"time":3,"x":-34.19,"y":33.43,"curve":"stepped"},{"time":3.0333,"x":0,"y":0,"curve":"stepped"},{"time":4,"x":0,"y":0}],"scale":[{"time":0,"x":1,"y":1,"curve":"stepped"},{"time":4,"x":1,"y":1}]},"images/500589_ball_2":{"rotate":[{"time":0,"angle":0,"curve":"stepped"},{"time":4,"angle":0}],"translate":[{"time":0,"x":0,"y":0,"curve":"stepped"},{"time":1,"x":0,"y":0,"curve":"stepped"},{"time":1.0333,"x":35.36,"y":-30.65,"curve":"stepped"},{"time":2,"x":35.36,"y":-30.65,"curve":"stepped"},{"time":2.0333,"x":34.19,"y":-2.9,"curve":"stepped"},{"time":3,"x":34.19,"y":-2.9,"curve":"stepped"},{"time":3.0333,"x":0,"y":0,"curve":"stepped"},{"time":4,"x":0,"y":0}],"scale":[{"time":0,"x":1,"y":1,"curve":"stepped"},{"time":4,"x":1,"y":1}]},"images/500589_ribbon_3":{"rotate":[{"time":0,"angle":122.03},{"time":0.6333,"angle":180},{"time":0.6666,"angle":0},{"time":2,"angle":122.03},{"time":2.6333,"angle":180},{"time":2.6666,"angle":0},{"time":4,"angle":122.03}],"translate":[{"time":0,"x":-79.39,"y":-76.81},{"time":0.6333,"x":-117.1,"y":-113.3},{"time":0.6666,"x":0,"y":0},{"time":2,"x":-79.39,"y":-76.81},{"time":2.6333,"x":-117.1,"y":-113.3},{"time":2.6666,"x":0,"y":0},{"time":4,"x":-79.39,"y":-76.81}],"scale":[{"time":0,"x":0.773,"y":0.773},{"time":0.6333,"x":0.665,"y":0.665},{"time":0.6666,"x":1,"y":1},{"time":2,"x":0.773,"y":0.773},{"time":2.6333,"x":0.665,"y":0.665},{"time":2.6666,"x":1,"y":1},{"time":4,"x":0.773,"y":0.773}]},"images/500589_ribbon_1":{"rotate":[{"time":0,"angle":61.01},{"time":1.3,"angle":180},{"time":1.3333,"angle":0},{"time":2,"angle":61.01},{"time":3.3,"angle":180},{"time":3.3333,"angle":0},{"time":4,"angle":61.01}],"translate":[{"time":0,"x":-39.69,"y":-38.4},{"time":1.3,"x":-117.1,"y":-113.3},{"time":1.3333,"x":0,"y":0},{"time":2,"x":-39.69,"y":-38.4},{"time":3.3,"x":-117.1,"y":-113.3},{"time":3.3333,"x":0,"y":0},{"time":4,"x":-39.69,"y":-38.4}],"scale":[{"time":0,"x":0.886,"y":0.886},{"time":1.3,"x":0.665,"y":0.665},{"time":1.3333,"x":1,"y":1},{"time":2,"x":0.886,"y":0.886},{"time":3.3,"x":0.665,"y":0.665},{"time":3.3333,"x":1,"y":1},{"time":4,"x":0.886,"y":0.886}]},"images/500589_ribbon_4":{"rotate":[{"time":0,"angle":152.54},{"time":0.3,"angle":180},{"time":0.3333,"angle":0},{"time":2,"angle":152.54},{"time":2.3,"angle":180},{"time":2.3333,"angle":0},{"time":4,"angle":152.54}],"translate":[{"time":0,"x":-99.24,"y":-96.02},{"time":0.3,"x":-117.1,"y":-113.3},{"time":0.3333,"x":0,"y":0},{"time":2,"x":-99.24,"y":-96.02},{"time":2.3,"x":-117.1,"y":-113.3},{"time":2.3333,"x":0,"y":0},{"time":4,"x":-99.24,"y":-96.02}],"scale":[{"time":0,"x":0.716,"y":0.716},{"time":0.3,"x":0.665,"y":0.665},{"time":0.3333,"x":1,"y":1},{"time":2,"x":0.716,"y":0.716},{"time":2.3,"x":0.665,"y":0.665},{"time":2.3333,"x":1,"y":1},{"time":4,"x":0.716,"y":0.716}]},"images/500589_ribbon_2":{"rotate":[{"time":0,"angle":91.52},{"time":0.9666,"angle":180},{"time":1,"angle":0},{"time":2,"angle":91.52},{"time":2.9666,"angle":180},{"time":3,"angle":0},{"time":4,"angle":91.52}],"translate":[{"time":0,"x":-59.54,"y":-57.61},{"time":0.9666,"x":-117.1,"y":-113.3},{"time":1,"x":0,"y":0},{"time":2,"x":-59.54,"y":-57.61},{"time":2.9666,"x":-117.1,"y":-113.3},{"time":3,"x":0,"y":0},{"time":4,"x":-59.54,"y":-57.61}],"scale":[{"time":0,"x":0.83,"y":0.83},{"time":0.9666,"x":0.665,"y":0.665},{"time":1,"x":1,"y":1},{"time":2,"x":0.83,"y":0.83},{"time":2.9666,"x":0.665,"y":0.665},{"time":3,"x":1,"y":1},{"time":4,"x":0.83,"y":0.83}]}}}}}