{"skeleton":{"hash":"R1KwJwjJ52JCy+kE26MnPAQNjj8","spine":"3.4.02","width":209.4,"height":216.08,"images":""},"bones":[{"name":"root"},{"name":"X","parent":"root","length":30.81,"rotation":86.58,"x":-89.34,"y":-8.48,"scaleX":0.336,"scaleY":0.336},{"name":"X2","parent":"root","length":30.81,"rotation":86.58,"x":-53.02,"y":2.86,"scaleX":0.206,"scaleY":0.206},{"name":"X3","parent":"root","x":63.45,"y":70.07},{"name":"X4","parent":"root","x":-23.25,"y":71.89},{"name":"X5","parent":"root","x":-46.86,"y":72.34},{"name":"X6","parent":"root","x":18.96,"y":76.88},{"name":"X7","parent":"root","length":30.81,"rotation":86.58,"x":-53.02,"y":-8.48,"scaleX":0.336,"scaleY":0.336},{"name":"X8","parent":"root","length":30.81,"rotation":86.58,"x":-102.5,"y":-8.48,"scaleX":0.21,"scaleY":0.21},{"name":"X9","parent":"root","length":30.81,"rotation":86.58,"x":-92.06,"y":-17.56,"scaleX":0.146,"scaleY":0.146},{"name":"X10","parent":"root","length":30.81,"rotation":86.58,"x":-47.57,"y":-1.22,"scaleX":0.263,"scaleY":0.263},{"name":"X11","parent":"root","length":30.81,"rotation":86.58,"x":-35.77,"y":-1.22,"scaleX":0.187,"scaleY":0.187},{"name":"festivals_star","parent":"root","length":41.51,"rotation":104.03,"x":-63.82,"y":-38.81}],"slots":[{"name":"X","bone":"X","attachment":"X"},{"name":"X7","bone":"X2","attachment":"X"},{"name":"X9","bone":"X7","attachment":"X"},{"name":"X11","bone":"X8","attachment":"X"},{"name":"X13","bone":"X9","attachment":"X"},{"name":"X15","bone":"X10","attachment":"X"},{"name":"X17","bone":"X11","attachment":"X","blend":"additive"},{"name":"avator_frame_500408","bone":"root"},{"name":"festivals_star","bone":"festivals_star","attachment":"festivals_star"},{"name":"X2","bone":"X","color":"ffffff83","attachment":"X2","blend":"additive"},{"name":"X8","bone":"X2","color":"ffffff83","attachment":"X2","blend":"additive"},{"name":"X10","bone":"X7","color":"ffffff83","attachment":"X2","blend":"additive"},{"name":"X12","bone":"X8","color":"ffffff83","attachment":"X2","blend":"additive"},{"name":"X14","bone":"X9","color":"ffffff83","attachment":"X2","blend":"additive"},{"name":"X16","bone":"X10","color":"ffffff83","attachment":"X2","blend":"additive"},{"name":"X18","bone":"X11","color":"ffffff83","attachment":"X2","blend":"additive"},{"name":"X3","bone":"X3","attachment":"X2","blend":"additive"},{"name":"X6","bone":"X6","attachment":"X2","blend":"additive"},{"name":"X4","bone":"X4","attachment":"X2","blend":"additive"},{"name":"X5","bone":"X5","attachment":"X2","blend":"additive"}],"skins":{"default":{"X":{"X":{"x":3.86,"y":-1.9,"scaleX":0.279,"scaleY":0.279,"rotation":-86.58,"width":99,"height":98}},"X10":{"X2":{"x":1.63,"y":0.14,"scaleX":0.653,"scaleY":0.653,"rotation":-86.58,"width":100,"height":100}},"X11":{"X":{"x":3.86,"y":-1.9,"scaleX":0.279,"scaleY":0.279,"rotation":-86.58,"width":99,"height":98}},"X12":{"X2":{"x":1.63,"y":0.14,"scaleX":0.653,"scaleY":0.653,"rotation":-86.58,"width":100,"height":100}},"X13":{"X":{"x":3.86,"y":-1.9,"scaleX":0.279,"scaleY":0.279,"rotation":-86.58,"width":99,"height":98}},"X14":{"X2":{"x":1.63,"y":0.14,"scaleX":0.653,"scaleY":0.653,"rotation":-86.58,"width":100,"height":100}},"X15":{"X":{"x":3.86,"y":-1.9,"scaleX":0.279,"scaleY":0.279,"rotation":-86.58,"width":99,"height":98}},"X16":{"X2":{"x":1.63,"y":0.14,"scaleX":0.653,"scaleY":0.653,"rotation":-86.58,"width":100,"height":100}},"X17":{"X":{"x":3.86,"y":-1.9,"scaleX":0.279,"scaleY":0.279,"rotation":-86.58,"width":99,"height":98}},"X18":{"X2":{"x":1.63,"y":0.14,"scaleX":0.653,"scaleY":0.653,"rotation":-86.58,"width":100,"height":100}},"X2":{"X2":{"x":1.63,"y":0.14,"scaleX":0.653,"scaleY":0.653,"rotation":-86.58,"width":100,"height":100}},"X3":{"X2":{"x":-1.1,"y":-0.45,"scaleX":0.629,"scaleY":0.629,"width":100,"height":100}},"X4":{"X2":{"x":-0.65,"y":0.45,"scaleX":0.543,"scaleY":0.543,"width":100,"height":100}},"X5":{"X2":{"x":-1.1,"scaleX":0.543,"scaleY":0.543,"width":100,"height":100}},"X6":{"X2":{"x":-2.01,"y":1.36,"scaleX":0.746,"scaleY":0.746,"width":100,"height":100}},"X7":{"X":{"x":3.86,"y":-1.9,"scaleX":0.279,"scaleY":0.279,"rotation":-86.58,"width":99,"height":98}},"X8":{"X2":{"x":1.63,"y":0.14,"scaleX":0.653,"scaleY":0.653,"rotation":-86.58,"width":100,"height":100}},"X9":{"X":{"x":3.86,"y":-1.9,"scaleX":0.279,"scaleY":0.279,"rotation":-86.58,"width":99,"height":98}},"festivals_star":{"festivals_star":{"x":23.06,"y":6.39,"rotation":-104.03,"width":35,"height":68}}}},"animations":{"500408_1":{"slots":{"X":{"color":[{"time":0,"color":"ffffffff","curve":"stepped"},{"time":0.6666,"color":"ffffffff"},{"time":0.8333,"color":"ffffff00","curve":"stepped"},{"time":0.8666,"color":"ffffff00","curve":"stepped"},{"time":1.8333,"color":"ffffff00","curve":[0.14,0.83,0.75,1]},{"time":2,"color":"ffffffff"}]},"X2":{"color":[{"time":0,"color":"ffffff83","curve":"stepped"},{"time":0.6666,"color":"ffffff83"},{"time":0.8333,"color":"ffffff00","curve":"stepped"},{"time":0.8666,"color":"ffffff00","curve":"stepped"},{"time":1.8333,"color":"ffffff00","curve":[0.25,0,0.75,1]},{"time":2,"color":"ffffff83"}]},"X3":{"color":[{"time":0,"color":"ffffffc2","curve":[0.25,0,0.75,1]},{"time":1,"color":"ffffff6d","curve":[0.25,0,0.75,1]},{"time":2,"color":"ffffffc2"}]},"X4":{"color":[{"time":0,"color":"ffffff85","curve":[0.382,0.57,0.735,1]},{"time":0.3333,"color":"ffffff6d","curve":[0.25,0,0.75,1]},{"time":1.3333,"color":"ffffffc2","curve":[0.243,0,0.648,0.6]},{"time":2,"color":"ffffff85"}]},"X5":{"color":[{"time":0,"color":"ffffff6d","curve":[0.25,0,0.75,1]},{"time":1,"color":"ffffffc2","curve":[0.25,0,0.75,1]},{"time":2,"color":"ffffff6d"}]},"X6":{"color":[{"time":0,"color":"ffffffaa","curve":[0.351,0.4,0.756,1]},{"time":0.6666,"color":"ffffff6d","curve":[0.25,0,0.75,1]},{"time":1.6666,"color":"ffffffc2","curve":[0.264,0,0.617,0.42]},{"time":2,"color":"ffffffaa"}]},"X7":{"color":[{"time":0,"color":"ffffff00","curve":"stepped"},{"time":0.7666,"color":"ffffff00","curve":[0.197,0.86,0.75,1]},{"time":1.1333,"color":"ffffff97","curve":"stepped"},{"time":1.6,"color":"ffffff97"},{"time":1.8,"color":"ffffff00"}]},"X8":{"color":[{"time":0,"color":"ffffff00","curve":"stepped"},{"time":0.7666,"color":"ffffff00","curve":[0.197,0.86,0.75,1]},{"time":1.1333,"color":"ffffff97","curve":"stepped"},{"time":1.6,"color":"ffffff97"},{"time":1.8,"color":"ffffff00"}]},"X9":{"color":[{"time":0,"color":"ffffff00","curve":"stepped"},{"time":0.7666,"color":"ffffff00","curve":[0.197,0.86,0.75,1]},{"time":1.1333,"color":"ffffff97","curve":"stepped"},{"time":1.6,"color":"ffffff97"},{"time":1.8,"color":"ffffff00"}]},"X10":{"color":[{"time":0,"color":"ffffff00","curve":"stepped"},{"time":0.7666,"color":"ffffff00","curve":[0.197,0.86,0.75,1]},{"time":1.1333,"color":"ffffff97","curve":"stepped"},{"time":1.6,"color":"ffffff97"},{"time":1.8,"color":"ffffff00"}]},"X11":{"color":[{"time":0,"color":"ffffffff","curve":"stepped"},{"time":0.6666,"color":"ffffffff"},{"time":0.8333,"color":"ffffff00","curve":"stepped"},{"time":0.8666,"color":"ffffff00","curve":"stepped"},{"time":1.8333,"color":"ffffff00","curve":[0,0.78,0.75,1]},{"time":2,"color":"ffffffff"}]},"X12":{"color":[{"time":0,"color":"ffffff83","curve":"stepped"},{"time":0.6666,"color":"ffffff83"},{"time":0.8333,"color":"ffffff00","curve":"stepped"},{"time":0.8666,"color":"ffffff00","curve":"stepped"},{"time":1.8333,"color":"ffffff00","curve":[0.25,0,0.75,1]},{"time":2,"color":"ffffff83"}]},"X13":{"color":[{"time":0,"color":"ffffffff","curve":"stepped"},{"time":0.6666,"color":"ffffffff"},{"time":0.8333,"color":"ffffff00","curve":"stepped"},{"time":0.8666,"color":"ffffff00","curve":"stepped"},{"time":1.8333,"color":"ffffff00","curve":[0,0.78,0.75,1]},{"time":2,"color":"ffffffff"}]},"X14":{"color":[{"time":0,"color":"ffffff83","curve":"stepped"},{"time":0.6666,"color":"ffffff83"},{"time":0.8333,"color":"ffffff00","curve":"stepped"},{"time":0.8666,"color":"ffffff00","curve":"stepped"},{"time":1.8333,"color":"ffffff00","curve":[0,0.78,0.75,1]},{"time":2,"color":"ffffff83"}]},"X15":{"color":[{"time":0,"color":"ffffff00","curve":"stepped"},{"time":0.7666,"color":"ffffff00","curve":[0.197,0.86,0.75,1]},{"time":1.1333,"color":"ffffff97","curve":"stepped"},{"time":1.6,"color":"ffffff97"},{"time":1.8,"color":"ffffff00"}]},"X16":{"color":[{"time":0,"color":"ffffff00","curve":"stepped"},{"time":0.7666,"color":"ffffff00","curve":[0.197,0.86,0.75,1]},{"time":1.1333,"color":"ffffff97","curve":"stepped"},{"time":1.6,"color":"ffffff97"},{"time":1.8,"color":"ffffff00"}]},"X17":{"color":[{"time":0,"color":"ffffff00","curve":"stepped"},{"time":0.7666,"color":"ffffff00","curve":[0.197,0.86,0.75,1]},{"time":1.1333,"color":"ffffff97","curve":"stepped"},{"time":1.6,"color":"ffffff97"},{"time":1.8,"color":"ffffff00"}]},"X18":{"color":[{"time":0,"color":"ffffff00","curve":"stepped"},{"time":0.7666,"color":"ffffff00","curve":[0.197,0.86,0.75,1]},{"time":1.1333,"color":"ffffff97","curve":"stepped"},{"time":1.6,"color":"ffffff97"},{"time":1.8,"color":"ffffff00"}]}},"bones":{"festivals_star":{"rotate":[{"time":0,"angle":6.91,"curve":[0.25,0,0.75,1]},{"time":1,"angle":-11.54,"curve":[0.25,0,0.75,1]},{"time":2,"angle":6.91}]},"X8":{"rotate":[{"time":0,"angle":78.98,"curve":[0.203,0.64,0.606,1]},{"time":0.8333,"angle":-185.8},{"time":0.8666,"angle":0,"curve":"stepped"},{"time":1.8333,"angle":0,"curve":[0.239,0.35,0.578,0.69]},{"time":2,"angle":78.98}],"translate":[{"time":0,"x":-16.51,"y":-0.98,"curve":[0.255,0.82,0.767,1]},{"time":0.8333,"x":-37.16,"y":-2.05},{"time":0.8666,"x":2.5,"y":0,"curve":"stepped"},{"time":1.8333,"x":2.5,"y":0,"curve":[0.221,0.38,0.567,0.71]},{"time":2,"x":-16.51,"y":-0.98}],"scale":[{"time":0,"x":0.717,"y":0.717,"curve":[0.19,0.76,0.779,1]},{"time":0.8333,"x":0.492,"y":0.492},{"time":0.8666,"x":1,"y":1,"curve":"stepped"},{"time":1.8333,"x":1,"y":1,"curve":[0,0.78,0.75,1]},{"time":2,"x":0.717,"y":0.717}]},"X":{"rotate":[{"time":0,"angle":60.57,"curve":[0.203,0.64,0.606,1]},{"time":0.8333,"angle":-226.41},{"time":0.8666,"angle":0,"curve":"stepped"},{"time":1.8333,"angle":0,"curve":[0.25,0,0.75,1]},{"time":2,"angle":60.57}],"translate":[{"time":0,"x":-17.59,"y":-4.13,"curve":[0.255,0.82,0.767,1]},{"time":0.8333,"x":-33.97,"y":-8.16},{"time":0.8666,"x":-2.5,"y":-0.41,"curve":"stepped"},{"time":1.8333,"x":-2.5,"y":-0.41,"curve":[0.221,0.38,0.567,0.71]},{"time":2,"x":-17.59,"y":-4.13}],"scale":[{"time":0,"x":0.95,"y":0.95,"curve":[0.31,0.25,0.756,1]},{"time":0.8333,"x":0.488,"y":0.488},{"time":0.8666,"x":1,"y":1,"curve":"stepped"},{"time":1.8333,"x":1,"y":1,"curve":[0.25,0,0.75,1]},{"time":2,"x":0.95,"y":0.95}]},"X9":{"rotate":[{"time":0,"angle":65.04,"curve":[0.19,0.76,0.779,1]},{"time":0.8333,"angle":-243.3},{"time":0.8666,"angle":0,"curve":"stepped"},{"time":1.8333,"angle":0,"curve":[0,0.37,0.367,0.7]},{"time":2,"angle":65.04}],"translate":[{"time":0,"x":-20.57,"y":-8.87,"curve":[0.19,0.76,0.779,1]},{"time":0.8333,"x":-35.9,"y":-17.25},{"time":0.8666,"x":-1.25,"y":1.67,"curve":"stepped"},{"time":1.8333,"x":-1.25,"y":1.67,"curve":[0,0.37,0.367,0.7]},{"time":2,"x":-20.57,"y":-8.87}],"scale":[{"time":0,"x":0.772,"y":0.772,"curve":[0.203,0.64,0.606,1]},{"time":0.8333,"x":0.499,"y":0.499},{"time":0.8666,"x":1,"y":1,"curve":"stepped"},{"time":1.8333,"x":1,"y":1,"curve":[0.25,0,0.75,1]},{"time":2,"x":0.772,"y":0.772}]},"X7":{"rotate":[{"time":0,"angle":0,"curve":"stepped"},{"time":0.7666,"angle":0,"curve":[0.197,0.86,0.75,1]},{"time":1.8,"angle":-107.77}],"translate":[{"time":0,"x":0,"y":0,"curve":"stepped"},{"time":0.7666,"x":0,"y":0,"curve":[0.197,0.86,0.75,1]},{"time":1.8,"x":9.18,"y":6.81}],"scale":[{"time":0,"x":1,"y":1,"curve":"stepped"},{"time":0.7666,"x":1,"y":1,"curve":[0.197,0.86,0.75,1]},{"time":1.8,"x":0.548,"y":0.548}]},"X2":{"rotate":[{"time":0,"angle":0,"curve":"stepped"},{"time":0.7666,"angle":0,"curve":[0.197,0.86,0.75,1]},{"time":1.8,"angle":-39.78}],"translate":[{"time":0,"x":0,"y":0,"curve":"stepped"},{"time":0.7666,"x":0,"y":0,"curve":[0.197,0.86,0.75,1]},{"time":1.8,"x":6.52,"y":17.18}],"scale":[{"time":0,"x":1,"y":1,"curve":"stepped"},{"time":0.7666,"x":1,"y":1,"curve":[0.197,0.86,0.75,1]},{"time":1.8,"x":0.553,"y":0.553}]},"X10":{"rotate":[{"time":0,"angle":0,"curve":"stepped"},{"time":0.7666,"angle":0,"curve":[0.197,0.86,0.75,1]},{"time":1.8,"angle":-142.4}],"translate":[{"time":0,"x":0,"y":0,"curve":"stepped"},{"time":0.7666,"x":0,"y":0,"curve":[0.197,0.86,0.75,1]},{"time":1.8,"x":10.96,"y":14.22}],"scale":[{"time":0,"x":1,"y":1,"curve":"stepped"},{"time":0.7666,"x":1,"y":1,"curve":[0.197,0.86,0.75,1]},{"time":1.8,"x":0.548,"y":0.548}]},"X11":{"rotate":[{"time":0,"angle":0,"curve":"stepped"},{"time":0.7666,"angle":0,"curve":[0.197,0.86,0.75,1]},{"time":1.8,"angle":-70.15}],"translate":[{"time":0,"x":0,"y":0,"curve":"stepped"},{"time":0.7666,"x":0,"y":0,"curve":[0.197,0.86,0.75,1]},{"time":1.8,"x":7.4,"y":-4.44}],"scale":[{"time":0,"x":1,"y":1,"curve":"stepped"},{"time":0.7666,"x":1,"y":1,"curve":[0.197,0.86,0.75,1]},{"time":1.8,"x":0.559,"y":0.559}]},"X5":{"scale":[{"time":0,"x":0.561,"y":0.561,"curve":[0.25,0,0.75,1]},{"time":1,"x":1.177,"y":1.177,"curve":[0.25,0,0.75,1]},{"time":2,"x":0.561,"y":0.561}]},"X4":{"scale":[{"time":0,"x":0.736,"y":0.736,"curve":[0.382,0.57,0.735,1]},{"time":0.3333,"x":0.561,"y":0.561,"curve":[0.25,0,0.75,1]},{"time":1.3333,"x":1.177,"y":1.177,"curve":[0.243,0,0.648,0.6]},{"time":2,"x":0.736,"y":0.736}]},"X6":{"scale":[{"time":0,"x":1.003,"y":1.003,"curve":[0.351,0.4,0.756,1]},{"time":0.6666,"x":0.561,"y":0.561,"curve":[0.25,0,0.75,1]},{"time":1.6666,"x":1.177,"y":1.177,"curve":[0.264,0,0.617,0.42]},{"time":2,"x":1.003,"y":1.003}]},"X3":{"scale":[{"time":0,"x":1.177,"y":1.177,"curve":[0.25,0,0.75,1]},{"time":1,"x":0.561,"y":0.561,"curve":[0.25,0,0.75,1]},{"time":2,"x":1.177,"y":1.177}]}}}}}