{"skeleton":{"hash":"1f+/UAxT4OpsPQaKTcSARtFkgYo","spine":"3.4.02","width":210,"height":218.27,"images":"./images/"},"bones":[{"name":"root"},{"name":"500590_1","parent":"root","x":-47.65,"y":99.26},{"name":"500590_2","parent":"root","x":40.52,"y":96.01},{"name":"500590_3","parent":"root","x":-7.62,"y":96.01},{"name":"500590_4","parent":"root","x":31.08,"y":82.94,"scaleX":0.58,"scaleY":0.58},{"name":"500590_5","parent":"root","rotation":85.58,"x":-63.92,"y":76.02,"scaleX":0.641,"scaleY":0.641},{"name":"500590_6","parent":"root","rotation":-17.81,"x":59.29,"y":70.31,"scaleX":0.399,"scaleY":0.399},{"name":"guang1","parent":"root","x":-38.41,"y":35.42,"scaleX":0.707,"scaleY":0.707},{"name":"guang2","parent":"root","x":27.25,"y":-20.77,"scaleX":0.611,"scaleY":0.611},{"name":"guang3","parent":"root","x":54.33,"y":42.86,"scaleX":0.76,"scaleY":0.76},{"name":"guang4","parent":"root","x":88.86,"y":19.84,"scaleX":0.539,"scaleY":0.539},{"name":"guang5","parent":"root","x":-93.24,"y":-22.8,"scaleX":0.498,"scaleY":0.498},{"name":"guang6","parent":"root","x":-14.03,"y":-66.8,"scaleX":0.763,"scaleY":0.763},{"name":"guang7","parent":"root","x":-68.87,"y":-91.85,"scaleX":0.723,"scaleY":0.723},{"name":"guang8","parent":"root","x":63.81,"y":-76.96}],"slots":[{"name":"avator_frame_500590","bone":"root","attachment":"avator_frame_500590"},{"name":"500590_1","bone":"500590_1","attachment":"500590_1"},{"name":"500590_4","bone":"500590_4","attachment":"500590_1"},{"name":"500590_2","bone":"500590_2","attachment":"500590_2"},{"name":"500590_6","bone":"500590_6","attachment":"500590_2"},{"name":"500590_3","bone":"500590_3","attachment":"500590_3"},{"name":"500590_5","bone":"500590_5","attachment":"500590_3"},{"name":"guang1","bone":"guang1","attachment":"guang1","blend":"additive"},{"name":"guang2","bone":"guang2","attachment":"guang1","blend":"additive"},{"name":"guang3","bone":"guang3","attachment":"guang1","blend":"additive"},{"name":"guang4","bone":"guang4","attachment":"guang1","blend":"additive"},{"name":"guang5","bone":"guang5","attachment":"guang1","blend":"additive"},{"name":"guang6","bone":"guang6","attachment":"guang1","blend":"additive"},{"name":"guang7","bone":"guang7","attachment":"guang1","blend":"additive"},{"name":"guang8","bone":"guang8","attachment":"guang1","blend":"additive"}],"skins":{"default":{"500590_1":{"500590_1":{"x":-0.72,"y":0.01,"width":29,"height":28}},"500590_2":{"500590_2":{"x":-0.4,"y":-0.29,"width":17,"height":24}},"500590_3":{"500590_3":{"x":1.21,"y":1.08,"width":13,"height":20}},"500590_4":{"500590_1":{"x":-0.72,"y":0.01,"width":29,"height":28}},"500590_5":{"500590_3":{"x":1.21,"y":1.08,"width":13,"height":20}},"500590_6":{"500590_2":{"x":-0.4,"y":-0.29,"width":17,"height":24}},"avator_frame_500590":{"avator_frame_500590":{"width":210,"height":210}},"guang1":{"guang1":{"scaleX":0.112,"scaleY":0.112,"width":200,"height":200}},"guang2":{"guang1":{"scaleX":0.112,"scaleY":0.112,"width":200,"height":200}},"guang3":{"guang1":{"scaleX":0.112,"scaleY":0.112,"width":200,"height":200}},"guang4":{"guang1":{"scaleX":0.112,"scaleY":0.112,"width":200,"height":200}},"guang5":{"guang1":{"scaleX":0.112,"scaleY":0.112,"width":200,"height":200}},"guang6":{"guang1":{"scaleX":0.112,"scaleY":0.112,"width":200,"height":200}},"guang7":{"guang1":{"scaleX":0.112,"scaleY":0.112,"width":200,"height":200}},"guang8":{"guang1":{"scaleX":0.112,"scaleY":0.112,"width":200,"height":200}}}},"animations":{"500590_1":{"slots":{"500590_1":{"color":[{"time":0,"color":"ffffffff","curve":"stepped"},{"time":0.5333,"color":"ffffffff"},{"time":1,"color":"ffffff00","curve":"stepped"},{"time":1.0333,"color":"ffffff00"},{"time":1.5333,"color":"ffffffff","curve":"stepped"},{"time":2,"color":"ffffffff"}]},"500590_2":{"color":[{"time":0,"color":"ffffff00"},{"time":0.5,"color":"ffffffff","curve":"stepped"},{"time":1.5,"color":"ffffffff"},{"time":1.9666,"color":"ffffff00","curve":"stepped"},{"time":2,"color":"ffffff00"}]},"500590_3":{"color":[{"time":0,"color":"ffffff98"},{"time":0.2,"color":"ffffffff","curve":"stepped"},{"time":1.2,"color":"ffffffff"},{"time":1.6666,"color":"ffffff00","curve":"stepped"},{"time":1.7,"color":"ffffff00"},{"time":2,"color":"ffffff98"}]},"500590_4":{"color":[{"time":0,"color":"ffffffff","curve":"stepped"},{"time":0.8666,"color":"ffffffff"},{"time":1.3333,"color":"ffffff00","curve":"stepped"},{"time":1.3666,"color":"ffffff00"},{"time":1.8666,"color":"ffffffff","curve":"stepped"},{"time":2,"color":"ffffffff"}]},"500590_5":{"color":[{"time":0,"color":"ffffffb6"},{"time":0.3333,"color":"ffffff00","curve":"stepped"},{"time":0.3666,"color":"ffffff00"},{"time":0.8666,"color":"ffffffff","curve":"stepped"},{"time":1.8666,"color":"ffffffff"},{"time":2,"color":"ffffffb6"}]},"500590_6":{"color":[{"time":0,"color":"ffffffff","curve":"stepped"},{"time":0.2,"color":"ffffffff"},{"time":0.6666,"color":"ffffff00","curve":"stepped"},{"time":0.7,"color":"ffffff00"},{"time":1.2,"color":"ffffffff","curve":"stepped"},{"time":2,"color":"ffffffff"}]},"guang1":{"color":[{"time":0,"color":"ffffffee","curve":[0.37,0.62,0.709,1]},{"time":0.1666,"color":"ffffffff"},{"time":1.1666,"color":"ffffff55","curve":[0.243,0,0.689,0.75]},{"time":2,"color":"ffffffee"}]},"guang2":{"color":[{"time":0,"color":"ffffff85","curve":[0.382,0.57,0.735,1]},{"time":0.3333,"color":"ffffff55","curve":[0.25,0,0.75,1]},{"time":1.3333,"color":"ffffffff"},{"time":2,"color":"ffffff85"}]},"guang3":{"color":[{"time":0,"color":"ffffff66","curve":[0.37,0.62,0.709,1]},{"time":0.1666,"color":"ffffff55","curve":[0.25,0,0.75,1]},{"time":1.1666,"color":"ffffffff"},{"time":2,"color":"ffffff66"}]},"guang4":{"color":[{"time":0,"color":"ffffff55","curve":[0.25,0,0.75,1]},{"time":1,"color":"ffffffff"},{"time":2,"color":"ffffff55"}]},"guang5":{"color":[{"time":0,"color":"ffffff85","curve":[0.351,0.4,0.756,1]},{"time":0.6666,"color":"ffffffff"},{"time":1.6666,"color":"ffffff55","curve":[0.264,0,0.617,0.42]},{"time":2,"color":"ffffff85"}]},"guang6":{"color":[{"time":0,"color":"ffffff66","curve":[0.31,0.25,0.756,1]},{"time":0.8333,"color":"ffffffff"},{"time":1.8333,"color":"ffffff55","curve":[0.29,0,0.629,0.37]},{"time":2,"color":"ffffff66"}]},"guang7":{"color":[{"time":0,"color":"ffffffaa","curve":[0.375,0.5,0.75,1]},{"time":0.5,"color":"ffffffff"},{"time":1.5,"color":"ffffff55","curve":[0.25,0,0.625,0.5]},{"time":2,"color":"ffffffaa"}]},"guang8":{"color":[{"time":0,"color":"ffffffce","curve":[0.382,0.57,0.735,1]},{"time":0.3333,"color":"ffffffff"},{"time":1.3333,"color":"ffffff55","curve":[0.243,0,0.648,0.6]},{"time":2,"color":"ffffffce"}]}},"bones":{"500590_6":{"rotate":[{"time":0,"angle":-107.2},{"time":0.6666,"angle":197.81},{"time":0.7,"angle":0},{"time":2,"angle":-107.2}],"translate":[{"time":0,"x":1.34,"y":-103.37},{"time":0.6666,"x":2.03,"y":-156.38},{"time":0.7,"x":0,"y":0},{"time":2,"x":1.34,"y":-103.37}]},"500590_5":{"rotate":[{"time":0,"angle":78.4},{"time":0.3333,"angle":94.41},{"time":0.3666,"angle":0},{"time":2,"angle":78.4}],"translate":[{"time":0,"x":1.68,"y":-129.88},{"time":0.3333,"x":2.03,"y":-156.38},{"time":0.3666,"x":0,"y":0},{"time":2,"x":1.68,"y":-129.88}]},"500590_4":{"rotate":[{"time":0,"angle":57.96},{"time":1.3333,"angle":180},{"time":1.3666,"angle":0},{"time":2,"angle":57.96}],"translate":[{"time":0,"x":0.65,"y":-50.36},{"time":1.3333,"x":2.03,"y":-156.38},{"time":1.3666,"x":0,"y":0},{"time":2,"x":0.65,"y":-50.36}]},"500590_3":{"rotate":[{"time":0,"angle":27.45},{"time":1.6666,"angle":180},{"time":1.7,"angle":0},{"time":2,"angle":27.45}],"translate":[{"time":0,"x":0.3,"y":-23.85},{"time":1.6666,"x":2.03,"y":-156.38},{"time":1.7,"x":0,"y":0},{"time":2,"x":0.3,"y":-23.85}]},"500590_2":{"rotate":[{"time":0,"angle":0},{"time":1.9666,"angle":180},{"time":2,"angle":0}],"translate":[{"time":0,"x":0,"y":0},{"time":1.9666,"x":2.03,"y":-156.38},{"time":2,"x":0,"y":0}]},"500590_1":{"rotate":[{"time":0,"angle":88.47},{"time":1,"angle":180},{"time":1.0333,"angle":0},{"time":2,"angle":88.47}],"translate":[{"time":0,"x":0.99,"y":-76.86},{"time":1,"x":2.03,"y":-156.38},{"time":1.0333,"x":0,"y":0},{"time":2,"x":0.99,"y":-76.86}]},"guang8":{"translate":[{"time":0,"x":0,"y":2.62,"curve":[0.382,0.57,0.735,1]},{"time":0.3333,"x":0,"y":0},{"time":1.3333,"x":0,"y":9.26,"curve":[0.243,0,0.648,0.6]},{"time":2,"x":0,"y":2.62}],"scale":[{"time":0,"x":1.066,"y":1.066,"curve":[0.382,0.57,0.735,1]},{"time":0.3333,"x":1,"y":1},{"time":1.3333,"x":1.236,"y":1.236,"curve":[0.243,0,0.648,0.6]},{"time":2,"x":1.066,"y":1.066}]},"guang7":{"translate":[{"time":0,"x":0,"y":6.63,"curve":[0.351,0.4,0.756,1]},{"time":0.6666,"x":0,"y":0},{"time":1.6666,"x":0,"y":9.26,"curve":[0.264,0,0.617,0.42]},{"time":2,"x":0,"y":6.63}],"scale":[{"time":0,"x":1.118,"y":1.118,"curve":[0.375,0.5,0.75,1]},{"time":0.5,"x":1,"y":1},{"time":1.5,"x":1.236,"y":1.236,"curve":[0.25,0,0.625,0.5]},{"time":2,"x":1.118,"y":1.118}]},"guang5":{"translate":[{"time":0,"x":0,"y":6.63,"curve":[0.382,0.57,0.735,1]},{"time":0.3333,"x":0,"y":9.26,"curve":[0.25,0,0.75,1]},{"time":1.3333,"x":0,"y":0},{"time":2,"x":0,"y":6.63}],"scale":[{"time":0,"x":1.178,"y":1.178,"curve":[0.351,0.4,0.756,1]},{"time":0.6666,"x":1,"y":1},{"time":1.6666,"x":1.249,"y":1.249,"curve":[0.264,0,0.617,0.42]},{"time":2,"x":1.178,"y":1.178}]},"guang6":{"translate":[{"time":0,"x":0,"y":9.26,"curve":[0.25,0,0.75,1]},{"time":1,"x":0,"y":0},{"time":2,"x":0,"y":9.26}],"scale":[{"time":0,"x":1.213,"y":1.213,"curve":[0.31,0.25,0.756,1]},{"time":0.8333,"x":1,"y":1},{"time":1.8333,"x":1.236,"y":1.236,"curve":[0.29,0,0.629,0.37]},{"time":2,"x":1.213,"y":1.213}]},"guang4":{"translate":[{"time":0,"x":0,"y":2.62,"curve":[0.351,0.4,0.756,1]},{"time":0.6666,"x":0,"y":9.26,"curve":[0.25,0,0.75,1]},{"time":1.6666,"x":0,"y":0},{"time":2,"x":0,"y":2.62}],"scale":[{"time":0,"x":1.249,"y":1.249,"curve":[0.25,0,0.75,1]},{"time":1,"x":1,"y":1},{"time":2,"x":1.249,"y":1.249}]},"guang3":{"translate":[{"time":0,"x":0,"y":0,"curve":[0.25,0,0.75,1]},{"time":1,"x":0,"y":9.26,"curve":[0.25,0,0.75,1]},{"time":2,"x":0,"y":0}],"scale":[{"time":0,"x":1.213,"y":1.213,"curve":[0.37,0.62,0.709,1]},{"time":0.1666,"x":1.236,"y":1.236,"curve":[0.25,0,0.75,1]},{"time":1.1666,"x":1,"y":1},{"time":2,"x":1.213,"y":1.213}]},"guang2":{"translate":[{"time":0,"x":0,"y":2.62,"curve":[0.382,0.57,0.735,1]},{"time":0.3333,"x":0,"y":0},{"time":1.3333,"x":0,"y":9.26,"curve":[0.243,0,0.648,0.6]},{"time":2,"x":0,"y":2.62}],"scale":[{"time":0,"x":1.178,"y":1.178,"curve":[0.382,0.57,0.735,1]},{"time":0.3333,"x":1.249,"y":1.249,"curve":[0.25,0,0.75,1]},{"time":1.3333,"x":1,"y":1},{"time":2,"x":1.178,"y":1.178}]},"guang1":{"translate":[{"time":0,"x":0,"y":6.63,"curve":[0.351,0.4,0.756,1]},{"time":0.6666,"x":0,"y":0},{"time":1.6666,"x":0,"y":9.26,"curve":[0.264,0,0.617,0.42]},{"time":2,"x":0,"y":6.63}],"scale":[{"time":0,"x":1.022,"y":1.022,"curve":[0.37,0.62,0.709,1]},{"time":0.1666,"x":1,"y":1},{"time":1.1666,"x":1.236,"y":1.236,"curve":[0.243,0,0.689,0.75]},{"time":2,"x":1.022,"y":1.022}]}}}}}