{"skeleton":{"hash":"W6Wbvd0BlWLM0w6hCcAjfVC+3D4","spine":"3.4.02","width":210,"height":210,"images":"./images/"},"bones":[{"name":"root"},{"name":"avator_frame_500301","parent":"root"},{"name":"lingt","parent":"root","rotation":-40.77,"x":4.38,"y":-3.83},{"name":"maobi","parent":"root","length":45.94,"rotation":112.03,"x":-66.59,"y":-68.73},{"name":"mianji","parent":"root","length":81.62,"rotation":89.99,"x":-0.68,"y":-36.28},{"name":"ps_lizi2_11","parent":"root","length":111.55,"rotation":-50.3,"x":-75.11,"y":-39.19,"scaleX":-1.3,"scaleY":1.3},{"name":"ps_lizi2_12","parent":"root","length":111.55,"rotation":-50.3,"x":-75.11,"y":-39.19,"scaleX":-1.3,"scaleY":1.3},{"name":"ps_lizi2_13","parent":"root","length":111.55,"rotation":-50.3,"x":-75.11,"y":-39.19,"scaleX":-1.3,"scaleY":1.3}],"slots":[{"name":"mianji","bone":"mianji","attachment":"mianji"},{"name":"lingt","bone":"lingt","attachment":"lingt"},{"name":"avator_frame_500301","bone":"avator_frame_500301","attachment":"avator_frame_500301"},{"name":"maobi","bone":"maobi","attachment":"maobi"},{"name":"ps_lizi2_11","bone":"ps_lizi2_11","blend":"additive"},{"name":"ps_lizi2_12","bone":"ps_lizi2_12","blend":"additive"},{"name":"ps_lizi2_13","bone":"ps_lizi2_13","blend":"additive"}],"skins":{"default":{"avator_frame_500301":{"avator_frame_500301":{"width":210,"height":210}},"lingt":{"lingt":{"x":-5.82,"y":0.04,"rotation":40.77,"width":210,"height":210}},"maobi":{"maobi":{"x":22.1,"y":-1.42,"rotation":-112.03,"width":44,"height":92}},"mianji":{"mianji":{"x":36.28,"y":-0.68,"rotation":-89.99,"width":169,"height":168}},"ps_lizi2_11":{"ps_lizi2_11":{"rotation":-57.96,"width":53,"height":96},"ps_lizi2_13":{"rotation":-57.96,"width":53,"height":96},"ps_lizi2_15":{"rotation":-57.96,"width":53,"height":96},"ps_lizi2_17":{"rotation":-57.96,"width":53,"height":96},"ps_lizi2_19":{"rotation":-57.96,"width":53,"height":96},"ps_lizi2_21":{"rotation":-57.96,"width":53,"height":96},"ps_lizi2_23":{"rotation":-57.96,"width":53,"height":96},"ps_lizi2_25":{"rotation":-57.96,"width":53,"height":96},"ps_lizi2_27":{"rotation":-57.96,"width":53,"height":96},"ps_lizi2_29":{"rotation":-57.96,"width":53,"height":96},"ps_lizi2_31":{"rotation":-57.96,"width":53,"height":96},"ps_lizi2_33":{"rotation":-57.96,"width":53,"height":96},"ps_lizi2_35":{"rotation":-57.96,"width":53,"height":96},"ps_lizi2_37":{"rotation":-57.96,"width":53,"height":96},"ps_lizi2_39":{"rotation":-57.96,"width":53,"height":96},"ps_lizi2_41":{"rotation":-57.96,"width":53,"height":96},"ps_lizi2_43":{"rotation":-57.96,"width":53,"height":96},"ps_lizi2_45":{"rotation":-57.96,"width":53,"height":96},"ps_lizi2_47":{"rotation":-57.96,"width":53,"height":96},"ps_lizi2_49":{"rotation":-57.96,"width":53,"height":96}},"ps_lizi2_12":{"ps_lizi2_11":{"rotation":-57.96,"width":53,"height":96},"ps_lizi2_13":{"rotation":-57.96,"width":53,"height":96},"ps_lizi2_15":{"rotation":-57.96,"width":53,"height":96},"ps_lizi2_17":{"rotation":-57.96,"width":53,"height":96},"ps_lizi2_19":{"rotation":-57.96,"width":53,"height":96},"ps_lizi2_21":{"rotation":-57.96,"width":53,"height":96},"ps_lizi2_23":{"rotation":-57.96,"width":53,"height":96},"ps_lizi2_25":{"rotation":-57.96,"width":53,"height":96},"ps_lizi2_27":{"rotation":-57.96,"width":53,"height":96},"ps_lizi2_29":{"rotation":-57.96,"width":53,"height":96},"ps_lizi2_31":{"rotation":-57.96,"width":53,"height":96},"ps_lizi2_33":{"rotation":-57.96,"width":53,"height":96},"ps_lizi2_35":{"rotation":-57.96,"width":53,"height":96},"ps_lizi2_37":{"rotation":-57.96,"width":53,"height":96},"ps_lizi2_39":{"rotation":-57.96,"width":53,"height":96},"ps_lizi2_41":{"rotation":-57.96,"width":53,"height":96},"ps_lizi2_43":{"rotation":-57.96,"width":53,"height":96},"ps_lizi2_45":{"rotation":-57.96,"width":53,"height":96},"ps_lizi2_47":{"rotation":-57.96,"width":53,"height":96},"ps_lizi2_49":{"rotation":-57.96,"width":53,"height":96}},"ps_lizi2_13":{"ps_lizi2_11":{"rotation":-57.96,"width":53,"height":96},"ps_lizi2_13":{"rotation":-57.96,"width":53,"height":96},"ps_lizi2_15":{"rotation":-57.96,"width":53,"height":96},"ps_lizi2_17":{"rotation":-57.96,"width":53,"height":96},"ps_lizi2_19":{"rotation":-57.96,"width":53,"height":96},"ps_lizi2_21":{"rotation":-57.96,"width":53,"height":96},"ps_lizi2_23":{"rotation":-57.96,"width":53,"height":96},"ps_lizi2_25":{"rotation":-57.96,"width":53,"height":96},"ps_lizi2_27":{"rotation":-57.96,"width":53,"height":96},"ps_lizi2_29":{"rotation":-57.96,"width":53,"height":96},"ps_lizi2_31":{"rotation":-57.96,"width":53,"height":96},"ps_lizi2_33":{"rotation":-57.96,"width":53,"height":96},"ps_lizi2_35":{"rotation":-57.96,"width":53,"height":96},"ps_lizi2_37":{"rotation":-57.96,"width":53,"height":96},"ps_lizi2_39":{"rotation":-57.96,"width":53,"height":96},"ps_lizi2_41":{"rotation":-57.96,"width":53,"height":96},"ps_lizi2_43":{"rotation":-57.96,"width":53,"height":96},"ps_lizi2_45":{"rotation":-57.96,"width":53,"height":96},"ps_lizi2_47":{"rotation":-57.96,"width":53,"height":96},"ps_lizi2_49":{"rotation":-57.96,"width":53,"height":96}}}},"animations":{"500301_1":{"slots":{"lingt":{"color":[{"time":0,"color":"ffffff00","curve":"stepped"},{"time":3.6666,"color":"ffffff00"},{"time":3.7666,"color":"ffffffff","curve":"stepped"},{"time":4.1,"color":"ffffffff"},{"time":4.2,"color":"ffffff00","curve":"stepped"},{"time":6,"color":"ffffff00"},{"time":6.1,"color":"ffffffff","curve":"stepped"},{"time":6.4333,"color":"ffffffff"},{"time":6.5333,"color":"ffffff00"}]},"mianji":{"color":[{"time":0,"color":"ffffff00","curve":"stepped"},{"time":3.6666,"color":"ffffff00"},{"time":4,"color":"ffffffff","curve":"stepped"},{"time":6.1666,"color":"ffffffff"},{"time":6.5,"color":"ffffff00"}]},"ps_lizi2_11":{"color":[{"time":0,"color":"ffffff00"},{"time":0.2666,"color":"ffffffff","curve":"stepped"},{"time":1.0666,"color":"ffffffff"},{"time":1.3333,"color":"ffffff00","curve":"stepped"},{"time":2,"color":"ffffff00"},{"time":2.2666,"color":"ffffffff","curve":"stepped"},{"time":3.0666,"color":"ffffffff"},{"time":3.3333,"color":"ffffff00","curve":"stepped"},{"time":4,"color":"ffffff00"},{"time":4.2666,"color":"ffffffff","curve":"stepped"},{"time":5.0666,"color":"ffffffff"},{"time":5.3333,"color":"ffffff00","curve":"stepped"},{"time":6,"color":"ffffff00"},{"time":6.2666,"color":"ffffffff","curve":"stepped"},{"time":7.0666,"color":"ffffffff"},{"time":7.3333,"color":"ffffff00"}],"attachment":[{"time":0,"name":"ps_lizi2_11"},{"time":0.0666,"name":"ps_lizi2_13"},{"time":0.1333,"name":"ps_lizi2_15"},{"time":0.2,"name":"ps_lizi2_17"},{"time":0.2666,"name":"ps_lizi2_19"},{"time":0.3333,"name":"ps_lizi2_21"},{"time":0.4,"name":"ps_lizi2_23"},{"time":0.4666,"name":"ps_lizi2_25"},{"time":0.5333,"name":"ps_lizi2_27"},{"time":0.6,"name":"ps_lizi2_29"},{"time":0.6666,"name":"ps_lizi2_31"},{"time":0.7333,"name":"ps_lizi2_33"},{"time":0.8,"name":"ps_lizi2_35"},{"time":0.8666,"name":"ps_lizi2_37"},{"time":0.9333,"name":"ps_lizi2_39"},{"time":1,"name":"ps_lizi2_41"},{"time":1.0666,"name":"ps_lizi2_43"},{"time":1.1333,"name":"ps_lizi2_45"},{"time":1.2,"name":"ps_lizi2_47"},{"time":1.2666,"name":"ps_lizi2_49"},{"time":1.3333,"name":null},{"time":2,"name":"ps_lizi2_11"},{"time":2.0666,"name":"ps_lizi2_13"},{"time":2.1333,"name":"ps_lizi2_15"},{"time":2.2,"name":"ps_lizi2_17"},{"time":2.2666,"name":"ps_lizi2_19"},{"time":2.3333,"name":"ps_lizi2_21"},{"time":2.4,"name":"ps_lizi2_23"},{"time":2.4666,"name":"ps_lizi2_25"},{"time":2.5333,"name":"ps_lizi2_27"},{"time":2.6,"name":"ps_lizi2_29"},{"time":2.6666,"name":"ps_lizi2_31"},{"time":2.7333,"name":"ps_lizi2_33"},{"time":2.8,"name":"ps_lizi2_35"},{"time":2.8666,"name":"ps_lizi2_37"},{"time":2.9333,"name":"ps_lizi2_39"},{"time":3,"name":"ps_lizi2_41"},{"time":3.0666,"name":"ps_lizi2_43"},{"time":3.1333,"name":"ps_lizi2_45"},{"time":3.2,"name":"ps_lizi2_47"},{"time":3.2666,"name":"ps_lizi2_49"},{"time":3.3333,"name":null},{"time":4,"name":"ps_lizi2_11"},{"time":4.0666,"name":"ps_lizi2_13"},{"time":4.1333,"name":"ps_lizi2_15"},{"time":4.2,"name":"ps_lizi2_17"},{"time":4.2666,"name":"ps_lizi2_19"},{"time":4.3333,"name":"ps_lizi2_21"},{"time":4.4,"name":"ps_lizi2_23"},{"time":4.4666,"name":"ps_lizi2_25"},{"time":4.5333,"name":"ps_lizi2_27"},{"time":4.6,"name":"ps_lizi2_29"},{"time":4.6666,"name":"ps_lizi2_31"},{"time":4.7333,"name":"ps_lizi2_33"},{"time":4.8,"name":"ps_lizi2_35"},{"time":4.8666,"name":"ps_lizi2_37"},{"time":4.9333,"name":"ps_lizi2_39"},{"time":5,"name":"ps_lizi2_41"},{"time":5.0666,"name":"ps_lizi2_43"},{"time":5.1333,"name":"ps_lizi2_45"},{"time":5.2,"name":"ps_lizi2_47"},{"time":5.2666,"name":"ps_lizi2_49"},{"time":5.3333,"name":null},{"time":6,"name":"ps_lizi2_11"},{"time":6.0666,"name":"ps_lizi2_13"},{"time":6.1333,"name":"ps_lizi2_15"},{"time":6.2,"name":"ps_lizi2_17"},{"time":6.2666,"name":"ps_lizi2_19"},{"time":6.3333,"name":"ps_lizi2_21"},{"time":6.4,"name":"ps_lizi2_23"},{"time":6.4666,"name":"ps_lizi2_25"},{"time":6.5333,"name":"ps_lizi2_27"},{"time":6.6,"name":"ps_lizi2_29"},{"time":6.6666,"name":"ps_lizi2_31"},{"time":6.7333,"name":"ps_lizi2_33"},{"time":6.8,"name":"ps_lizi2_35"},{"time":6.8666,"name":"ps_lizi2_37"},{"time":6.9333,"name":"ps_lizi2_39"},{"time":7,"name":"ps_lizi2_41"},{"time":7.0666,"name":"ps_lizi2_43"},{"time":7.1333,"name":"ps_lizi2_45"},{"time":7.2,"name":"ps_lizi2_47"},{"time":7.2666,"name":"ps_lizi2_49"},{"time":7.3333,"name":null}]},"ps_lizi2_12":{"color":[{"time":0,"color":"ffffff00","curve":"stepped"},{"time":0.6666,"color":"ffffff00"},{"time":0.9333,"color":"ffffffff","curve":"stepped"},{"time":1.7333,"color":"ffffffff"},{"time":2,"color":"ffffff00","curve":"stepped"},{"time":2.6666,"color":"ffffff00"},{"time":2.9333,"color":"ffffffff","curve":"stepped"},{"time":3.7333,"color":"ffffffff"},{"time":4,"color":"ffffff00","curve":"stepped"},{"time":4.6666,"color":"ffffff00"},{"time":4.9333,"color":"ffffffff","curve":"stepped"},{"time":5.7333,"color":"ffffffff"},{"time":6,"color":"ffffff00","curve":"stepped"},{"time":6.6666,"color":"ffffff00"},{"time":6.9333,"color":"ffffffff","curve":"stepped"},{"time":7.7333,"color":"ffffffff"},{"time":8,"color":"ffffff00"}],"attachment":[{"time":0,"name":"ps_lizi2_11"},{"time":0.6666,"name":"ps_lizi2_11"},{"time":0.7333,"name":"ps_lizi2_13"},{"time":0.8,"name":"ps_lizi2_15"},{"time":0.8666,"name":"ps_lizi2_17"},{"time":0.9333,"name":"ps_lizi2_19"},{"time":1,"name":"ps_lizi2_21"},{"time":1.0666,"name":"ps_lizi2_23"},{"time":1.1333,"name":"ps_lizi2_25"},{"time":1.2,"name":"ps_lizi2_27"},{"time":1.2666,"name":"ps_lizi2_29"},{"time":1.3333,"name":"ps_lizi2_31"},{"time":1.4,"name":"ps_lizi2_33"},{"time":1.4666,"name":"ps_lizi2_35"},{"time":1.5333,"name":"ps_lizi2_37"},{"time":1.6,"name":"ps_lizi2_39"},{"time":1.6666,"name":"ps_lizi2_41"},{"time":1.7333,"name":"ps_lizi2_43"},{"time":1.8,"name":"ps_lizi2_45"},{"time":1.8666,"name":"ps_lizi2_47"},{"time":1.9333,"name":"ps_lizi2_49"},{"time":2,"name":"ps_lizi2_11"},{"time":2.6666,"name":"ps_lizi2_11"},{"time":2.7333,"name":"ps_lizi2_13"},{"time":2.8,"name":"ps_lizi2_15"},{"time":2.8666,"name":"ps_lizi2_17"},{"time":2.9333,"name":"ps_lizi2_19"},{"time":3,"name":"ps_lizi2_21"},{"time":3.0666,"name":"ps_lizi2_23"},{"time":3.1333,"name":"ps_lizi2_25"},{"time":3.2,"name":"ps_lizi2_27"},{"time":3.2666,"name":"ps_lizi2_29"},{"time":3.3333,"name":"ps_lizi2_31"},{"time":3.4,"name":"ps_lizi2_33"},{"time":3.4666,"name":"ps_lizi2_35"},{"time":3.5333,"name":"ps_lizi2_37"},{"time":3.6,"name":"ps_lizi2_39"},{"time":3.6666,"name":"ps_lizi2_41"},{"time":3.7333,"name":"ps_lizi2_43"},{"time":3.8,"name":"ps_lizi2_45"},{"time":3.8666,"name":"ps_lizi2_47"},{"time":3.9333,"name":"ps_lizi2_49"},{"time":4,"name":"ps_lizi2_11"},{"time":4.6666,"name":"ps_lizi2_11"},{"time":4.7333,"name":"ps_lizi2_13"},{"time":4.8,"name":"ps_lizi2_15"},{"time":4.8666,"name":"ps_lizi2_17"},{"time":4.9333,"name":"ps_lizi2_19"},{"time":5,"name":"ps_lizi2_21"},{"time":5.0666,"name":"ps_lizi2_23"},{"time":5.1333,"name":"ps_lizi2_25"},{"time":5.2,"name":"ps_lizi2_27"},{"time":5.2666,"name":"ps_lizi2_29"},{"time":5.3333,"name":"ps_lizi2_31"},{"time":5.4,"name":"ps_lizi2_33"},{"time":5.4666,"name":"ps_lizi2_35"},{"time":5.5333,"name":"ps_lizi2_37"},{"time":5.6,"name":"ps_lizi2_39"},{"time":5.6666,"name":"ps_lizi2_41"},{"time":5.7333,"name":"ps_lizi2_43"},{"time":5.8,"name":"ps_lizi2_45"},{"time":5.8666,"name":"ps_lizi2_47"},{"time":5.9333,"name":"ps_lizi2_49"},{"time":6,"name":"ps_lizi2_11"},{"time":6.6666,"name":"ps_lizi2_11"},{"time":6.7333,"name":"ps_lizi2_13"},{"time":6.8,"name":"ps_lizi2_15"},{"time":6.8666,"name":"ps_lizi2_17"},{"time":6.9333,"name":"ps_lizi2_19"},{"time":7,"name":"ps_lizi2_21"},{"time":7.0666,"name":"ps_lizi2_23"},{"time":7.1333,"name":"ps_lizi2_25"},{"time":7.2,"name":"ps_lizi2_27"},{"time":7.2666,"name":"ps_lizi2_29"},{"time":7.3333,"name":"ps_lizi2_31"},{"time":7.4,"name":"ps_lizi2_33"},{"time":7.4666,"name":"ps_lizi2_35"},{"time":7.5333,"name":"ps_lizi2_37"},{"time":7.6,"name":"ps_lizi2_39"},{"time":7.6666,"name":"ps_lizi2_41"},{"time":7.7333,"name":"ps_lizi2_43"},{"time":7.8,"name":"ps_lizi2_45"},{"time":7.8666,"name":"ps_lizi2_47"},{"time":7.9333,"name":"ps_lizi2_49"},{"time":8,"name":null}]},"ps_lizi2_13":{"color":[{"time":0,"color":"ffffffff","curve":"stepped"},{"time":0.4,"color":"ffffffff"},{"time":0.6666,"color":"ffffff00","curve":"stepped"},{"time":1.3333,"color":"ffffff00"},{"time":1.6,"color":"ffffffff","curve":"stepped"},{"time":2,"color":"ffffffff","curve":"stepped"},{"time":2.4,"color":"ffffffff"},{"time":2.6666,"color":"ffffff00","curve":"stepped"},{"time":3.3333,"color":"ffffff00"},{"time":3.6,"color":"ffffffff","curve":"stepped"},{"time":4,"color":"ffffffff","curve":"stepped"},{"time":4.4,"color":"ffffffff"},{"time":4.6666,"color":"ffffff00","curve":"stepped"},{"time":5.3333,"color":"ffffff00"},{"time":5.6,"color":"ffffffff","curve":"stepped"},{"time":6,"color":"ffffffff","curve":"stepped"},{"time":6.4,"color":"ffffffff"},{"time":6.6666,"color":"ffffff00","curve":"stepped"},{"time":7.3333,"color":"ffffff00"},{"time":7.6,"color":"ffffffff","curve":"stepped"},{"time":8,"color":"ffffffff"}],"attachment":[{"time":0,"name":"ps_lizi2_31"},{"time":0.0666,"name":"ps_lizi2_33"},{"time":0.1333,"name":"ps_lizi2_35"},{"time":0.2,"name":"ps_lizi2_37"},{"time":0.2666,"name":"ps_lizi2_39"},{"time":0.3333,"name":"ps_lizi2_41"},{"time":0.4,"name":"ps_lizi2_43"},{"time":0.4666,"name":"ps_lizi2_45"},{"time":0.5333,"name":"ps_lizi2_47"},{"time":0.6,"name":"ps_lizi2_49"},{"time":0.6666,"name":null},{"time":1.3333,"name":"ps_lizi2_11"},{"time":1.4,"name":"ps_lizi2_13"},{"time":1.4666,"name":"ps_lizi2_15"},{"time":1.5333,"name":"ps_lizi2_17"},{"time":1.6,"name":"ps_lizi2_19"},{"time":1.6666,"name":"ps_lizi2_21"},{"time":1.7333,"name":"ps_lizi2_23"},{"time":1.8,"name":"ps_lizi2_25"},{"time":1.8666,"name":"ps_lizi2_27"},{"time":1.9333,"name":"ps_lizi2_29"},{"time":2,"name":"ps_lizi2_31"},{"time":2.0666,"name":"ps_lizi2_33"},{"time":2.1333,"name":"ps_lizi2_35"},{"time":2.2,"name":"ps_lizi2_37"},{"time":2.2666,"name":"ps_lizi2_39"},{"time":2.3333,"name":"ps_lizi2_41"},{"time":2.4,"name":"ps_lizi2_43"},{"time":2.4666,"name":"ps_lizi2_45"},{"time":2.5333,"name":"ps_lizi2_47"},{"time":2.6,"name":"ps_lizi2_49"},{"time":2.6666,"name":null},{"time":3.3333,"name":"ps_lizi2_11"},{"time":3.4,"name":"ps_lizi2_13"},{"time":3.4666,"name":"ps_lizi2_15"},{"time":3.5333,"name":"ps_lizi2_17"},{"time":3.6,"name":"ps_lizi2_19"},{"time":3.6666,"name":"ps_lizi2_21"},{"time":3.7333,"name":"ps_lizi2_23"},{"time":3.8,"name":"ps_lizi2_25"},{"time":3.8666,"name":"ps_lizi2_27"},{"time":3.9333,"name":"ps_lizi2_29"},{"time":4,"name":"ps_lizi2_31"},{"time":4.0666,"name":"ps_lizi2_33"},{"time":4.1333,"name":"ps_lizi2_35"},{"time":4.2,"name":"ps_lizi2_37"},{"time":4.2666,"name":"ps_lizi2_39"},{"time":4.3333,"name":"ps_lizi2_41"},{"time":4.4,"name":"ps_lizi2_43"},{"time":4.4666,"name":"ps_lizi2_45"},{"time":4.5333,"name":"ps_lizi2_47"},{"time":4.6,"name":"ps_lizi2_49"},{"time":4.6666,"name":null},{"time":5.3333,"name":"ps_lizi2_11"},{"time":5.4,"name":"ps_lizi2_13"},{"time":5.4666,"name":"ps_lizi2_15"},{"time":5.5333,"name":"ps_lizi2_17"},{"time":5.6,"name":"ps_lizi2_19"},{"time":5.6666,"name":"ps_lizi2_21"},{"time":5.7333,"name":"ps_lizi2_23"},{"time":5.8,"name":"ps_lizi2_25"},{"time":5.8666,"name":"ps_lizi2_27"},{"time":5.9333,"name":"ps_lizi2_29"},{"time":6,"name":"ps_lizi2_31"},{"time":6.0666,"name":"ps_lizi2_33"},{"time":6.1333,"name":"ps_lizi2_35"},{"time":6.2,"name":"ps_lizi2_37"},{"time":6.2666,"name":"ps_lizi2_39"},{"time":6.3333,"name":"ps_lizi2_41"},{"time":6.4,"name":"ps_lizi2_43"},{"time":6.4666,"name":"ps_lizi2_45"},{"time":6.5333,"name":"ps_lizi2_47"},{"time":6.6,"name":"ps_lizi2_49"},{"time":6.6666,"name":null},{"time":7.3333,"name":"ps_lizi2_11"},{"time":7.4,"name":"ps_lizi2_13"},{"time":7.4666,"name":"ps_lizi2_15"},{"time":7.5333,"name":"ps_lizi2_17"},{"time":7.6,"name":"ps_lizi2_19"},{"time":7.6666,"name":"ps_lizi2_21"},{"time":7.7333,"name":"ps_lizi2_23"},{"time":7.8,"name":"ps_lizi2_25"},{"time":7.8666,"name":"ps_lizi2_27"},{"time":7.9333,"name":"ps_lizi2_29"},{"time":8,"name":"ps_lizi2_31"}]}},"bones":{"maobi":{"translate":[{"time":0,"x":0,"y":0,"curve":[0.25,0,0.75,1]},{"time":1,"x":-3.29,"y":8.14,"curve":[0.25,0,0.75,1]},{"time":2,"x":0,"y":0,"curve":[0.25,0,0.75,1]},{"time":3,"x":-3.29,"y":8.14,"curve":[0.25,0,0.75,1]},{"time":4,"x":0,"y":0,"curve":[0.25,0,0.75,1]},{"time":5,"x":-3.29,"y":8.14,"curve":[0.25,0,0.75,1]},{"time":6,"x":0,"y":0,"curve":[0.25,0,0.75,1]},{"time":7,"x":-3.29,"y":8.14,"curve":[0.25,0,0.75,1]},{"time":8,"x":0,"y":0}]},"ps_lizi2_11":{"translate":[{"time":0,"x":0,"y":0,"curve":"stepped"},{"time":2,"x":0,"y":0,"curve":"stepped"},{"time":4,"x":0,"y":0,"curve":"stepped"},{"time":6,"x":0,"y":0}]},"ps_lizi2_12":{"rotate":[{"time":0,"angle":4.19,"curve":"stepped"},{"time":0.6666,"angle":4.19,"curve":"stepped"},{"time":2,"angle":4.19,"curve":"stepped"},{"time":2.6666,"angle":4.19,"curve":"stepped"},{"time":4,"angle":4.19,"curve":"stepped"},{"time":4.6666,"angle":4.19,"curve":"stepped"},{"time":6,"angle":4.19,"curve":"stepped"},{"time":6.6666,"angle":4.19}],"translate":[{"time":0,"x":-8.9,"y":-6.85,"curve":"stepped"},{"time":0.6666,"x":-8.9,"y":-6.85,"curve":"stepped"},{"time":2,"x":-8.9,"y":-6.85,"curve":"stepped"},{"time":2.6666,"x":-8.9,"y":-6.85,"curve":"stepped"},{"time":4,"x":-8.9,"y":-6.85,"curve":"stepped"},{"time":4.6666,"x":-8.9,"y":-6.85,"curve":"stepped"},{"time":6,"x":-8.9,"y":-6.85,"curve":"stepped"},{"time":6.6666,"x":-8.9,"y":-6.85}],"scale":[{"time":0,"x":0.769,"y":0.769,"curve":"stepped"},{"time":0.6666,"x":0.769,"y":0.769,"curve":"stepped"},{"time":2,"x":0.769,"y":0.769,"curve":"stepped"},{"time":2.6666,"x":0.769,"y":0.769,"curve":"stepped"},{"time":4,"x":0.769,"y":0.769,"curve":"stepped"},{"time":4.6666,"x":0.769,"y":0.769,"curve":"stepped"},{"time":6,"x":0.769,"y":0.769,"curve":"stepped"},{"time":6.6666,"x":0.769,"y":0.769}]},"ps_lizi2_13":{"rotate":[{"time":0,"angle":150.09,"curve":"stepped"},{"time":2,"angle":150.09,"curve":"stepped"},{"time":4,"angle":150.09,"curve":"stepped"},{"time":6,"angle":150.09}],"translate":[{"time":0,"x":-2.74,"y":-7.53,"curve":"stepped"},{"time":2,"x":-2.74,"y":-7.53,"curve":"stepped"},{"time":4,"x":-2.74,"y":-7.53,"curve":"stepped"},{"time":6,"x":-2.74,"y":-7.53}],"scale":[{"time":0,"x":-1,"y":1,"curve":"stepped"},{"time":2,"x":-1,"y":1,"curve":"stepped"},{"time":4,"x":-1,"y":1,"curve":"stepped"},{"time":6,"x":-1,"y":1}]},"lingt":{"translate":[{"time":0,"x":-58.52,"y":50.47,"curve":"stepped"},{"time":3.6666,"x":-58.52,"y":50.47,"curve":[0,0.29,0.783,0.86]},{"time":3.9333,"x":-2.42,"y":2.08,"curve":[0.216,0.12,1,0.7]},{"time":4.2,"x":56.39,"y":-48.63},{"time":6,"x":-58.52,"y":50.47,"curve":[0,0.29,0.783,0.86]},{"time":6.2666,"x":-2.42,"y":2.08,"curve":[0.216,0.12,1,0.7]},{"time":6.5333,"x":56.39,"y":-48.63}],"scale":[{"time":0,"x":0.4,"y":0.4,"curve":"stepped"},{"time":3.6666,"x":0.4,"y":0.4,"curve":[0,0.29,0.783,0.86]},{"time":3.9333,"x":1,"y":1,"curve":[0.216,0.12,1,0.7]},{"time":4.2,"x":0.4,"y":0.4,"curve":"stepped"},{"time":6,"x":0.4,"y":0.4,"curve":[0,0.29,0.783,0.86]},{"time":6.2666,"x":1,"y":1,"curve":[0.216,0.12,1,0.7]},{"time":6.5333,"x":0.4,"y":0.4}]},"mianji":{"translate":[{"time":0,"x":0,"y":0}]}}}}}