{"skeleton":{"hash":"K48P0tuHEuOyIH0PbLomWsJBGyE","spine":"3.4.02","width":258.23,"height":220.3,"images":"./20周年庆头像框/"},"bones":[{"name":"root"},{"name":"1","parent":"root","x":7.97,"y":125.89,"scaleX":0.359,"scaleY":0.359},{"name":"2","parent":"root","x":40.41,"y":177.02,"scaleX":0.248,"scaleY":0.248},{"name":"3","parent":"root","x":40.41,"y":125.89,"scaleX":0.308,"scaleY":0.308},{"name":"4","parent":"root","x":-66.74,"y":167.19,"scaleX":0.207,"scaleY":0.207},{"name":"5","parent":"root","x":-43.15,"y":204.55,"scaleX":0.207,"scaleY":0.207},{"name":"6","parent":"root","x":-21.52,"y":148.51,"scaleX":0.207,"scaleY":0.207},{"name":"7","parent":"root","x":-67.27,"y":148.51,"scaleX":0.201,"scaleY":0.201},{"name":"8","parent":"root","x":89.91,"y":148.51,"scaleX":0.233,"scaleY":0.233},{"name":"9","parent":"root","x":89.91,"y":212.71,"scaleX":0.276,"scaleY":0.276},{"name":"10","parent":"root","x":-113.03,"y":120.46,"scaleX":0.18,"scaleY":0.18},{"name":"11","parent":"root","x":-102.7,"y":187.62,"scaleX":0.19,"scaleY":0.19},{"name":"light","parent":"root","x":84.95,"y":-11.2,"scaleX":1.395,"scaleY":1.395},{"name":"light2","parent":"root","x":49.33,"y":71.47,"scaleX":0.865,"scaleY":0.865},{"name":"light3","parent":"root","x":-10.44,"y":59.39,"scaleX":0.981,"scaleY":0.981},{"name":"lu","parent":"root","length":24.99,"rotation":75.25,"x":184.99,"y":106.66}],"slots":[{"name":"avator_icon_500350","bone":"root"},{"name":"avator_frame_500348","bone":"root"},{"name":"light","bone":"light","color":"ffffff00","attachment":"light","blend":"additive"},{"name":"light2","bone":"light2","color":"ffffff00","attachment":"light","blend":"additive"},{"name":"light3","bone":"light3","color":"ffffff00","attachment":"light","blend":"additive"},{"name":"lu","bone":"lu"},{"name":"1","bone":"1"},{"name":"2","bone":"2"},{"name":"3","bone":"3"},{"name":"4","bone":"4"},{"name":"5","bone":"5"},{"name":"6","bone":"6"},{"name":"7","bone":"7"},{"name":"8","bone":"8"},{"name":"9","bone":"9"},{"name":"10","bone":"10"},{"name":"11","bone":"11"}],"skins":{"default":{"1":{"1":{"x":0.72,"y":2.78,"width":50,"height":50}},"10":{"1":{"x":0.72,"y":2.78,"width":50,"height":50}},"11":{"1":{"x":0.72,"y":2.78,"width":50,"height":50}},"2":{"1":{"x":0.72,"y":2.78,"width":50,"height":50}},"3":{"1":{"x":0.72,"y":2.78,"width":50,"height":50}},"4":{"1":{"x":0.72,"y":2.78,"width":50,"height":50}},"5":{"1":{"x":0.72,"y":2.78,"width":50,"height":50}},"6":{"1":{"x":0.72,"y":2.78,"width":50,"height":50}},"7":{"1":{"x":0.72,"y":2.78,"width":50,"height":50}},"8":{"1":{"x":0.72,"y":2.78,"width":50,"height":50}},"9":{"1":{"x":0.72,"y":2.78,"width":50,"height":50}},"light":{"light":{"x":-1.06,"y":0.64,"width":100,"height":100}},"light2":{"light":{"x":-1.06,"y":0.64,"width":100,"height":100}},"light3":{"light":{"x":-1.06,"y":0.64,"width":100,"height":100}},"lu":{"lu":{"x":28.8,"y":1.89,"rotation":-75.25,"width":66,"height":76}}}},"animations":{"500348_1":{"slots":{"1":{"color":[{"time":0,"color":"ffffff00"},{"time":0.8,"color":"ffffffff","curve":"stepped"},{"time":1.8333,"color":"ffffffff"},{"time":2.1666,"color":"ffffff00","curve":"stepped"},{"time":2.2,"color":"ffffff00","curve":"stepped"},{"time":3.6,"color":"ffffff00"}],"attachment":[{"time":0,"name":"1"}]},"2":{"color":[{"time":0,"color":"ffffff00","curve":"stepped"},{"time":0.0333,"color":"ffffff00","curve":"stepped"},{"time":1.7666,"color":"ffffff00"},{"time":2.1,"color":"ffffffff","curve":"stepped"},{"time":3.2666,"color":"ffffffff"},{"time":3.6,"color":"ffffff00"}],"attachment":[{"time":0,"name":"1"}]},"3":{"color":[{"time":0,"color":"ffffffff","curve":"stepped"},{"time":1.1,"color":"ffffffff"},{"time":1.4333,"color":"ffffff00","curve":"stepped"},{"time":1.4666,"color":"ffffff00","curve":"stepped"},{"time":2.5,"color":"ffffff00"},{"time":3.1333,"color":"ffffffff","curve":"stepped"},{"time":3.6,"color":"ffffffff"}],"attachment":[{"time":0,"name":"1"}]},"4":{"color":[{"time":0,"color":"ffffff00"},{"time":0.3333,"color":"ffffffff","curve":"stepped"},{"time":1.6333,"color":"ffffffff"},{"time":2.1666,"color":"ffffff00","curve":"stepped"},{"time":2.2,"color":"ffffff00","curve":"stepped"},{"time":3.6,"color":"ffffff00"}],"attachment":[{"time":0,"name":"1"}]},"5":{"color":[{"time":0,"color":"ffffffb9"},{"time":0.2,"color":"ffffffff","curve":"stepped"},{"time":1.3666,"color":"ffffffff"},{"time":2.0333,"color":"ffffff00","curve":"stepped"},{"time":2.0666,"color":"ffffff00","curve":"stepped"},{"time":3.0666,"color":"ffffff00"},{"time":3.6,"color":"ffffffb9"}],"attachment":[{"time":0,"name":"1"}]},"6":{"color":[{"time":0,"color":"ffffff00"},{"time":0.3333,"color":"ffffffff","curve":"stepped"},{"time":2.3,"color":"ffffffff"},{"time":2.6333,"color":"ffffff00","curve":"stepped"},{"time":2.6666,"color":"ffffff00","curve":"stepped"},{"time":3.6,"color":"ffffff00"}],"attachment":[{"time":0,"name":"1"}]},"7":{"color":[{"time":0,"color":"ffffffb8"},{"time":0.4333,"color":"ffffff00","curve":"stepped"},{"time":0.4666,"color":"ffffff00","curve":"stepped"},{"time":1.8666,"color":"ffffff00"},{"time":2.5333,"color":"ffffffff","curve":"stepped"},{"time":3.4333,"color":"ffffffff"},{"time":3.6,"color":"ffffffb8"}],"attachment":[{"time":0,"name":"1"}]},"8":{"color":[{"time":0,"color":"ffffff00","curve":"stepped"},{"time":0.0333,"color":"ffffff00","curve":"stepped"},{"time":0.9333,"color":"ffffff00"},{"time":1.5,"color":"ffffffff","curve":"stepped"},{"time":2.8333,"color":"ffffffff"},{"time":3.6,"color":"ffffff00"}],"attachment":[{"time":0,"name":"1"}]},"9":{"color":[{"time":0,"color":"ffffffd9","curve":[0.324,0.3,0.757,1]},{"time":0.3666,"color":"ffffff00","curve":"stepped"},{"time":0.4,"color":"ffffff00","curve":"stepped"},{"time":1.8,"color":"ffffff00","curve":[0.25,0,0.75,1]},{"time":2.1333,"color":"ffffffff","curve":"stepped"},{"time":3.5,"color":"ffffffff","curve":[0.281,0,0.623,0.38]},{"time":3.6,"color":"ffffffd9"}],"attachment":[{"time":0,"name":"1"}]},"10":{"color":[{"time":0,"color":"ffffff00"},{"time":0.7333,"color":"ffffffff","curve":"stepped"},{"time":2.1666,"color":"ffffffff"},{"time":2.5,"color":"ffffff00","curve":"stepped"},{"time":2.5333,"color":"ffffff00","curve":"stepped"},{"time":3.6,"color":"ffffff00"}],"attachment":[{"time":0,"name":"1"}]},"11":{"color":[{"time":0,"color":"ffffff00"},{"time":1.0666,"color":"ffffffff","curve":"stepped"},{"time":1.5333,"color":"ffffffff"},{"time":1.8666,"color":"ffffff00","curve":"stepped"},{"time":1.9,"color":"ffffff00","curve":"stepped"},{"time":3.6,"color":"ffffff00"}],"attachment":[{"time":0,"name":"1"}]},"light":{"color":[{"time":0,"color":"ffffff00"},{"time":1.8,"color":"ffffffd4"},{"time":3.6,"color":"ffffff00"}]},"light2":{"color":[{"time":0,"color":"ffffff89"},{"time":0.6333,"color":"ffffffd4"},{"time":2.4333,"color":"ffffff00"},{"time":3.6,"color":"ffffff89"}]},"light3":{"color":[{"time":0,"color":"ffffffd0"},{"time":1.7666,"color":"ffffff00"},{"time":3.5666,"color":"ffffffd4"},{"time":3.6,"color":"ffffffd0"}]},"lu":{"attachment":[{"time":0,"name":"lu"}]}},"bones":{"lu":{"rotate":[{"time":0,"angle":0,"curve":"stepped"},{"time":2,"angle":0,"curve":[0.221,0.38,0.75,1]},{"time":2.2666,"angle":-4.21,"curve":[0.25,0,0.773,0.6]},{"time":2.5,"angle":0.06,"curve":"stepped"},{"time":2.6333,"angle":0.06,"curve":[0.24,0.64,0.75,1]},{"time":3,"angle":9.16},{"time":3.1333,"angle":1.56,"curve":[0.25,0,0.726,0.39]},{"time":3.4,"angle":0.06,"curve":[0.25,0.31,0.75,1]},{"time":3.6,"angle":0}],"translate":[{"time":0,"x":-111.06,"y":-190.96,"curve":"stepped"},{"time":2,"x":-111.06,"y":-190.96,"curve":[0.221,0.38,0.75,1]},{"time":2.2666,"x":-111.06,"y":-173.06,"curve":[0.25,0,0.773,0.6]},{"time":2.5,"x":-111.06,"y":-188.09,"curve":"stepped"},{"time":2.6333,"x":-111.06,"y":-188.09,"curve":[0.24,0.64,0.75,1]},{"time":3,"x":-116.07,"y":-162.32},{"time":3.1333,"x":-116.07,"y":-153.47,"curve":[0.25,0,0.726,0.39]},{"time":3.4,"x":-111.06,"y":-190.96}],"scale":[{"time":0,"x":1,"y":1},{"time":0.8333,"x":0.889,"y":1},{"time":1.6666,"x":1,"y":1},{"time":2,"x":0.883,"y":1,"curve":[0.221,0.38,0.75,1]},{"time":2.2666,"x":0.937,"y":0.939,"curve":"stepped"},{"time":2.5,"x":0.937,"y":0.939},{"time":2.6333,"x":0.816,"y":0.991,"curve":[0.24,0.64,0.75,1]},{"time":3,"x":0.892,"y":0.943},{"time":3.1333,"x":0.892,"y":1.03,"curve":[0.25,0,0.726,0.39]},{"time":3.4,"x":0.816,"y":0.991,"curve":[0.25,0.31,0.75,1]},{"time":3.6,"x":1,"y":1}]},"11":{"translate":[{"time":0,"x":173.18,"y":-33.52,"curve":[0.25,0,0.75,1]},{"time":1.8666,"x":29.95,"y":-213.23},{"time":1.9,"x":173.18,"y":-33.52,"curve":"stepped"},{"time":3.6,"x":173.18,"y":-33.52}]},"1":{"translate":[{"time":0,"x":77.02,"y":-58.16,"curve":[0.25,0,0.75,1]},{"time":2.1666,"x":-51.85,"y":-200.34},{"time":2.2,"x":77.02,"y":-58.16,"curve":"stepped"},{"time":3.6,"x":77.02,"y":-58.16}]},"2":{"translate":[{"time":0,"x":-94.9,"y":-232.35},{"time":0.0333,"x":77.02,"y":-58.16,"curve":"stepped"},{"time":1.7666,"x":77.02,"y":-58.16,"curve":[0.25,0,0.75,1]},{"time":3.6,"x":-94.9,"y":-232.35}]},"3":{"translate":[{"time":0,"x":11.04,"y":-97.39,"curve":[0.367,0.46,0.753,1]},{"time":1.4333,"x":-61.35,"y":-184.72},{"time":1.4666,"x":62,"y":-35.92,"curve":"stepped"},{"time":2.5,"x":62,"y":-35.92,"curve":[0.254,0,0.62,0.46]},{"time":3.6,"x":11.04,"y":-97.39}]},"4":{"translate":[{"time":0,"x":110.82,"y":-55.8,"curve":[0.25,0,0.75,1]},{"time":2.1666,"x":-8.66,"y":-210.68},{"time":2.2,"x":110.82,"y":-55.8,"curve":"stepped"},{"time":3.6,"x":110.82,"y":-55.8}]},"5":{"translate":[{"time":0,"x":91.37,"y":-99.21,"curve":[0.322,0.29,0.757,1]},{"time":2.0333,"x":-14.89,"y":-227.4},{"time":2.0666,"x":108.46,"y":-78.59,"curve":"stepped"},{"time":3.0666,"x":108.46,"y":-78.59,"curve":[0.282,0,0.624,0.38]},{"time":3.6,"x":91.37,"y":-99.21}]},"6":{"translate":[{"time":0,"x":77.02,"y":-58.16,"curve":[0.25,0,0.75,1]},{"time":2.6333,"x":-46.33,"y":-206.96},{"time":2.6666,"x":77.02,"y":-58.16,"curve":"stepped"},{"time":3.6,"x":77.02,"y":-58.16}]},"7":{"translate":[{"time":0,"x":13.99,"y":-195.76,"curve":[0.374,0.61,0.715,1]},{"time":0.4333,"x":-1.19,"y":-217.64},{"time":0.4666,"x":115.54,"y":-49.51,"curve":"stepped"},{"time":1.8666,"x":115.54,"y":-49.51,"curve":[0.25,0,0.75,1]},{"time":3.6,"x":13.99,"y":-195.76}]},"8":{"translate":[{"time":0,"x":-112.4,"y":-209.81},{"time":0.0333,"x":28.62,"y":-39.48,"curve":"stepped"},{"time":0.9333,"x":28.62,"y":-39.48,"curve":[0.25,0,0.75,1]},{"time":3.6,"x":-112.4,"y":-209.81}]},"9":{"translate":[{"time":0,"x":-165.93,"y":-224.2,"curve":[0.371,0.62,0.71,1]},{"time":0.3666,"x":-177.13,"y":-237.11,"curve":[0.25,0,0.75,1]},{"time":0.4,"x":-63.47,"y":-106.11,"curve":"stepped"},{"time":1.8,"x":-63.47,"y":-106.11,"curve":[0.243,0,0.688,0.74]},{"time":3.6,"x":-165.93,"y":-224.2}]},"10":{"translate":[{"time":0,"x":140.27,"y":-23.67,"curve":[0.25,0,0.75,1]},{"time":2.5,"x":20.22,"y":-145.98},{"time":2.5333,"x":140.27,"y":-23.67,"curve":"stepped"},{"time":3.6,"x":140.27,"y":-23.67}]}}}}}