{"skeleton":{"hash":"l6CHlehwkl+EVbRREVidCuK8hS8","spine":"3.4.02","width":210.88,"height":210.18,"images":"./气泡/"},"bones":[{"name":"root"},{"name":"1","parent":"root","length":20.49,"rotation":90.21,"x":82.34,"y":-36.14,"scaleX":0.443,"scaleY":0.443},{"name":"2","parent":"root","length":14.38,"rotation":86.54,"x":63.04,"y":-51.48,"scaleX":0.722,"scaleY":0.722},{"name":"3","parent":"root","length":15.41,"rotation":84.96,"x":71.95,"y":-31.19,"scaleX":1.053,"scaleY":1.053},{"name":"4","parent":"root","length":15.37,"rotation":94.18,"x":66.5,"y":-37.13,"scaleX":1.053,"scaleY":1.053},{"name":"5","parent":"root","length":13.07,"rotation":97.88,"x":77.89,"y":-52.97,"scaleX":0.844,"scaleY":0.844},{"name":"6","parent":"root","length":26.91,"rotation":95.13,"x":74.42,"y":-43.07,"scaleX":0.347,"scaleY":0.347},{"name":"bone","parent":"root","length":89.58,"rotation":-56.61,"x":-106.56,"y":-1.26}],"slots":[{"name":"avator_frame_500423","bone":"root"},{"name":"1","bone":"1","attachment":"1"},{"name":"2","bone":"2","attachment":"2"},{"name":"3","bone":"3","attachment":"3"},{"name":"4","bone":"4","attachment":"4"},{"name":"5","bone":"5","attachment":"5"},{"name":"6","bone":"6","attachment":"6"},{"name":"images/s1","bone":"bone","attachment":"images/s1","blend":"additive"}],"skins":{"default":{"1":{"1":{"x":7.44,"y":0.32,"rotation":-52.85,"width":37,"height":39}},"2":{"2":{"x":5.55,"y":-0.68,"rotation":-49.18,"width":20,"height":19}},"3":{"3":{"x":1.19,"y":-0.06,"rotation":-47.6,"width":7,"height":7}},"4":{"4":{"x":-0.67,"y":0.74,"rotation":-56.82,"width":9,"height":8}},"5":{"5":{"x":2.31,"y":2.5,"rotation":-60.52,"width":20,"height":21}},"6":{"6":{"x":10.44,"y":-2.52,"rotation":-57.77,"width":53,"height":64}},"images/s1":{"images/s1":{"x":58.23,"y":90.31,"rotation":56.61,"width":210,"height":210},"images/s2":{"x":58.23,"y":90.31,"rotation":56.61,"width":210,"height":210},"images/s3":{"x":58.23,"y":90.31,"rotation":56.61,"width":210,"height":210},"images/s4":{"x":58.23,"y":90.31,"rotation":56.61,"width":210,"height":210},"images/s5":{"x":58.23,"y":90.31,"rotation":56.61,"width":210,"height":210},"images/s6":{"x":58.23,"y":90.31,"rotation":56.61,"width":210,"height":210},"images/s7":{"x":58.23,"y":90.31,"rotation":56.61,"width":210,"height":210}}}},"animations":{"500423_1":{"slots":{"1":{"color":[{"time":0,"color":"ffffff4c"},{"time":0.1,"color":"ffffff00","curve":"stepped"},{"time":0.1333,"color":"ffffff00","curve":"stepped"},{"time":0.5666,"color":"ffffff00"},{"time":0.9,"color":"ffffffff","curve":"stepped"},{"time":1.9,"color":"ffffffff"},{"time":2.1333,"color":"ffffff4c"}]},"2":{"color":[{"time":0,"color":"ffffffff","curve":"stepped"},{"time":0.7666,"color":"ffffffff"},{"time":1.1,"color":"ffffff00","curve":"stepped"},{"time":1.1333,"color":"ffffff00","curve":"stepped"},{"time":1.5666,"color":"ffffff00"},{"time":1.9,"color":"ffffffff","curve":"stepped"},{"time":2.1333,"color":"ffffffff"}]},"3":{"color":[{"time":0,"color":"ffffffff","curve":"stepped"},{"time":1,"color":"ffffffff"},{"time":1.3333,"color":"ffffff00","curve":"stepped"},{"time":1.3666,"color":"ffffff00","curve":"stepped"},{"time":1.8,"color":"ffffff00"},{"time":2.1333,"color":"ffffffff"}]},"4":{"color":[{"time":0,"color":"ffffff00"},{"time":0.3333,"color":"ffffffff","curve":"stepped"},{"time":1.3333,"color":"ffffffff"},{"time":1.6666,"color":"ffffff00","curve":"stepped"},{"time":1.7,"color":"ffffff00"}]},"5":{"color":[{"time":0,"color":"ffffff00"},{"time":0.3333,"color":"ffffffff","curve":"stepped"},{"time":1.3333,"color":"ffffffff"},{"time":1.6666,"color":"ffffff00","curve":"stepped"},{"time":1.7,"color":"ffffff00"}]},"6":{"color":[{"time":0,"color":"ffffffff","curve":"stepped"},{"time":0.4,"color":"ffffffff"},{"time":0.7666,"color":"ffffff00","curve":"stepped"},{"time":0.8,"color":"ffffff00","curve":"stepped"},{"time":1.2333,"color":"ffffff00"},{"time":1.7,"color":"ffffffff","curve":"stepped"},{"time":2.1333,"color":"ffffffff"}]},"images/s1":{"attachment":[{"time":0,"name":"images/s1"},{"time":0.0333,"name":"images/s2"},{"time":0.0666,"name":"images/s3"},{"time":0.1,"name":"images/s4"},{"time":0.1333,"name":"images/s5"},{"time":0.1666,"name":"images/s6"},{"time":0.2,"name":"images/s7"},{"time":0.2333,"name":null},{"time":2.1333,"name":"images/s1"}]}},"bones":{"3":{"translate":[{"time":0,"x":0,"y":22.4},{"time":1.3333,"x":0,"y":112.02},{"time":1.3666,"x":0,"y":0,"curve":"stepped"},{"time":1.8,"x":0,"y":0},{"time":2.1333,"x":0,"y":22.4}],"scale":[{"time":0,"x":0.76,"y":0.76},{"time":1.1,"x":1.333,"y":1.333},{"time":1.3333,"x":1.187,"y":1.187},{"time":1.3666,"x":0.587,"y":0.587,"curve":"stepped"},{"time":1.8,"x":0.587,"y":0.587},{"time":2.1333,"x":0.76,"y":0.76}]},"6":{"translate":[{"time":0,"x":-3.05,"y":79.81},{"time":0.3666,"x":-4.29,"y":112.32},{"time":0.7666,"x":-5.64,"y":147.8},{"time":0.8,"x":0,"y":0,"curve":"stepped"},{"time":1.2333,"x":0,"y":0},{"time":2.1333,"x":-3.05,"y":79.81}],"scale":[{"time":0,"x":1.056,"y":1.056},{"time":0.3666,"x":1.247,"y":1.247},{"time":0.5333,"x":1.333,"y":1.333},{"time":0.7666,"x":1.187,"y":1.187},{"time":0.8,"x":0.587,"y":0.587,"curve":"stepped"},{"time":1.2333,"x":0.587,"y":0.587},{"time":2.1333,"x":1.056,"y":1.056}]},"1":{"translate":[{"time":0,"x":0,"y":124.77},{"time":0.1,"x":0,"y":132.73},{"time":0.1333,"x":0,"y":0,"curve":"stepped"},{"time":0.5666,"x":0,"y":0},{"time":2.1333,"x":0,"y":124.77}],"scale":[{"time":0,"x":1.261,"y":1.261},{"time":0.1,"x":1.205,"y":1.205},{"time":0.1333,"x":0.595,"y":0.595,"curve":"stepped"},{"time":0.5666,"x":0.595,"y":0.595},{"time":2,"x":1.334,"y":1.334},{"time":2.1333,"x":1.261,"y":1.261}]},"5":{"translate":[{"time":0,"x":0,"y":0},{"time":1.6666,"x":0.47,"y":148.74},{"time":1.7,"x":0,"y":0}],"scale":[{"time":0,"x":0.595,"y":0.595},{"time":1.4333,"x":1.334,"y":1.334},{"time":1.6666,"x":1.187,"y":1.187},{"time":1.7,"x":0.595,"y":0.595}]},"2":{"translate":[{"time":0,"x":0,"y":37.12},{"time":1.1,"x":0,"y":109.2},{"time":1.1333,"x":0,"y":0,"curve":"stepped"},{"time":1.5666,"x":0,"y":0},{"time":2.1333,"x":0,"y":37.12}],"scale":[{"time":0,"x":0.882,"y":0.882},{"time":0.8666,"x":1.333,"y":1.333},{"time":1.1,"x":1.196,"y":1.196},{"time":1.1333,"x":0.587,"y":0.587,"curve":"stepped"},{"time":1.5666,"x":0.587,"y":0.587},{"time":2.1333,"x":0.882,"y":0.882}]},"4":{"translate":[{"time":0,"x":0,"y":0},{"time":1.6666,"x":0.47,"y":70.6},{"time":1.7,"x":0,"y":0}],"scale":[{"time":0,"x":0.587,"y":0.587},{"time":1.4333,"x":1.333,"y":1.333},{"time":1.6666,"x":1.187,"y":1.187},{"time":1.7,"x":0.587,"y":0.587}]}}}}}