{"skeleton":{"hash":"QxAP6MrS+JN0kJ/ky2ZhQ0H9xKs","spine":"3.4.02","width":210,"height":210},"bones":[{"name":"root"},{"name":"500637_1","parent":"root","x":43.27,"y":44.32},{"name":"500637_2","parent":"root","x":-11.13,"y":70.59},{"name":"500637_3","parent":"root","x":-38.33,"y":55.58},{"name":"Sparks 087 Impact Explosion Radial MIX_00000","parent":"root","x":-50.17,"y":69.37},{"name":"Sparks 087 Impact Explosion Radial MIX_0","parent":"root","x":-18.87,"y":78.09},{"name":"Sparks 087 Impact Explosion Radial MIX_1","parent":"root","x":6.26,"y":70.4},{"name":"Sparks 087 Impact Explosion Radial MIX_2","parent":"root","x":-6.56,"y":61.67},{"name":"Sparks 087 Impact Explosion Radial MIX_3","parent":"root","x":20.63,"y":75.53},{"name":"Sparks 087 Impact Explosion Radial MIX_4","parent":"root","x":35.51,"y":66.8}],"slots":[{"name":"avator_frame_500637","bone":"root","attachment":"avator_frame_500637"},{"name":"500637_1","bone":"500637_1","attachment":"500637_1"},{"name":"500637_3","bone":"500637_3","attachment":"500637_1"},{"name":"500637_2","bone":"500637_2","attachment":"500637_2"},{"name":"Sparks 087 Impact Explosion Radial MIX_00000","bone":"Sparks 087 Impact Explosion Radial MIX_00000","attachment":"Sparks 087 Impact Explosion Radial MIX_00000","blend":"additive"},{"name":"Sparks 087 Impact Explosion Radial MIX_0","bone":"Sparks 087 Impact Explosion Radial MIX_0","attachment":"Sparks 087 Impact Explosion Radial MIX_00000","blend":"additive"},{"name":"Sparks 087 Impact Explosion Radial MIX_1","bone":"Sparks 087 Impact Explosion Radial MIX_1","attachment":"Sparks 087 Impact Explosion Radial MIX_00000","blend":"additive"},{"name":"Sparks 087 Impact Explosion Radial MIX_2","bone":"Sparks 087 Impact Explosion Radial MIX_2","attachment":"Sparks 087 Impact Explosion Radial MIX_00000","blend":"additive"},{"name":"Sparks 087 Impact Explosion Radial MIX_3","bone":"Sparks 087 Impact Explosion Radial MIX_3","attachment":"Sparks 087 Impact Explosion Radial MIX_00000","blend":"additive"},{"name":"Sparks 087 Impact Explosion Radial MIX_4","bone":"Sparks 087 Impact Explosion Radial MIX_4","attachment":"Sparks 087 Impact Explosion Radial MIX_00000","blend":"additive"}],"skins":{"default":{"500637_1":{"500637_1":{"x":0.08,"y":1.64,"rotation":-5.71,"width":21,"height":37}},"500637_2":{"500637_2":{"x":0.66,"y":0.31,"rotation":-17.69,"width":21,"height":21}},"500637_3":{"500637_1":{"x":-0.83,"y":0.86,"rotation":-35.9,"width":21,"height":37}},"Sparks 087 Impact Explosion Radial MIX_0":{"Sparks 087 Impact Explosion Radial MIX_00000":{"x":0.21,"y":-0.11,"scaleX":0.06,"scaleY":0.06,"width":250,"height":250}},"Sparks 087 Impact Explosion Radial MIX_00000":{"Sparks 087 Impact Explosion Radial MIX_00000":{"x":0.21,"y":-0.11,"scaleX":0.057,"scaleY":0.057,"width":250,"height":250}},"Sparks 087 Impact Explosion Radial MIX_1":{"Sparks 087 Impact Explosion Radial MIX_00000":{"x":0.21,"y":-0.11,"scaleX":0.096,"scaleY":0.096,"width":250,"height":250}},"Sparks 087 Impact Explosion Radial MIX_2":{"Sparks 087 Impact Explosion Radial MIX_00000":{"x":0.21,"y":-0.11,"scaleX":0.044,"scaleY":0.044,"width":250,"height":250}},"Sparks 087 Impact Explosion Radial MIX_3":{"Sparks 087 Impact Explosion Radial MIX_00000":{"x":0.21,"y":-0.11,"scaleX":0.063,"scaleY":0.063,"width":250,"height":250}},"Sparks 087 Impact Explosion Radial MIX_4":{"Sparks 087 Impact Explosion Radial MIX_00000":{"x":0.21,"y":-0.11,"scaleX":0.054,"scaleY":0.054,"width":250,"height":250}},"avator_frame_500637":{"avator_frame_500637":{"width":210,"height":210}}}},"animations":{"500637_1":{"slots":{"500637_1":{"color":[{"time":0,"color":"ffffff00","curve":"stepped"},{"time":1.3333,"color":"ffffff00"},{"time":1.5,"color":"ffffffff","curve":"stepped"},{"time":2.3333,"color":"ffffffff"},{"time":2.5,"color":"ffffff00"}]},"500637_2":{"color":[{"time":0,"color":"ffffff00","curve":"stepped"},{"time":0.8333,"color":"ffffff00"},{"time":1,"color":"ffffffff","curve":"stepped"},{"time":1.8333,"color":"ffffffff"},{"time":2,"color":"ffffff00"}]},"500637_3":{"color":[{"time":0,"color":"ffffff00"},{"time":0.1666,"color":"ffffffff","curve":"stepped"},{"time":0.8333,"color":"ffffffff"},{"time":1,"color":"ffffff00"}]},"Sparks 087 Impact Explosion Radial MIX_0":{"color":[{"time":0,"color":"ffffffff","curve":"stepped"},{"time":0.3333,"color":"ffffffff"},{"time":1,"color":"ffffff00"},{"time":1.6666,"color":"ffffffff","curve":"stepped"},{"time":2.5,"color":"ffffffff"}]},"Sparks 087 Impact Explosion Radial MIX_00000":{"color":[{"time":0,"color":"ffffffbf"},{"time":0.5,"color":"ffffff00"},{"time":1.1666,"color":"ffffffff","curve":"stepped"},{"time":2.3333,"color":"ffffffff"},{"time":2.5,"color":"ffffffbf"}]},"Sparks 087 Impact Explosion Radial MIX_1":{"color":[{"time":0,"color":"ffffffff","curve":"stepped"},{"time":0.8333,"color":"ffffffff"},{"time":1.5,"color":"ffffff00"},{"time":2.1666,"color":"ffffffff","curve":"stepped"},{"time":2.5,"color":"ffffffff"}]},"Sparks 087 Impact Explosion Radial MIX_2":{"color":[{"time":0,"color":"ffffffbf"},{"time":0.1666,"color":"ffffffff","curve":"stepped"},{"time":1.3333,"color":"ffffffff"},{"time":2,"color":"ffffff00"},{"time":2.5,"color":"ffffffbf"}]},"Sparks 087 Impact Explosion Radial MIX_3":{"color":[{"time":0,"color":"ffffff00"},{"time":0.6666,"color":"ffffffff","curve":"stepped"},{"time":1.8333,"color":"ffffffff"},{"time":2.5,"color":"ffffff00"}]},"Sparks 087 Impact Explosion Radial MIX_4":{"color":[{"time":0,"color":"ffffffff","curve":"stepped"},{"time":0.6666,"color":"ffffffff"},{"time":1.3333,"color":"ffffff00"},{"time":2,"color":"ffffffff","curve":"stepped"},{"time":2.5,"color":"ffffffff"}]}},"bones":{"500637_3":{"rotate":[{"time":0,"angle":0},{"time":1,"angle":90}],"translate":[{"time":0,"x":0,"y":0},{"time":1,"x":1.06,"y":-144.44}],"scale":[{"time":0,"x":1,"y":1,"curve":"stepped"},{"time":1,"x":1,"y":1}]},"500637_2":{"rotate":[{"time":0,"angle":0,"curve":"stepped"},{"time":0.8333,"angle":0},{"time":2,"angle":90}],"translate":[{"time":0,"x":0,"y":0,"curve":"stepped"},{"time":0.8333,"x":0,"y":0},{"time":2,"x":1.06,"y":-144.44}],"scale":[{"time":0,"x":1,"y":1,"curve":"stepped"},{"time":0.8333,"x":1,"y":1,"curve":"stepped"},{"time":2,"x":1,"y":1}]},"500637_1":{"rotate":[{"time":0,"angle":0,"curve":"stepped"},{"time":1.3333,"angle":0},{"time":2.5,"angle":90}],"translate":[{"time":0,"x":0,"y":0,"curve":"stepped"},{"time":1.3333,"x":0,"y":0},{"time":2.5,"x":1.06,"y":-144.44}],"scale":[{"time":0,"x":1,"y":1,"curve":"stepped"},{"time":1.3333,"x":1,"y":1,"curve":"stepped"},{"time":2.5,"x":1,"y":1}]},"Sparks 087 Impact Explosion Radial MIX_4":{"translate":[{"time":0,"x":8.25,"y":-74.02},{"time":1.3,"x":17.44,"y":-156.5,"curve":"stepped"},{"time":1.3333,"x":0,"y":0},{"time":2.5,"x":8.25,"y":-74.02}]},"Sparks 087 Impact Explosion Radial MIX_3":{"translate":[{"time":0,"x":0,"y":0},{"time":2.4666,"x":17.44,"y":-156.5,"curve":"stepped"},{"time":2.5,"x":0,"y":0}]},"Sparks 087 Impact Explosion Radial MIX_2":{"translate":[{"time":0,"x":3.53,"y":-31.72},{"time":1.9666,"x":17.44,"y":-156.5,"curve":"stepped"},{"time":2,"x":0,"y":0},{"time":2.5,"x":3.53,"y":-31.72}]},"Sparks 087 Impact Explosion Radial MIX_1":{"translate":[{"time":0,"x":7.07,"y":-63.44},{"time":1.4666,"x":17.44,"y":-156.5,"curve":"stepped"},{"time":1.5,"x":0,"y":0},{"time":2.5,"x":7.07,"y":-63.44}]},"Sparks 087 Impact Explosion Radial MIX_0":{"translate":[{"time":0,"x":10.6,"y":-95.17},{"time":0.9666,"x":17.44,"y":-156.5,"curve":"stepped"},{"time":1,"x":0,"y":0},{"time":2.5,"x":10.6,"y":-95.17}]},"Sparks 087 Impact Explosion Radial MIX_00000":{"translate":[{"time":0,"x":14.14,"y":-126.89},{"time":0.4666,"x":17.44,"y":-156.5,"curve":"stepped"},{"time":0.5,"x":0,"y":0},{"time":2.5,"x":14.14,"y":-126.89}]}}}}}