{"skeleton":{"hash":"scFWT3b/bMniwU0cokX/2W2a/dk","spine":"3.4.02","width":210,"height":229.6,"images":""},"bones":[{"name":"root"},{"name":"zong","parent":"root"},{"name":"500485_1","parent":"zong","rotation":43.11,"x":79.83,"y":110.52},{"name":"500485_2","parent":"zong","rotation":-22.65,"x":16.12,"y":98.46},{"name":"500485_3","parent":"zong","rotation":-115.12,"x":24.73,"y":109.37},{"name":"500485_4","parent":"zong","rotation":11.25,"x":-30.94,"y":101.91},{"name":"500485_5","parent":"zong","rotation":-175.9,"x":52.86,"y":101.91},{"name":"500485_6","parent":"zong","rotation":87.56,"x":-61.93,"y":98.46},{"name":"500485_7","parent":"zong","rotation":-22.65,"x":-11.42,"y":92.72},{"name":"500485_8","parent":"zong","rotation":43.11,"x":-76.86,"y":107.65},{"name":"avator_frame_500485","parent":"zong"}],"slots":[{"name":"avator_frame_500485","bone":"avator_frame_500485"},{"name":"500485_1","bone":"500485_1","attachment":"500485_1"},{"name":"500485_8","bone":"500485_8","attachment":"500485_1"},{"name":"500485_3","bone":"500485_3","attachment":"500485_1"},{"name":"500485_4","bone":"500485_4","attachment":"500485_1"},{"name":"500485_2","bone":"500485_2","attachment":"500485_2"},{"name":"500485_7","bone":"500485_7","attachment":"500485_2"},{"name":"500485_5","bone":"500485_5","attachment":"500485_2"},{"name":"500485_6","bone":"500485_6","attachment":"500485_2"}],"skins":{"default":{"500485_1":{"500485_1":{"width":22,"height":18}},"500485_2":{"500485_2":{"width":21,"height":26}},"500485_3":{"500485_1":{"width":22,"height":18}},"500485_4":{"500485_1":{"width":22,"height":18}},"500485_5":{"500485_2":{"width":21,"height":26}},"500485_6":{"500485_2":{"width":21,"height":26}},"500485_7":{"500485_2":{"width":21,"height":26}},"500485_8":{"500485_1":{"width":22,"height":18}}}},"animations":{"500485_1":{"slots":{"500485_1":{"color":[{"time":0,"color":"ffffffff","curve":"stepped"},{"time":1,"color":"ffffffff","curve":[0.25,0,0.75,1]},{"time":1.6666,"color":"ffffff00","curve":"stepped"},{"time":2.3333,"color":"ffffff00","curve":[0.25,0,0.75,1]},{"time":2.8333,"color":"ffffffff","curve":"stepped"},{"time":3.3333,"color":"ffffffff"}]},"500485_2":{"color":[{"time":0,"color":"ffffffff","curve":"stepped"},{"time":0.5,"color":"ffffffff","curve":[0.25,0,0.75,1]},{"time":1.1666,"color":"ffffff00","curve":"stepped"},{"time":1.8333,"color":"ffffff00","curve":[0.25,0,0.75,1]},{"time":2.3333,"color":"ffffffff","curve":"stepped"},{"time":3.3333,"color":"ffffffff"}]},"500485_3":{"color":[{"time":0,"color":"ffffffff","curve":"stepped"},{"time":0.1666,"color":"ffffffff","curve":[0.25,0,0.75,1]},{"time":0.8333,"color":"ffffff00","curve":"stepped"},{"time":1.5,"color":"ffffff00","curve":[0.25,0,0.75,1]},{"time":2,"color":"ffffffff","curve":"stepped"},{"time":3.3333,"color":"ffffffff"}]},"500485_4":{"color":[{"time":0,"color":"ffffffcf","curve":[0.333,0.33,0.757,1]},{"time":0.5,"color":"ffffff00","curve":"stepped"},{"time":1.1666,"color":"ffffff00","curve":[0.25,0,0.75,1]},{"time":1.6666,"color":"ffffffff","curve":"stepped"},{"time":3.1666,"color":"ffffffff","curve":[0.275,0,0.62,0.4]},{"time":3.3333,"color":"ffffffcf"}]},"500485_5":{"color":[{"time":0,"color":"ffffff00","curve":"stepped"},{"time":0.6666,"color":"ffffff00","curve":[0.25,0,0.75,1]},{"time":1.1666,"color":"ffffffff","curve":"stepped"},{"time":2.6666,"color":"ffffffff","curve":[0.25,0,0.75,1]},{"time":3.3333,"color":"ffffff00"}]},"500485_6":{"color":[{"time":0,"color":"ffffff00","curve":[0.25,0,0.75,1]},{"time":0.5,"color":"ffffffff","curve":"stepped"},{"time":2,"color":"ffffffff","curve":[0.25,0,0.75,1]},{"time":2.6666,"color":"ffffff00","curve":"stepped"},{"time":3.3333,"color":"ffffff00"}]},"500485_7":{"color":[{"time":0,"color":"ffffffff","curve":"stepped"},{"time":1.3333,"color":"ffffffff","curve":[0.25,0,0.75,1]},{"time":2,"color":"ffffff00","curve":"stepped"},{"time":2.6666,"color":"ffffff00","curve":[0.25,0,0.75,1]},{"time":3.1666,"color":"ffffffff","curve":"stepped"},{"time":3.3333,"color":"ffffffff"}]},"500485_8":{"color":[{"time":0,"color":"ffffff00","curve":"stepped"},{"time":0.3333,"color":"ffffff00","curve":[0.25,0,0.75,1]},{"time":0.8333,"color":"ffffffff","curve":"stepped"},{"time":2.3333,"color":"ffffffff","curve":[0.25,0,0.75,1]},{"time":3,"color":"ffffff00","curve":"stepped"},{"time":3.3333,"color":"ffffff00"}]}},"bones":{"500485_6":{"rotate":[{"time":0,"angle":0,"curve":[0.25,0,0.75,1]},{"time":2.6666,"angle":-47.91,"curve":[0.25,0,0.75,1]},{"time":3.3333,"angle":0}],"translate":[{"time":0,"x":0,"y":0,"curve":[0.25,0,0.75,1]},{"time":2.6666,"x":35.58,"y":-203.19,"curve":[0.25,0,0.75,1]},{"time":3.3333,"x":0,"y":0}]},"500485_5":{"rotate":[{"time":0,"angle":301.83,"curve":[0.25,0,0.75,1]},{"time":0.6666,"angle":0,"curve":[0.25,0,0.75,1]},{"time":3.3333,"angle":-58.16}],"translate":[{"time":0,"x":24.1,"y":-198.02,"curve":[0.25,0,0.75,1]},{"time":0.6666,"x":0,"y":0,"curve":[0.25,0,0.75,1]},{"time":3.3333,"x":24.1,"y":-198.02}]},"500485_4":{"rotate":[{"time":0,"angle":29.04,"curve":[0.373,0.61,0.713,1]},{"time":0.5,"angle":32.87,"curve":[0.25,0,0.75,1]},{"time":1.1666,"angle":0,"curve":[0.25,0,0.75,1]},{"time":3.3333,"angle":29.04}],"translate":[{"time":0,"x":-55.27,"y":-172.42,"curve":[0.373,0.61,0.713,1]},{"time":0.5,"x":-62.56,"y":-195.15,"curve":[0.25,0,0.75,1]},{"time":1.1666,"x":0,"y":0,"curve":[0.25,0,0.75,1]},{"time":3.3333,"x":-55.27,"y":-172.42}]},"500485_3":{"rotate":[{"time":0,"angle":-107.95,"curve":[0.382,0.57,0.732,1]},{"time":0.8333,"angle":214.54,"curve":[0.25,0,0.75,1]},{"time":1.5,"angle":0,"curve":[0.242,0,0.652,0.61]},{"time":3.3333,"angle":-107.95}],"translate":[{"time":0,"x":27.69,"y":-153.36,"curve":[0.382,0.57,0.732,1]},{"time":0.8333,"x":37.3,"y":-206.63,"curve":[0.25,0,0.75,1]},{"time":1.5,"x":0,"y":0,"curve":[0.25,0,0.75,1]},{"time":3.3333,"x":27.69,"y":-153.36}]},"500485_2":{"rotate":[{"time":0,"angle":28.24,"curve":[0.379,0.52,0.745,1]},{"time":1.1666,"angle":48.48,"curve":[0.25,0,0.75,1]},{"time":1.8333,"angle":0,"curve":[0.25,0,0.75,1]},{"time":3.3333,"angle":28.24}],"translate":[{"time":0,"x":11.36,"y":-119.71,"curve":[0.379,0.52,0.745,1]},{"time":1.1666,"x":19.51,"y":-205.49,"curve":[0.25,0,0.75,1]},{"time":1.8333,"x":0,"y":0,"curve":[0.25,0,0.75,1]},{"time":3.3333,"x":11.36,"y":-119.71}]},"500485_1":{"rotate":[{"time":0,"angle":16.19,"curve":[0.358,0.42,0.755,1]},{"time":1.6666,"angle":48.22,"curve":[0.25,0,0.75,1]},{"time":2.3333,"angle":0,"curve":[0.25,0,0.75,1]},{"time":3.3333,"angle":16.19}],"translate":[{"time":0,"x":-27.75,"y":-67.26,"curve":[0.358,0.42,0.755,1]},{"time":1.6666,"x":-82.65,"y":-200.32,"curve":[0.25,0,0.75,1]},{"time":2.3333,"x":0,"y":0,"curve":[0.25,0,0.75,1]},{"time":3.3333,"x":-27.75,"y":-67.26}]},"500485_7":{"rotate":[{"time":0,"angle":-8.83,"curve":[0.333,0.33,0.757,1]},{"time":2,"angle":-47.91,"curve":[0.25,0,0.75,1]},{"time":2.6666,"angle":0,"curve":[0.275,0,0.62,0.4]},{"time":3.3333,"angle":-8.83}],"translate":[{"time":0,"x":6.56,"y":-37.48,"curve":[0.333,0.33,0.757,1]},{"time":2,"x":35.58,"y":-203.19,"curve":[0.25,0,0.75,1]},{"time":2.6666,"x":0,"y":0,"curve":[0.25,0,0.75,1]},{"time":3.3333,"x":6.56,"y":-37.48}]},"500485_8":{"rotate":[{"time":0,"angle":-72.72,"curve":[0.375,0.5,0.75,1]},{"time":0.3333,"angle":0,"curve":[0.25,0,0.75,1]},{"time":3,"angle":214.54,"curve":[0.25,0,0.625,0.5]},{"time":3.3333,"angle":-72.72}],"translate":[{"time":0,"x":18.65,"y":-103.31,"curve":[0.375,0.5,0.75,1]},{"time":0.3333,"x":0,"y":0,"curve":[0.25,0,0.75,1]},{"time":3,"x":37.3,"y":-206.63,"curve":[0.25,0,0.625,0.5]},{"time":3.3333,"x":18.65,"y":-103.31}]}}}}}