{"skeleton":{"hash":"zkquptgPYOdtqGX1edAqd6pnn0M","spine":"3.4.02","width":210,"height":210,"images":"G:/4月/21夏活头像框动画/"},"bones":[{"name":"root"},{"name":"triangle","parent":"root","length":23.05,"rotation":-91.66,"x":-57.35,"y":73.58},{"name":"triangle2","parent":"root","length":23.05,"rotation":-91.66,"x":6.94,"y":58.79},{"name":"triangle3","parent":"root","length":23.05,"rotation":-91.66,"x":59.67,"y":68.44},{"name":"triangle_light","parent":"root","length":30.37,"rotation":118.77,"x":-57.88,"y":56.35,"scaleX":0.908,"scaleY":0.908},{"name":"triangle_light2","parent":"root","length":30.37,"rotation":118.77,"x":6.72,"y":36.47},{"name":"triangle_light3","parent":"root","length":30.37,"rotation":118.77,"x":59.89,"y":50.38,"scaleX":0.87,"scaleY":0.87}],"slots":[{"name":"avator_frame_500451","bone":"root"},{"name":"triangle","bone":"triangle","attachment":"triangle"},{"name":"triangle2","bone":"triangle2","attachment":"triangle"},{"name":"triangle3","bone":"triangle3","attachment":"triangle"},{"name":"triangle_light","bone":"triangle_light","attachment":"triangle_light"},{"name":"triangle_light2","bone":"triangle_light2","attachment":"triangle_light"},{"name":"triangle_light3","bone":"triangle_light3","attachment":"triangle_light"}],"skins":{"default":{"triangle":{"triangle":{"x":13.76,"y":0.37,"rotation":91.66,"width":19,"height":43}},"triangle2":{"triangle":{"x":13.76,"y":0.37,"rotation":91.66,"width":19,"height":43}},"triangle3":{"triangle":{"x":13.76,"y":0.37,"rotation":91.66,"width":19,"height":43}},"triangle_light":{"triangle_light":{"x":-1.46,"y":-1.41,"rotation":-118.77,"width":83,"height":83}},"triangle_light2":{"triangle_light":{"x":-1.46,"y":-1.41,"rotation":-118.77,"width":83,"height":83}},"triangle_light3":{"triangle_light":{"x":-1.46,"y":-1.41,"rotation":-118.77,"width":83,"height":83}}}},"animations":{"500451_1":{"slots":{"triangle_light":{"color":[{"time":0,"color":"ffffff00","curve":"stepped"},{"time":3.6333,"color":"ffffff00","curve":[0.25,0,0.75,1]},{"time":3.9666,"color":"ffffffff","curve":"stepped"},{"time":5,"color":"ffffffff","curve":[0.25,0,0.75,1]},{"time":5.3333,"color":"ffffff00"}]},"triangle_light2":{"color":[{"time":0,"color":"ffffff00","curve":"stepped"},{"time":3.1333,"color":"ffffff00","curve":[0.25,0,0.75,1]},{"time":3.4666,"color":"ffffffff","curve":"stepped"},{"time":4.5,"color":"ffffffff","curve":[0.25,0,0.75,1]},{"time":4.8333,"color":"ffffff00"}]},"triangle_light3":{"color":[{"time":0,"color":"ffffff00","curve":"stepped"},{"time":3.3,"color":"ffffff00","curve":[0.25,0,0.75,1]},{"time":3.6333,"color":"ffffffff","curve":"stepped"},{"time":4.6666,"color":"ffffffff","curve":[0.25,0,0.75,1]},{"time":5,"color":"ffffff00"}]}},"bones":{"triangle":{"rotate":[{"time":0,"angle":-14.28,"curve":[0.352,0.65,0.686,1]},{"time":0.0666,"angle":-14.65,"curve":[0.25,0,0.75,1]},{"time":0.8666,"angle":24.16,"curve":[0.25,0,0.75,1]},{"time":1.6666,"angle":-14.65,"curve":[0.25,0,0.75,1]},{"time":2.4,"angle":11.59,"curve":[0.25,0,0.75,1]},{"time":3,"angle":0.16,"curve":[0.25,0,0.75,1]},{"time":3.5333,"angle":1.46,"curve":"stepped"},{"time":5.7333,"angle":1.46,"curve":[0.246,0,0.722,0.88]},{"time":6.6666,"angle":-14.28}]},"triangle2":{"rotate":[{"time":0,"angle":-34.26,"curve":[0.25,0,0.75,1]},{"time":0.8,"angle":24.11,"curve":[0.25,0,0.75,1]},{"time":1.6,"angle":-34.26,"curve":[0.25,0,0.75,1]},{"time":2.3333,"angle":11.07,"curve":[0.25,0,0.75,1]},{"time":2.9333,"angle":-11.37,"curve":[0.25,0,0.75,1]},{"time":3.4666,"angle":-3.07,"curve":"stepped"},{"time":5.6666,"angle":-3.07,"curve":[0.25,0.4,0.75,1]},{"time":6.6666,"angle":-34.26}]},"triangle3":{"rotate":[{"time":0,"angle":-9.24,"curve":[0.322,0.29,0.757,1]},{"time":0.6333,"angle":24.16,"curve":[0.25,0,0.75,1]},{"time":1.4333,"angle":-14.65,"curve":[0.25,0.4,0.75,1]},{"time":2.1666,"angle":11.59,"curve":[0.25,0,0.75,1]},{"time":2.7666,"angle":0.16,"curve":[0.25,0,0.75,1]},{"time":3.3,"angle":1.46,"curve":"stepped"},{"time":5.5,"angle":1.46,"curve":[0.25,0,0.75,1]},{"time":6.5,"angle":-14.65,"curve":[0.25,0,0.75,1]},{"time":6.6666,"angle":-9.24}]},"triangle_light":{"rotate":[{"time":0,"angle":0},{"time":3.6333,"angle":-34.65,"curve":[0.25,0,0.75,1]},{"time":5.3333,"angle":-199.19}],"scale":[{"time":0,"x":1,"y":1},{"time":3.6333,"x":0.383,"y":0.383,"curve":[0.25,0,0.75,1]},{"time":4.7,"x":1,"y":1,"curve":[0.25,0,0.75,1]},{"time":5.3333,"x":0.414,"y":0.414}]},"triangle_light2":{"rotate":[{"time":0,"angle":0},{"time":3.1333,"angle":-34.65,"curve":[0.25,0,0.75,1]},{"time":4.8333,"angle":-199.19}],"scale":[{"time":0,"x":1,"y":1},{"time":3.1333,"x":0.383,"y":0.383,"curve":[0.25,0,0.75,1]},{"time":4.2,"x":1,"y":1,"curve":[0.25,0,0.75,1]},{"time":4.8333,"x":0.414,"y":0.414}]},"triangle_light3":{"rotate":[{"time":0,"angle":0},{"time":3.3,"angle":-34.65,"curve":[0.25,0,0.75,1]},{"time":5,"angle":-199.19}],"scale":[{"time":0,"x":1,"y":1},{"time":3.3,"x":0.383,"y":0.383,"curve":[0.25,0,0.75,1]},{"time":4.3666,"x":1,"y":1,"curve":[0.25,0,0.75,1]},{"time":5,"x":0.414,"y":0.414}]}}}}}