{"skeleton":{"hash":"ubEvwSAE9AXa5lWv1KRHFHLREw8","spine":"3.4.02","width":210,"height":224.79,"images":""},"bones":[{"name":"root"},{"name":"1","parent":"root","rotation":-46.52,"x":-42.01,"y":96.79},{"name":"2","parent":"root","rotation":-94.4,"x":-65.84,"y":94.14},{"name":"3","parent":"root","rotation":-109.89,"x":18.51,"y":93.5},{"name":"4","parent":"root","rotation":-104.87,"x":-17.83,"y":97.66},{"name":"5","parent":"root","x":44.69,"y":97.59},{"name":"6","parent":"root","rotation":125.81,"x":70.32,"y":97.82},{"name":"7","parent":"root","rotation":48.35,"x":1.51,"y":106.23}],"slots":[{"name":"avator_icon_500133","bone":"root"},{"name":"avator_frame_500342","bone":"root"},{"name":"1","bone":"1","attachment":"4"},{"name":"4","bone":"4","attachment":"4"},{"name":"2","bone":"2","attachment":"5"},{"name":"5","bone":"5","attachment":"5"},{"name":"7","bone":"7","attachment":"5"},{"name":"3","bone":"3","attachment":"6"},{"name":"6","bone":"6","attachment":"6"}],"skins":{"default":{"1":{"4":{"x":0.62,"y":-1.11,"width":19,"height":14}},"2":{"5":{"x":-0.54,"y":-1.09,"width":18,"height":24}},"3":{"6":{"x":0.45,"y":-0.36,"width":18,"height":24}},"4":{"4":{"x":0.62,"y":-1.11,"width":19,"height":14}},"5":{"5":{"x":-0.54,"y":-1.09,"width":18,"height":24}},"6":{"6":{"x":0.45,"y":-0.36,"width":18,"height":24}},"7":{"5":{"x":-0.54,"y":-1.09,"width":18,"height":24}}}},"animations":{"500343_1":{"slots":{"1":{"color":[{"time":0,"color":"ffffffff","curve":"stepped"},{"time":0.3,"color":"ffffffff"},{"time":0.4666,"color":"ffffff00","curve":"stepped"},{"time":0.8,"color":"ffffff00"},{"time":0.9666,"color":"ffffffff","curve":"stepped"},{"time":1.6666,"color":"ffffffff"}]},"2":{"color":[{"time":0,"color":"ffffff00"},{"time":0.1666,"color":"ffffffff","curve":"stepped"},{"time":1.1666,"color":"ffffffff"},{"time":1.3333,"color":"ffffff00","curve":"stepped"},{"time":1.6666,"color":"ffffff00"}]},"3":{"color":[{"time":0,"color":"ffffffff","curve":"stepped"},{"time":0.7666,"color":"ffffffff"},{"time":0.9333,"color":"ffffff00","curve":"stepped"},{"time":1.2666,"color":"ffffff00"},{"time":1.4333,"color":"ffffffff","curve":"stepped"},{"time":1.6666,"color":"ffffffff"}]},"4":{"color":[{"time":0,"color":"ffffff00","curve":"stepped"},{"time":0.2666,"color":"ffffff00"},{"time":0.4333,"color":"ffffffff","curve":"stepped"},{"time":1.4333,"color":"ffffffff"},{"time":1.6,"color":"ffffff00","curve":"stepped"},{"time":1.6666,"color":"ffffff00"}]},"5":{"color":[{"time":0,"color":"ffffffff","curve":"stepped"},{"time":0.5666,"color":"ffffffff"},{"time":0.7333,"color":"ffffff00","curve":"stepped"},{"time":1.0666,"color":"ffffff00"},{"time":1.2333,"color":"ffffffff","curve":"stepped"},{"time":1.6666,"color":"ffffffff"}]},"6":{"color":[{"time":0,"color":"ffffffff","curve":"stepped"},{"time":0.0333,"color":"ffffffff"},{"time":0.2,"color":"ffffff00","curve":"stepped"},{"time":0.5333,"color":"ffffff00"},{"time":0.7,"color":"ffffffff","curve":"stepped"},{"time":1.6666,"color":"ffffffff"}]},"7":{"color":[{"time":0,"color":"ffffffff","curve":"stepped"},{"time":0.9666,"color":"ffffffff"},{"time":1.1333,"color":"ffffff00","curve":"stepped"},{"time":1.4666,"color":"ffffff00"},{"time":1.6333,"color":"ffffffff","curve":"stepped"},{"time":1.6666,"color":"ffffffff"}]}},"bones":{"7":{"rotate":[{"time":0,"angle":-8.11},{"time":1.1333,"angle":-54.07},{"time":1.4666,"angle":0},{"time":1.6666,"angle":-8.11}],"translate":[{"time":0,"x":0,"y":-28.62},{"time":1.1333,"x":0,"y":-190.85},{"time":1.4666,"x":0,"y":0},{"time":1.6666,"x":0,"y":-28.62}]},"6":{"rotate":[{"time":0,"angle":59.83},{"time":0.2,"angle":-289.6},{"time":0.5333,"angle":0},{"time":1.6666,"angle":59.83}],"translate":[{"time":0,"x":0,"y":-162.22},{"time":0.2,"x":0,"y":-190.85},{"time":0.5333,"x":0,"y":0},{"time":1.6666,"x":0,"y":-162.22}]},"5":{"rotate":[{"time":0,"angle":-24.33},{"time":0.7333,"angle":-54.07},{"time":1.0666,"angle":0},{"time":1.6666,"angle":-24.33}],"translate":[{"time":0,"x":0,"y":-85.88},{"time":0.7333,"x":0,"y":-190.85},{"time":1.0666,"x":0,"y":0},{"time":1.6666,"x":0,"y":-85.88}]},"4":{"rotate":[{"time":0.2666,"angle":0},{"time":1.6,"angle":70.39}],"translate":[{"time":0,"x":0,"y":-152.68},{"time":0.2666,"x":0,"y":0},{"time":1.6,"x":0,"y":-190.85},{"time":1.6666,"x":0,"y":-152.68}]},"3":{"rotate":[{"time":0,"angle":-16.22},{"time":0.9333,"angle":-54.07},{"time":1.2666,"angle":0},{"time":1.6666,"angle":-16.22}],"translate":[{"time":0,"x":0,"y":-57.25},{"time":0.9333,"x":0,"y":-190.85},{"time":1.2666,"x":0,"y":0},{"time":1.6666,"x":0,"y":-57.25}]},"2":{"rotate":[{"time":0,"angle":0},{"time":1.3333,"angle":70.39}],"translate":[{"time":0,"x":0,"y":0},{"time":1.3333,"x":0,"y":-190.85},{"time":1.6666,"x":0,"y":0}]},"1":{"rotate":[{"time":0,"angle":-35.14},{"time":0.4666,"angle":-54.07},{"time":0.8,"angle":0},{"time":1.6666,"angle":-35.14}],"translate":[{"time":0,"x":0,"y":-124.05},{"time":0.4666,"x":0,"y":-190.85},{"time":0.8,"x":0,"y":0},{"time":1.6666,"x":0,"y":-124.05}]}}}}}