{"skeleton":{"hash":"0Ga+5WRKtcpugO+bF/FRMu8KZjo","spine":"3.4.02","width":210,"height":210,"images":"./images/"},"bones":[{"name":"root"},{"name":"zong","parent":"root"},{"name":"daiji_00","parent":"zong"},{"name":"daiji_0","parent":"zong"}],"slots":[{"name":"avator_frame_500313","bone":"root"},{"name":"daiji_00","bone":"daiji_00","blend":"additive"},{"name":"daiji_0","bone":"daiji_0","blend":"additive"}],"skins":{"default":{"daiji_0":{"daiji_00":{"width":60,"height":60},"daiji_01":{"width":60,"height":60},"daiji_02":{"width":60,"height":60},"daiji_04":{"width":60,"height":60},"daiji_06":{"width":60,"height":60},"daiji_08":{"width":60,"height":60},"daiji_10":{"width":60,"height":60},"daiji_12":{"width":60,"height":60},"daiji_14":{"width":60,"height":60},"daiji_16":{"width":60,"height":60},"daiji_18":{"width":60,"height":60},"daiji_20":{"width":60,"height":60},"daiji_22":{"width":60,"height":60},"daiji_24":{"width":60,"height":60},"daiji_26":{"width":60,"height":60},"daiji_28":{"width":60,"height":60}},"daiji_00":{"daiji_00":{"width":60,"height":60},"daiji_01":{"width":60,"height":60},"daiji_02":{"width":60,"height":60},"daiji_04":{"width":60,"height":60},"daiji_06":{"width":60,"height":60},"daiji_08":{"width":60,"height":60},"daiji_10":{"width":60,"height":60},"daiji_12":{"width":60,"height":60},"daiji_14":{"width":60,"height":60},"daiji_16":{"width":60,"height":60},"daiji_18":{"width":60,"height":60},"daiji_20":{"width":60,"height":60},"daiji_22":{"width":60,"height":60},"daiji_24":{"width":60,"height":60},"daiji_26":{"width":60,"height":60},"daiji_28":{"width":60,"height":60}}}},"animations":{"500313_1":{"slots":{"daiji_00":{"attachment":[{"time":0,"name":"daiji_00"},{"time":0.1,"name":"daiji_01"},{"time":0.2,"name":"daiji_02"},{"time":0.2666,"name":"daiji_04"},{"time":0.3666,"name":"daiji_06"},{"time":0.4666,"name":"daiji_08"},{"time":0.5666,"name":"daiji_10"},{"time":0.6666,"name":"daiji_12"},{"time":0.7333,"name":"daiji_14"},{"time":0.8333,"name":"daiji_16"},{"time":0.9333,"name":"daiji_18"},{"time":1.0333,"name":"daiji_20"},{"time":1.1333,"name":"daiji_22"},{"time":1.2,"name":"daiji_24"},{"time":1.3,"name":"daiji_26"},{"time":1.4,"name":"daiji_28"},{"time":1.5,"name":"daiji_00"}]},"daiji_0":{"attachment":[{"time":0,"name":"daiji_22"},{"time":0.0333,"name":"daiji_24"},{"time":0.1333,"name":"daiji_26"},{"time":0.2333,"name":"daiji_28"},{"time":0.3333,"name":"daiji_00"},{"time":0.4333,"name":"daiji_01"},{"time":0.5,"name":"daiji_02"},{"time":0.6,"name":"daiji_04"},{"time":0.7,"name":"daiji_06"},{"time":0.8,"name":"daiji_08"},{"time":0.9,"name":"daiji_10"},{"time":0.9666,"name":"daiji_12"},{"time":1.0666,"name":"daiji_14"},{"time":1.1666,"name":"daiji_16"},{"time":1.2666,"name":"daiji_18"},{"time":1.3666,"name":"daiji_20"},{"time":1.4333,"name":"daiji_22"},{"time":1.5,"name":"daiji_22"}]}},"bones":{"daiji_00":{"rotate":[{"time":0,"angle":0}],"translate":[{"time":0,"x":41.19,"y":-50.93}],"scale":[{"time":0,"x":1.8,"y":1.8}]},"daiji_0":{"rotate":[{"time":0,"angle":0}],"translate":[{"time":0,"x":-36.7,"y":-55.42}],"scale":[{"time":0,"x":1.8,"y":1.8}]}}}}}