{"skeleton":{"hash":"dre4pBkwX/37tkbf8Ye6khN70vs","spine":"3.4.02","width":210,"height":210,"images":"./龙宫城头像需求/"},"bones":[{"name":"root"},{"name":"S","parent":"root","length":62.76},{"name":"S2","parent":"S","length":85.41,"rotation":91.19,"x":51.05,"y":-78.69,"scaleX":0.234,"scaleY":0.234,"color":"4e259bff"},{"name":"S3","parent":"S","length":85.41,"rotation":91.19,"x":46.19,"y":-81.51,"scaleX":0.234,"scaleY":0.234,"color":"4e259bff"},{"name":"S4","parent":"S","length":85.41,"rotation":91.19,"x":50.99,"y":-79.8,"scaleX":0.234,"scaleY":0.234,"color":"4e259bff"},{"name":"S5","parent":"S","length":85.41,"rotation":91.19,"x":46.05,"y":-80.03,"scaleX":0.234,"scaleY":0.234,"color":"4e259bff"},{"name":"S6","parent":"S","length":85.41,"rotation":91.19,"x":51.26,"y":-78.47,"scaleX":0.234,"scaleY":0.234,"color":"4e259bff"},{"name":"S7","parent":"S","length":85.41,"rotation":91.19,"x":50.32,"y":-79.31,"scaleX":0.234,"scaleY":0.234,"color":"4e259bff"},{"name":"S8","parent":"S","length":85.41,"rotation":91.19,"x":48.94,"y":-80.24,"scaleX":0.234,"scaleY":0.234,"color":"4e259bff"},{"name":"S9","parent":"S","length":85.41,"rotation":91.19,"x":48.62,"y":-78.87,"scaleX":0.234,"scaleY":0.234,"color":"4e259bff"},{"name":"S10","parent":"S","length":85.41,"rotation":91.19,"x":47.97,"y":-80.69,"scaleX":0.234,"scaleY":0.234,"color":"4e259bff"},{"name":"S11","parent":"S","length":85.41,"rotation":91.19,"x":49.07,"y":-79.75,"scaleX":0.234,"scaleY":0.234,"color":"4e259bff"},{"name":"S12","parent":"S","length":85.41,"rotation":91.19,"x":51.25,"y":-80.67,"scaleX":0.234,"scaleY":0.234,"color":"4e259bff"},{"name":"S13","parent":"S","length":85.41,"rotation":91.19,"x":53.94,"y":-83.69,"scaleX":0.234,"scaleY":0.234,"color":"4e259bff"},{"name":"S14","parent":"S","length":85.41,"rotation":91.19,"x":49.45,"y":-83.69,"scaleX":0.234,"scaleY":0.234,"color":"4e259bff"},{"name":"S15","parent":"S","length":85.41,"rotation":91.19,"x":40.88,"y":-82.13,"scaleX":0.234,"scaleY":0.234,"color":"4e259bff"},{"name":"S16","parent":"S","length":85.41,"rotation":91.19,"x":51.3,"y":-80.87,"scaleX":0.234,"scaleY":0.234,"color":"4e259bff"},{"name":"S17","parent":"S","length":85.41,"rotation":91.19,"x":49.42,"y":-80.4,"scaleX":0.234,"scaleY":0.234,"color":"4e259bff"},{"name":"S18","parent":"S","length":85.41,"rotation":91.19,"x":44.72,"y":-82.88,"scaleX":0.234,"scaleY":0.234,"color":"4e259bff"},{"name":"S19","parent":"S","length":85.41,"rotation":91.19,"x":55.99,"y":-81.61,"scaleX":0.234,"scaleY":0.234,"color":"4e259bff"},{"name":"S20","parent":"S","length":85.41,"rotation":91.19,"x":51,"y":-79.42,"scaleX":0.234,"scaleY":0.234,"color":"4e259bff"},{"name":"S21","parent":"S","length":85.41,"rotation":91.19,"x":49.44,"y":-86.74,"scaleX":0.234,"scaleY":0.234,"color":"4e259bff"},{"name":"S22","parent":"S","length":85.41,"rotation":91.19,"x":45.05,"y":-79.65,"scaleX":0.234,"scaleY":0.234,"color":"4e259bff"},{"name":"S23","parent":"S","length":85.41,"rotation":91.19,"x":45.05,"y":-84.75,"scaleX":0.234,"scaleY":0.234,"color":"4e259bff"},{"name":"S24","parent":"S","length":85.41,"rotation":91.19,"x":53.21,"y":-85.06,"scaleX":0.234,"scaleY":0.234,"color":"4e259bff"},{"name":"S25","parent":"S","length":85.41,"rotation":91.19,"x":56.97,"y":-76.74,"scaleX":0.234,"scaleY":0.234,"color":"4e259bff"},{"name":"S26","parent":"S","length":85.41,"rotation":91.19,"x":54.15,"y":-72.06,"scaleX":0.234,"scaleY":0.234,"color":"4e259bff"},{"name":"S27","parent":"S","length":85.41,"rotation":91.19,"x":46.32,"y":-74.58,"scaleX":0.234,"scaleY":0.234,"color":"4e259bff"},{"name":"S28","parent":"root","length":62.76,"rotation":-22.63,"x":-89.98,"y":22.5},{"name":"S29","parent":"S28","length":85.41,"rotation":91.19,"x":51.05,"y":-78.69,"scaleX":0.234,"scaleY":0.234,"color":"4e259bff"},{"name":"S30","parent":"S28","length":85.41,"rotation":91.19,"x":46.19,"y":-81.51,"scaleX":0.234,"scaleY":0.234,"color":"4e259bff"},{"name":"S31","parent":"S28","length":85.41,"rotation":91.19,"x":50.99,"y":-79.8,"scaleX":0.234,"scaleY":0.234,"color":"4e259bff"},{"name":"S32","parent":"S28","length":85.41,"rotation":91.19,"x":46.05,"y":-80.03,"scaleX":0.234,"scaleY":0.234,"color":"4e259bff"},{"name":"S33","parent":"S28","length":85.41,"rotation":91.19,"x":51.26,"y":-78.47,"scaleX":0.234,"scaleY":0.234,"color":"4e259bff"},{"name":"S34","parent":"S28","length":85.41,"rotation":91.19,"x":50.32,"y":-79.31,"scaleX":0.234,"scaleY":0.234,"color":"4e259bff"},{"name":"S35","parent":"S28","length":85.41,"rotation":91.19,"x":48.94,"y":-80.24,"scaleX":0.234,"scaleY":0.234,"color":"4e259bff"},{"name":"S36","parent":"S28","length":85.41,"rotation":91.19,"x":48.62,"y":-78.87,"scaleX":0.234,"scaleY":0.234,"color":"4e259bff"},{"name":"S37","parent":"S28","length":85.41,"rotation":91.19,"x":47.97,"y":-80.69,"scaleX":0.234,"scaleY":0.234,"color":"4e259bff"},{"name":"S38","parent":"S28","length":85.41,"rotation":91.19,"x":49.07,"y":-79.75,"scaleX":0.234,"scaleY":0.234,"color":"4e259bff"},{"name":"S39","parent":"S28","length":85.41,"rotation":91.19,"x":51.25,"y":-80.67,"scaleX":0.234,"scaleY":0.234,"color":"4e259bff"},{"name":"S40","parent":"S28","length":85.41,"rotation":91.19,"x":53.94,"y":-83.69,"scaleX":0.234,"scaleY":0.234,"color":"4e259bff"},{"name":"S41","parent":"S28","length":85.41,"rotation":91.19,"x":49.45,"y":-83.69,"scaleX":0.234,"scaleY":0.234,"color":"4e259bff"},{"name":"S42","parent":"S28","length":85.41,"rotation":91.19,"x":40.88,"y":-82.13,"scaleX":0.234,"scaleY":0.234,"color":"4e259bff"},{"name":"S43","parent":"S28","length":85.41,"rotation":91.19,"x":51.3,"y":-80.87,"scaleX":0.234,"scaleY":0.234,"color":"4e259bff"},{"name":"S44","parent":"S28","length":85.41,"rotation":91.19,"x":49.42,"y":-80.4,"scaleX":0.234,"scaleY":0.234,"color":"4e259bff"},{"name":"S45","parent":"S28","length":85.41,"rotation":91.19,"x":44.72,"y":-82.88,"scaleX":0.234,"scaleY":0.234,"color":"4e259bff"},{"name":"S46","parent":"S28","length":85.41,"rotation":91.19,"x":55.99,"y":-81.61,"scaleX":0.234,"scaleY":0.234,"color":"4e259bff"},{"name":"S47","parent":"S28","length":85.41,"rotation":91.19,"x":51,"y":-79.42,"scaleX":0.234,"scaleY":0.234,"color":"4e259bff"},{"name":"S48","parent":"S28","length":85.41,"rotation":91.19,"x":49.44,"y":-86.74,"scaleX":0.234,"scaleY":0.234,"color":"4e259bff"},{"name":"S49","parent":"S28","length":85.41,"rotation":91.19,"x":45.05,"y":-79.65,"scaleX":0.234,"scaleY":0.234,"color":"4e259bff"},{"name":"S50","parent":"S28","length":85.41,"rotation":91.19,"x":45.05,"y":-84.75,"scaleX":0.234,"scaleY":0.234,"color":"4e259bff"},{"name":"S51","parent":"S28","length":85.41,"rotation":91.19,"x":53.21,"y":-85.06,"scaleX":0.234,"scaleY":0.234,"color":"4e259bff"},{"name":"S52","parent":"S28","length":85.41,"rotation":91.19,"x":56.97,"y":-76.74,"scaleX":0.234,"scaleY":0.234,"color":"4e259bff"},{"name":"S53","parent":"S28","length":85.41,"rotation":91.19,"x":54.15,"y":-72.06,"scaleX":0.234,"scaleY":0.234,"color":"4e259bff"},{"name":"S54","parent":"S28","length":85.41,"rotation":91.19,"x":46.32,"y":-74.58,"scaleX":0.234,"scaleY":0.234,"color":"4e259bff"},{"name":"avator_frame_500426_fish","parent":"root","length":67.81,"rotation":92.01,"x":-72.16,"y":-76.85},{"name":"bone","parent":"root","length":7.59,"rotation":91.74,"x":5.6,"y":-80.44},{"name":"bone2","parent":"root","length":7.13,"rotation":91.85,"x":31.13,"y":-79.99},{"name":"bone3","parent":"root","length":6.67,"rotation":90,"x":42.63,"y":-80.68},{"name":"bone4","parent":"root","length":8.05,"rotation":90,"x":-7.51,"y":-81.37},{"name":"bone5","parent":"root","length":8.28,"rotation":88.41,"x":-19.93,"y":-81.37},{"name":"bone6","parent":"root","length":7.36,"rotation":90,"x":53.21,"y":-81.14},{"name":"bone7","parent":"root","length":7.28,"rotation":91.64,"x":18.52,"y":-81.05}],"slots":[{"name":"avator_frame_500426_fish","bone":"avator_frame_500426_fish","attachment":"avator_frame_500426_fish"},{"name":"S","bone":"root","attachment":"S"},{"name":"S2","bone":"S2","attachment":"S2"},{"name":"S28","bone":"S29","attachment":"S2"},{"name":"S3","bone":"S3","attachment":"S2"},{"name":"S29","bone":"S30","attachment":"S2"},{"name":"S4","bone":"S4","attachment":"S2"},{"name":"S30","bone":"S31","attachment":"S2"},{"name":"S5","bone":"S5","attachment":"S2"},{"name":"S31","bone":"S32","attachment":"S2"},{"name":"S6","bone":"S6","attachment":"S2"},{"name":"S32","bone":"S33","attachment":"S2"},{"name":"S7","bone":"S7","attachment":"S2"},{"name":"S33","bone":"S34","attachment":"S2"},{"name":"S8","bone":"S8","attachment":"S2"},{"name":"S34","bone":"S35","attachment":"S2"},{"name":"S9","bone":"S9","attachment":"S2"},{"name":"S35","bone":"S36","attachment":"S2"},{"name":"S10","bone":"S10","attachment":"S2"},{"name":"S36","bone":"S37","attachment":"S2"},{"name":"S11","bone":"S11","attachment":"S2"},{"name":"S37","bone":"S38","attachment":"S2"},{"name":"S12","bone":"S12","attachment":"S2"},{"name":"S38","bone":"S39","attachment":"S2"},{"name":"S13","bone":"S13","attachment":"S2"},{"name":"S39","bone":"S40","attachment":"S2"},{"name":"S14","bone":"S14","attachment":"S2"},{"name":"S40","bone":"S41","attachment":"S2"},{"name":"S15","bone":"S15","attachment":"S2"},{"name":"S41","bone":"S42","attachment":"S2"},{"name":"S16","bone":"S16","attachment":"S2"},{"name":"S42","bone":"S43","attachment":"S2"},{"name":"S17","bone":"S17","attachment":"S2"},{"name":"S43","bone":"S44","attachment":"S2"},{"name":"S18","bone":"S18","attachment":"S2"},{"name":"S44","bone":"S45","attachment":"S2"},{"name":"S19","bone":"S19","attachment":"S2"},{"name":"S45","bone":"S46","attachment":"S2"},{"name":"S20","bone":"S20","attachment":"S2"},{"name":"S46","bone":"S47","attachment":"S2"},{"name":"S21","bone":"S21","attachment":"S2"},{"name":"S47","bone":"S48","attachment":"S2"},{"name":"S22","bone":"S22","attachment":"S2"},{"name":"S48","bone":"S49","attachment":"S2"},{"name":"S23","bone":"S23","attachment":"S2"},{"name":"S49","bone":"S50","attachment":"S2"},{"name":"S24","bone":"S24","attachment":"S2"},{"name":"S50","bone":"S51","attachment":"S2"},{"name":"S25","bone":"S25","attachment":"S2"},{"name":"S51","bone":"S52","attachment":"S2"},{"name":"S26","bone":"S26","attachment":"S2"},{"name":"S52","bone":"S53","attachment":"S2"},{"name":"S27","bone":"S27","attachment":"S2"},{"name":"S53","bone":"S54","attachment":"S2"},{"name":"avator_frame_500426","bone":"root","attachment":"avator_frame_500426"}],"skins":{"default":{"S":{"S":{"type":"mesh","uvs":[1,0.1188,1,0.21813,0,0.20007,0,0.10074,0,0,0.08056,0,0.21301,0,0.33642,0,0.49294,0,0.61635,0,0.74277,0,0.87822,0,1,0,0.08659,0.10074,0.21602,0.09171,0.36652,0.11278,0.47789,0.11278,0.61033,0.11278,0.74879,0.11278,0.85414,0.10074,0.11067,0.20007,0.23107,0.20007,0.36652,0.20308,0.49294,0.20308,0.61334,0.20308,0.73073,0.20308,0.85414,0.21211],"triangles":[11,12,0,9,10,18,13,5,6,3,4,5,14,6,7,3,5,13,13,6,14,17,8,9,20,13,14,2,3,13,20,14,21,21,14,15,2,13,20,22,15,16,23,16,17,26,18,19,26,0,1,22,23,26,23,24,26,22,26,1,24,25,26,25,18,26,17,25,24,23,17,24,22,16,23,21,15,22,1,2,22,22,2,20,20,21,22,26,19,0,18,25,17,19,11,0,18,10,19,18,17,9,16,8,17,16,15,8,14,7,15,19,10,11,15,7,8],"vertices":[1,0,77.26,-83.26,1,1,0,68.78,-83.93,1,1,0,-23.69,-87.77,1,1,0,-24.94,-89.61,1,1,60,1.22,21.69,1,1,60,1.45,13.64,1,1,60,1.81,0.4,1,2,60,2.16,-11.94,0.00537,59,1.82,0.43,0.99463,2,56,0.84,-2.14,0.92559,62,1.82,10.76,0.07441,3,62,1.47,-1.58,0.82827,57,0.8,11.05,0.16662,58,1.13,22.57,0.0051,3,62,1.11,-14.21,0.02242,57,0.39,-1.58,0.92282,58,1.13,9.93,0.05476,2,58,1.13,-3.61,0.93919,61,1.59,6.97,0.06081,1,61,1.59,-5.21,1,1,0,-16.28,-88,1,1,0,-2.87,-86.36,1,1,0,11.33,-85.28,1,1,0,23.79,-83.97,1,1,0,36.09,-88.31,1,1,0,49.94,-87.99,1,1,0,60.31,-85.38,1,1,0,-13.88,-88.87,1,1,0,-2.46,-86.36,1,1,0,26.94,-84.21,1,1,0,25.21,-85.12,1,1,0,36.77,-87.48,1,1,0,48.67,-88.29,1,1,0,60.47,-88.03,1],"hull":13,"edges":[8,10,10,12,12,14,14,16,16,18,18,20,20,22,22,24,6,8,0,24,4,6,0,2,2,4],"width":100,"height":100}},"S10":{"S2":{"x":2.02,"y":2.06,"scaleX":0.379,"scaleY":0.379,"rotation":-91.19,"width":100,"height":100}},"S11":{"S2":{"x":2.02,"y":2.06,"scaleX":0.379,"scaleY":0.379,"rotation":-91.19,"width":100,"height":100}},"S12":{"S2":{"x":2.02,"y":2.06,"scaleX":0.379,"scaleY":0.379,"rotation":-91.19,"width":100,"height":100}},"S13":{"S2":{"x":2.02,"y":2.06,"scaleX":0.379,"scaleY":0.379,"rotation":-91.19,"width":100,"height":100}},"S14":{"S2":{"x":2.02,"y":2.06,"scaleX":0.379,"scaleY":0.379,"rotation":-91.19,"width":100,"height":100}},"S15":{"S2":{"x":2.02,"y":2.06,"scaleX":0.379,"scaleY":0.379,"rotation":-91.19,"width":100,"height":100}},"S16":{"S2":{"x":2.02,"y":2.06,"scaleX":0.379,"scaleY":0.379,"rotation":-91.19,"width":100,"height":100}},"S17":{"S2":{"x":2.02,"y":2.06,"scaleX":0.379,"scaleY":0.379,"rotation":-91.19,"width":100,"height":100}},"S18":{"S2":{"x":2.02,"y":2.06,"scaleX":0.379,"scaleY":0.379,"rotation":-91.19,"width":100,"height":100}},"S19":{"S2":{"x":2.02,"y":2.06,"scaleX":0.379,"scaleY":0.379,"rotation":-91.19,"width":100,"height":100}},"S2":{"S2":{"x":2.02,"y":2.06,"scaleX":0.379,"scaleY":0.379,"rotation":-91.19,"width":100,"height":100}},"S20":{"S2":{"x":2.02,"y":2.06,"scaleX":0.379,"scaleY":0.379,"rotation":-91.19,"width":100,"height":100}},"S21":{"S2":{"x":2.02,"y":2.06,"scaleX":0.379,"scaleY":0.379,"rotation":-91.19,"width":100,"height":100}},"S22":{"S2":{"x":2.02,"y":2.06,"scaleX":0.379,"scaleY":0.379,"rotation":-91.19,"width":100,"height":100}},"S23":{"S2":{"x":2.02,"y":2.06,"scaleX":0.379,"scaleY":0.379,"rotation":-91.19,"width":100,"height":100}},"S24":{"S2":{"x":2.02,"y":2.06,"scaleX":0.379,"scaleY":0.379,"rotation":-91.19,"width":100,"height":100}},"S25":{"S2":{"x":2.02,"y":2.06,"scaleX":0.379,"scaleY":0.379,"rotation":-91.19,"width":100,"height":100}},"S26":{"S2":{"x":2.02,"y":2.06,"scaleX":0.379,"scaleY":0.379,"rotation":-91.19,"width":100,"height":100}},"S27":{"S2":{"x":2.02,"y":2.06,"scaleX":0.379,"scaleY":0.379,"rotation":-91.19,"width":100,"height":100}},"S28":{"S2":{"x":2.02,"y":2.06,"scaleX":0.379,"scaleY":0.379,"rotation":-91.19,"width":100,"height":100}},"S29":{"S2":{"x":2.02,"y":2.06,"scaleX":0.379,"scaleY":0.379,"rotation":-91.19,"width":100,"height":100}},"S3":{"S2":{"x":2.02,"y":2.06,"scaleX":0.379,"scaleY":0.379,"rotation":-91.19,"width":100,"height":100}},"S30":{"S2":{"x":2.02,"y":2.06,"scaleX":0.379,"scaleY":0.379,"rotation":-91.19,"width":100,"height":100}},"S31":{"S2":{"x":2.02,"y":2.06,"scaleX":0.379,"scaleY":0.379,"rotation":-91.19,"width":100,"height":100}},"S32":{"S2":{"x":2.02,"y":2.06,"scaleX":0.379,"scaleY":0.379,"rotation":-91.19,"width":100,"height":100}},"S33":{"S2":{"x":2.02,"y":2.06,"scaleX":0.379,"scaleY":0.379,"rotation":-91.19,"width":100,"height":100}},"S34":{"S2":{"x":2.02,"y":2.06,"scaleX":0.379,"scaleY":0.379,"rotation":-91.19,"width":100,"height":100}},"S35":{"S2":{"x":2.02,"y":2.06,"scaleX":0.379,"scaleY":0.379,"rotation":-91.19,"width":100,"height":100}},"S36":{"S2":{"x":2.02,"y":2.06,"scaleX":0.379,"scaleY":0.379,"rotation":-91.19,"width":100,"height":100}},"S37":{"S2":{"x":2.02,"y":2.06,"scaleX":0.379,"scaleY":0.379,"rotation":-91.19,"width":100,"height":100}},"S38":{"S2":{"x":2.02,"y":2.06,"scaleX":0.379,"scaleY":0.379,"rotation":-91.19,"width":100,"height":100}},"S39":{"S2":{"x":2.02,"y":2.06,"scaleX":0.379,"scaleY":0.379,"rotation":-91.19,"width":100,"height":100}},"S4":{"S2":{"x":2.02,"y":2.06,"scaleX":0.379,"scaleY":0.379,"rotation":-91.19,"width":100,"height":100}},"S40":{"S2":{"x":2.02,"y":2.06,"scaleX":0.379,"scaleY":0.379,"rotation":-91.19,"width":100,"height":100}},"S41":{"S2":{"x":2.02,"y":2.06,"scaleX":0.379,"scaleY":0.379,"rotation":-91.19,"width":100,"height":100}},"S42":{"S2":{"x":2.02,"y":2.06,"scaleX":0.379,"scaleY":0.379,"rotation":-91.19,"width":100,"height":100}},"S43":{"S2":{"x":2.02,"y":2.06,"scaleX":0.379,"scaleY":0.379,"rotation":-91.19,"width":100,"height":100}},"S44":{"S2":{"x":2.02,"y":2.06,"scaleX":0.379,"scaleY":0.379,"rotation":-91.19,"width":100,"height":100}},"S45":{"S2":{"x":2.02,"y":2.06,"scaleX":0.379,"scaleY":0.379,"rotation":-91.19,"width":100,"height":100}},"S46":{"S2":{"x":2.02,"y":2.06,"scaleX":0.379,"scaleY":0.379,"rotation":-91.19,"width":100,"height":100}},"S47":{"S2":{"x":2.02,"y":2.06,"scaleX":0.379,"scaleY":0.379,"rotation":-91.19,"width":100,"height":100}},"S48":{"S2":{"x":2.02,"y":2.06,"scaleX":0.379,"scaleY":0.379,"rotation":-91.19,"width":100,"height":100}},"S49":{"S2":{"x":2.02,"y":2.06,"scaleX":0.379,"scaleY":0.379,"rotation":-91.19,"width":100,"height":100}},"S5":{"S2":{"x":2.02,"y":2.06,"scaleX":0.379,"scaleY":0.379,"rotation":-91.19,"width":100,"height":100}},"S50":{"S2":{"x":2.02,"y":2.06,"scaleX":0.379,"scaleY":0.379,"rotation":-91.19,"width":100,"height":100}},"S51":{"S2":{"x":2.02,"y":2.06,"scaleX":0.379,"scaleY":0.379,"rotation":-91.19,"width":100,"height":100}},"S52":{"S2":{"x":2.02,"y":2.06,"scaleX":0.379,"scaleY":0.379,"rotation":-91.19,"width":100,"height":100}},"S53":{"S2":{"x":2.02,"y":2.06,"scaleX":0.379,"scaleY":0.379,"rotation":-91.19,"width":100,"height":100}},"S6":{"S2":{"x":2.02,"y":2.06,"scaleX":0.379,"scaleY":0.379,"rotation":-91.19,"width":100,"height":100}},"S7":{"S2":{"x":2.02,"y":2.06,"scaleX":0.379,"scaleY":0.379,"rotation":-91.19,"width":100,"height":100}},"S8":{"S2":{"x":2.02,"y":2.06,"scaleX":0.379,"scaleY":0.379,"rotation":-91.19,"width":100,"height":100}},"S9":{"S2":{"x":2.02,"y":2.06,"scaleX":0.379,"scaleY":0.379,"rotation":-91.19,"width":100,"height":100}},"avator_frame_500426":{"avator_frame_500426":{"width":210,"height":210}},"avator_frame_500426_fish":{"avator_frame_500426_fish":{"x":-0.5,"y":-2.64,"rotation":-92.01,"width":43,"height":42}}}},"animations":{"500426_1":{"slots":{"S":{"color":[{"time":0,"color":"ffffff00","curve":"stepped"},{"time":0.8333,"color":"ffffff00"},{"time":0.9333,"color":"ffffffff","curve":"stepped"},{"time":1.2,"color":"ffffffff"},{"time":1.3333,"color":"ffffff00"}]},"S2":{"color":[{"time":0,"color":"ffffff00","curve":"stepped"},{"time":0.7666,"color":"ffffff00"},{"time":0.9333,"color":"ffffffff","curve":"stepped"},{"time":1.3333,"color":"ffffffff"},{"time":1.5666,"color":"ffffff00","curve":"stepped"},{"time":3.3333,"color":"ffffff00"}]},"S3":{"color":[{"time":0,"color":"ffffff00","curve":"stepped"},{"time":0.7666,"color":"ffffff00"},{"time":0.9333,"color":"ffffffff","curve":"stepped"},{"time":1.3333,"color":"ffffffff"},{"time":1.5666,"color":"ffffff00","curve":"stepped"},{"time":3.3333,"color":"ffffff00"}]},"S4":{"color":[{"time":0,"color":"ffffff00","curve":"stepped"},{"time":0.7666,"color":"ffffff00"},{"time":0.9333,"color":"ffffffff","curve":"stepped"},{"time":1.3333,"color":"ffffffff"},{"time":1.5666,"color":"ffffff00","curve":"stepped"},{"time":3.3333,"color":"ffffff00"}]},"S5":{"color":[{"time":0,"color":"ffffff00","curve":"stepped"},{"time":0.7666,"color":"ffffff00"},{"time":0.9333,"color":"ffffffff","curve":"stepped"},{"time":1.3333,"color":"ffffffff"},{"time":1.5666,"color":"ffffff00","curve":"stepped"},{"time":3.3333,"color":"ffffff00"}]},"S6":{"color":[{"time":0,"color":"ffffff00","curve":"stepped"},{"time":0.7666,"color":"ffffff00"},{"time":0.9333,"color":"ffffffff","curve":"stepped"},{"time":1.3333,"color":"ffffffff"},{"time":1.5666,"color":"ffffff00","curve":"stepped"},{"time":3.3333,"color":"ffffff00"}]},"S7":{"color":[{"time":0,"color":"ffffff00","curve":"stepped"},{"time":0.7666,"color":"ffffff00"},{"time":0.9333,"color":"ffffffff","curve":"stepped"},{"time":1.3333,"color":"ffffffff"},{"time":1.5666,"color":"ffffff00","curve":"stepped"},{"time":3.3333,"color":"ffffff00"}]},"S8":{"color":[{"time":0,"color":"ffffff00","curve":"stepped"},{"time":0.7666,"color":"ffffff00"},{"time":0.9333,"color":"ffffffff","curve":"stepped"},{"time":1.3333,"color":"ffffffff"},{"time":1.5666,"color":"ffffff00","curve":"stepped"},{"time":3.3333,"color":"ffffff00"}]},"S9":{"color":[{"time":0,"color":"ffffff00","curve":"stepped"},{"time":0.7666,"color":"ffffff00"},{"time":0.9333,"color":"ffffffff","curve":"stepped"},{"time":1.3333,"color":"ffffffff"},{"time":1.5666,"color":"ffffff00","curve":"stepped"},{"time":3.3333,"color":"ffffff00"}]},"S10":{"color":[{"time":0,"color":"ffffff00","curve":"stepped"},{"time":0.7666,"color":"ffffff00"},{"time":0.9333,"color":"ffffffff","curve":"stepped"},{"time":1.3333,"color":"ffffffff"},{"time":1.5666,"color":"ffffff00","curve":"stepped"},{"time":3.3333,"color":"ffffff00"}]},"S11":{"color":[{"time":0,"color":"ffffff00","curve":"stepped"},{"time":0.7666,"color":"ffffff00"},{"time":0.9333,"color":"ffffffff","curve":"stepped"},{"time":1.3333,"color":"ffffffff"},{"time":1.5666,"color":"ffffff00","curve":"stepped"},{"time":3.3333,"color":"ffffff00"}]},"S12":{"color":[{"time":0,"color":"ffffff00","curve":"stepped"},{"time":0.7666,"color":"ffffff00"},{"time":0.9333,"color":"ffffffff","curve":"stepped"},{"time":1.3333,"color":"ffffffff"},{"time":1.5666,"color":"ffffff00","curve":"stepped"},{"time":3.3333,"color":"ffffff00"}]},"S13":{"color":[{"time":0,"color":"ffffff00","curve":"stepped"},{"time":0.7666,"color":"ffffff00"},{"time":0.9333,"color":"ffffffff","curve":"stepped"},{"time":1.3333,"color":"ffffffff"},{"time":1.5666,"color":"ffffff00","curve":"stepped"},{"time":3.3333,"color":"ffffff00"}]},"S14":{"color":[{"time":0,"color":"ffffff00","curve":"stepped"},{"time":0.7666,"color":"ffffff00"},{"time":0.9333,"color":"ffffffff","curve":"stepped"},{"time":1.3333,"color":"ffffffff"},{"time":1.5666,"color":"ffffff00","curve":"stepped"},{"time":3.3333,"color":"ffffff00"}]},"S15":{"color":[{"time":0,"color":"ffffff00","curve":"stepped"},{"time":0.7666,"color":"ffffff00"},{"time":0.9333,"color":"ffffffff","curve":"stepped"},{"time":1.3333,"color":"ffffffff"},{"time":1.5666,"color":"ffffff00","curve":"stepped"},{"time":3.3333,"color":"ffffff00"}]},"S16":{"color":[{"time":0,"color":"ffffff00","curve":"stepped"},{"time":0.7666,"color":"ffffff00"},{"time":0.9333,"color":"ffffffff","curve":"stepped"},{"time":1.3333,"color":"ffffffff"},{"time":1.5666,"color":"ffffff00","curve":"stepped"},{"time":3.3333,"color":"ffffff00"}]},"S17":{"color":[{"time":0,"color":"ffffff00","curve":"stepped"},{"time":0.7666,"color":"ffffff00"},{"time":0.9333,"color":"ffffffff","curve":"stepped"},{"time":1.3333,"color":"ffffffff"},{"time":1.5666,"color":"ffffff00","curve":"stepped"},{"time":3.3333,"color":"ffffff00"}]},"S18":{"color":[{"time":0,"color":"ffffff00","curve":"stepped"},{"time":0.7666,"color":"ffffff00"},{"time":0.9333,"color":"ffffffff","curve":"stepped"},{"time":1.3333,"color":"ffffffff"},{"time":1.5666,"color":"ffffff00","curve":"stepped"},{"time":3.3333,"color":"ffffff00"}]},"S19":{"color":[{"time":0,"color":"ffffff00","curve":"stepped"},{"time":0.7666,"color":"ffffff00"},{"time":0.9333,"color":"ffffffff","curve":"stepped"},{"time":1.3333,"color":"ffffffff"},{"time":1.5666,"color":"ffffff00","curve":"stepped"},{"time":3.3333,"color":"ffffff00"}]},"S20":{"color":[{"time":0,"color":"ffffff00","curve":"stepped"},{"time":0.7666,"color":"ffffff00"},{"time":0.9333,"color":"ffffffff","curve":"stepped"},{"time":1.3333,"color":"ffffffff"},{"time":1.5666,"color":"ffffff00","curve":"stepped"},{"time":3.3333,"color":"ffffff00"}]},"S21":{"color":[{"time":0,"color":"ffffff00","curve":"stepped"},{"time":0.7666,"color":"ffffff00"},{"time":0.9333,"color":"ffffffff","curve":"stepped"},{"time":1.3333,"color":"ffffffff"},{"time":1.5666,"color":"ffffff00","curve":"stepped"},{"time":3.3333,"color":"ffffff00"}]},"S22":{"color":[{"time":0,"color":"ffffff00","curve":"stepped"},{"time":0.7666,"color":"ffffff00"},{"time":0.9333,"color":"ffffffff","curve":"stepped"},{"time":1.3333,"color":"ffffffff"},{"time":1.5666,"color":"ffffff00","curve":"stepped"},{"time":3.3333,"color":"ffffff00"}]},"S23":{"color":[{"time":0,"color":"ffffff00","curve":"stepped"},{"time":0.7666,"color":"ffffff00"},{"time":0.9333,"color":"ffffffff","curve":"stepped"},{"time":1.3333,"color":"ffffffff"},{"time":1.5666,"color":"ffffff00","curve":"stepped"},{"time":3.3333,"color":"ffffff00"}]},"S24":{"color":[{"time":0,"color":"ffffff00","curve":"stepped"},{"time":0.7666,"color":"ffffff00"},{"time":0.9333,"color":"ffffffff","curve":"stepped"},{"time":1.3333,"color":"ffffffff"},{"time":1.5666,"color":"ffffff00","curve":"stepped"},{"time":3.3333,"color":"ffffff00"}]},"S25":{"color":[{"time":0,"color":"ffffff00","curve":"stepped"},{"time":0.7666,"color":"ffffff00"},{"time":0.9333,"color":"ffffffff","curve":"stepped"},{"time":1.3333,"color":"ffffffff"},{"time":1.5666,"color":"ffffff00","curve":"stepped"},{"time":3.3333,"color":"ffffff00"}]},"S26":{"color":[{"time":0,"color":"ffffff00","curve":"stepped"},{"time":0.7666,"color":"ffffff00"},{"time":0.9333,"color":"ffffffff","curve":"stepped"},{"time":1.3333,"color":"ffffffff"},{"time":1.5666,"color":"ffffff00","curve":"stepped"},{"time":3.3333,"color":"ffffff00"}]},"S27":{"color":[{"time":0,"color":"ffffff00","curve":"stepped"},{"time":0.7666,"color":"ffffff00"},{"time":0.9333,"color":"ffffffff","curve":"stepped"},{"time":1.3333,"color":"ffffffff"},{"time":1.5666,"color":"ffffff00","curve":"stepped"},{"time":3.3333,"color":"ffffff00"}]},"S28":{"color":[{"time":0,"color":"ffffff00","curve":"stepped"},{"time":0.0333,"color":"ffffff00"},{"time":0.2,"color":"ffffffff","curve":"stepped"},{"time":0.6,"color":"ffffffff"},{"time":0.8333,"color":"ffffff00"}]},"S29":{"color":[{"time":0,"color":"ffffff00","curve":"stepped"},{"time":0.0333,"color":"ffffff00"},{"time":0.2,"color":"ffffffff","curve":"stepped"},{"time":0.6,"color":"ffffffff"},{"time":0.8333,"color":"ffffff00"}]},"S30":{"color":[{"time":0,"color":"ffffff00","curve":"stepped"},{"time":0.0333,"color":"ffffff00"},{"time":0.2,"color":"ffffffff","curve":"stepped"},{"time":0.6,"color":"ffffffff"},{"time":0.8333,"color":"ffffff00"}]},"S31":{"color":[{"time":0,"color":"ffffff00","curve":"stepped"},{"time":0.0333,"color":"ffffff00"},{"time":0.2,"color":"ffffffff","curve":"stepped"},{"time":0.6,"color":"ffffffff"},{"time":0.8333,"color":"ffffff00"}]},"S32":{"color":[{"time":0,"color":"ffffff00","curve":"stepped"},{"time":0.0333,"color":"ffffff00"},{"time":0.2,"color":"ffffffff","curve":"stepped"},{"time":0.6,"color":"ffffffff"},{"time":0.8333,"color":"ffffff00"}]},"S33":{"color":[{"time":0,"color":"ffffff00","curve":"stepped"},{"time":0.0333,"color":"ffffff00"},{"time":0.2,"color":"ffffffff","curve":"stepped"},{"time":0.6,"color":"ffffffff"},{"time":0.8333,"color":"ffffff00"}]},"S34":{"color":[{"time":0,"color":"ffffff00","curve":"stepped"},{"time":0.0333,"color":"ffffff00"},{"time":0.2,"color":"ffffffff","curve":"stepped"},{"time":0.6,"color":"ffffffff"},{"time":0.8333,"color":"ffffff00"}]},"S35":{"color":[{"time":0,"color":"ffffff00","curve":"stepped"},{"time":0.0333,"color":"ffffff00"},{"time":0.2,"color":"ffffffff","curve":"stepped"},{"time":0.6,"color":"ffffffff"},{"time":0.8333,"color":"ffffff00"}]},"S36":{"color":[{"time":0,"color":"ffffff00","curve":"stepped"},{"time":0.0333,"color":"ffffff00"},{"time":0.2,"color":"ffffffff","curve":"stepped"},{"time":0.6,"color":"ffffffff"},{"time":0.8333,"color":"ffffff00"}]},"S37":{"color":[{"time":0,"color":"ffffff00","curve":"stepped"},{"time":0.0333,"color":"ffffff00"},{"time":0.2,"color":"ffffffff","curve":"stepped"},{"time":0.6,"color":"ffffffff"},{"time":0.8333,"color":"ffffff00"}]},"S38":{"color":[{"time":0,"color":"ffffff00","curve":"stepped"},{"time":0.0333,"color":"ffffff00"},{"time":0.2,"color":"ffffffff","curve":"stepped"},{"time":0.6,"color":"ffffffff"},{"time":0.8333,"color":"ffffff00"}]},"S39":{"color":[{"time":0,"color":"ffffff00","curve":"stepped"},{"time":0.0333,"color":"ffffff00"},{"time":0.2,"color":"ffffffff","curve":"stepped"},{"time":0.6,"color":"ffffffff"},{"time":0.8333,"color":"ffffff00"}]},"S40":{"color":[{"time":0,"color":"ffffff00","curve":"stepped"},{"time":0.0333,"color":"ffffff00"},{"time":0.2,"color":"ffffffff","curve":"stepped"},{"time":0.6,"color":"ffffffff"},{"time":0.8333,"color":"ffffff00"}]},"S41":{"color":[{"time":0,"color":"ffffff00","curve":"stepped"},{"time":0.0333,"color":"ffffff00"},{"time":0.2,"color":"ffffffff","curve":"stepped"},{"time":0.6,"color":"ffffffff"},{"time":0.8333,"color":"ffffff00"}]},"S42":{"color":[{"time":0,"color":"ffffff00","curve":"stepped"},{"time":0.0333,"color":"ffffff00"},{"time":0.2,"color":"ffffffff","curve":"stepped"},{"time":0.6,"color":"ffffffff"},{"time":0.8333,"color":"ffffff00"}]},"S43":{"color":[{"time":0,"color":"ffffff00","curve":"stepped"},{"time":0.0333,"color":"ffffff00"},{"time":0.2,"color":"ffffffff","curve":"stepped"},{"time":0.6,"color":"ffffffff"},{"time":0.8333,"color":"ffffff00"}]},"S44":{"color":[{"time":0,"color":"ffffff00","curve":"stepped"},{"time":0.0333,"color":"ffffff00"},{"time":0.2,"color":"ffffffff","curve":"stepped"},{"time":0.6,"color":"ffffffff"},{"time":0.8333,"color":"ffffff00"}]},"S45":{"color":[{"time":0,"color":"ffffff00","curve":"stepped"},{"time":0.0333,"color":"ffffff00"},{"time":0.2,"color":"ffffffff","curve":"stepped"},{"time":0.6,"color":"ffffffff"},{"time":0.8333,"color":"ffffff00"}]},"S46":{"color":[{"time":0,"color":"ffffff00","curve":"stepped"},{"time":0.0333,"color":"ffffff00"},{"time":0.2,"color":"ffffffff","curve":"stepped"},{"time":0.6,"color":"ffffffff"},{"time":0.8333,"color":"ffffff00"}]},"S47":{"color":[{"time":0,"color":"ffffff00","curve":"stepped"},{"time":0.0333,"color":"ffffff00"},{"time":0.2,"color":"ffffffff","curve":"stepped"},{"time":0.6,"color":"ffffffff"},{"time":0.8333,"color":"ffffff00"}]},"S48":{"color":[{"time":0,"color":"ffffff00","curve":"stepped"},{"time":0.0333,"color":"ffffff00"},{"time":0.2,"color":"ffffffff","curve":"stepped"},{"time":0.6,"color":"ffffffff"},{"time":0.8333,"color":"ffffff00"}]},"S49":{"color":[{"time":0,"color":"ffffff00","curve":"stepped"},{"time":0.0333,"color":"ffffff00"},{"time":0.2,"color":"ffffffff","curve":"stepped"},{"time":0.6,"color":"ffffffff"},{"time":0.8333,"color":"ffffff00"}]},"S50":{"color":[{"time":0,"color":"ffffff00","curve":"stepped"},{"time":0.0333,"color":"ffffff00"},{"time":0.2,"color":"ffffffff","curve":"stepped"},{"time":0.6,"color":"ffffffff"},{"time":0.8333,"color":"ffffff00"}]},"S51":{"color":[{"time":0,"color":"ffffff00","curve":"stepped"},{"time":0.0333,"color":"ffffff00"},{"time":0.2,"color":"ffffffff","curve":"stepped"},{"time":0.6,"color":"ffffffff"},{"time":0.8333,"color":"ffffff00"}]},"S52":{"color":[{"time":0,"color":"ffffff00","curve":"stepped"},{"time":0.0333,"color":"ffffff00"},{"time":0.2,"color":"ffffffff","curve":"stepped"},{"time":0.6,"color":"ffffffff"},{"time":0.8333,"color":"ffffff00"}]},"S53":{"color":[{"time":0,"color":"ffffff00","curve":"stepped"},{"time":0.0333,"color":"ffffff00"},{"time":0.2,"color":"ffffffff","curve":"stepped"},{"time":0.6,"color":"ffffffff"},{"time":0.8333,"color":"ffffff00"}]},"avator_frame_500426_fish":{"color":[{"time":0,"color":"ffffff00","curve":"stepped"},{"time":0.1666,"color":"ffffff00"},{"time":0.3,"color":"ffffffff","curve":"stepped"},{"time":1,"color":"ffffffff"},{"time":1.1333,"color":"ffffff00"}]}},"bones":{"S2":{"translate":[{"time":0,"x":0,"y":0,"curve":"stepped"},{"time":0.8333,"x":0,"y":0,"curve":[0.273,0.4,0.75,1]},{"time":1.1333,"x":0,"y":56.86,"curve":[0.25,0,0.826,0.61]},{"time":1.4666,"x":-0.43,"y":-1.86}],"scale":[{"time":0,"x":1,"y":1},{"time":0.7666,"x":0.403,"y":0.403},{"time":1.0666,"x":1,"y":1,"curve":"stepped"},{"time":1.2333,"x":1,"y":1},{"time":1.5666,"x":0.227,"y":0.227,"curve":"stepped"},{"time":3.3333,"x":0.227,"y":0.227}]},"S3":{"translate":[{"time":0,"x":0,"y":0,"curve":"stepped"},{"time":0.8333,"x":0,"y":0,"curve":[0.273,0.4,0.75,1]},{"time":1.1333,"x":-6.44,"y":47.11,"curve":[0.25,0,0.826,0.61]},{"time":1.4666,"x":-10.5,"y":-6.04}],"scale":[{"time":0,"x":1,"y":1},{"time":0.7666,"x":0.403,"y":0.403},{"time":1.0666,"x":1,"y":1,"curve":"stepped"},{"time":1.2333,"x":1,"y":1},{"time":1.5666,"x":0.227,"y":0.227,"curve":"stepped"},{"time":3.3333,"x":0.227,"y":0.227}]},"S4":{"translate":[{"time":0,"x":0,"y":0,"curve":"stepped"},{"time":0.8666,"x":0,"y":0,"curve":[0.273,0.4,0.75,1]},{"time":1.2,"x":0,"y":58.6,"curve":[0.25,0,0.826,0.61]},{"time":1.5,"x":1.28,"y":1.38}],"scale":[{"time":0,"x":1,"y":1},{"time":0.7666,"x":0.403,"y":0.403},{"time":1.0666,"x":1,"y":1,"curve":"stepped"},{"time":1.2333,"x":1,"y":1},{"time":1.5666,"x":0.227,"y":0.227,"curve":"stepped"},{"time":3.3333,"x":0.227,"y":0.227}]},"S5":{"translate":[{"time":0,"x":0,"y":0,"curve":"stepped"},{"time":0.9333,"x":0,"y":0,"curve":[0.273,0.4,0.75,1]},{"time":1.2,"x":-5.74,"y":54.07,"curve":[0.25,0,0.826,0.61]},{"time":1.4666,"x":-8.95,"y":-2.5}],"scale":[{"time":0,"x":1,"y":1},{"time":0.7666,"x":0.403,"y":0.403},{"time":1.0666,"x":1,"y":1,"curve":"stepped"},{"time":1.2333,"x":1,"y":1},{"time":1.5666,"x":0.227,"y":0.227,"curve":"stepped"},{"time":3.3333,"x":0.227,"y":0.227}]},"S6":{"translate":[{"time":0,"x":0,"y":0,"curve":"stepped"},{"time":0.8666,"x":0,"y":0,"curve":[0.273,0.4,0.75,1]},{"time":1.2,"x":16.36,"y":47.11,"curve":[0.25,0,0.826,0.61]},{"time":1.5,"x":16.57,"y":-6.25}],"scale":[{"time":0,"x":1,"y":1},{"time":0.7666,"x":0.403,"y":0.403},{"time":1.0666,"x":1,"y":1,"curve":"stepped"},{"time":1.2333,"x":1,"y":1},{"time":1.5666,"x":0.227,"y":0.227,"curve":"stepped"},{"time":3.3333,"x":0.227,"y":0.227}]},"S7":{"translate":[{"time":0,"x":0,"y":0,"curve":"stepped"},{"time":0.8333,"x":0,"y":0,"curve":[0.273,0.4,0.75,1]},{"time":1.0666,"x":10.96,"y":47.11,"curve":[0.25,0,0.826,0.61]},{"time":1.3333,"x":12.03,"y":-6.46}],"scale":[{"time":0,"x":1,"y":1},{"time":0.7666,"x":0.403,"y":0.403},{"time":1.0666,"x":1,"y":1,"curve":"stepped"},{"time":1.2333,"x":1,"y":1},{"time":1.5666,"x":0.227,"y":0.227,"curve":"stepped"},{"time":3.3333,"x":0.227,"y":0.227}]},"S8":{"translate":[{"time":0,"x":0,"y":0,"curve":"stepped"},{"time":0.8333,"x":0,"y":0,"curve":[0.273,0.4,0.75,1]},{"time":1.1333,"x":-25.4,"y":47.11,"curve":[0.25,0,0.826,0.61]},{"time":1.4666,"x":-27.54,"y":-6.04}],"scale":[{"time":0,"x":1,"y":1},{"time":0.7666,"x":0.403,"y":0.403},{"time":1.0666,"x":1,"y":1,"curve":"stepped"},{"time":1.2333,"x":1,"y":1},{"time":1.5666,"x":0.227,"y":0.227,"curve":"stepped"},{"time":3.3333,"x":0.227,"y":0.227}]},"S9":{"translate":[{"time":0,"x":0,"y":0,"curve":"stepped"},{"time":0.7666,"x":0,"y":0,"curve":[0.273,0.4,0.75,1]},{"time":1.0666,"x":0,"y":54.42,"curve":[0.25,0,0.826,0.61]},{"time":1.4,"x":-1.28,"y":-6}],"scale":[{"time":0,"x":1,"y":1},{"time":0.7666,"x":0.403,"y":0.403},{"time":1.0666,"x":1,"y":1,"curve":"stepped"},{"time":1.2333,"x":1,"y":1},{"time":1.5666,"x":0.227,"y":0.227,"curve":"stepped"},{"time":3.3333,"x":0.227,"y":0.227}]},"S10":{"translate":[{"time":0,"x":0,"y":0,"curve":"stepped"},{"time":0.8333,"x":0,"y":0,"curve":[0.273,0.4,0.75,1]},{"time":1.0666,"x":-21.58,"y":47.11,"curve":[0.25,0,0.826,0.61]},{"time":1.3333,"x":-23.72,"y":-6.04}],"scale":[{"time":0,"x":1,"y":1},{"time":0.7666,"x":0.403,"y":0.403},{"time":1.0666,"x":1,"y":1,"curve":"stepped"},{"time":1.2333,"x":1,"y":1},{"time":1.5666,"x":0.227,"y":0.227,"curve":"stepped"},{"time":3.3333,"x":0.227,"y":0.227}]},"S11":{"translate":[{"time":0,"x":0,"y":0,"curve":"stepped"},{"time":0.7666,"x":0,"y":0,"curve":[0.273,0.4,0.75,1]},{"time":1.0666,"x":4.69,"y":47.11,"curve":[0.25,0,0.826,0.61]},{"time":1.4,"x":7.91,"y":-8.39}],"scale":[{"time":0,"x":1,"y":1},{"time":0.7666,"x":0.403,"y":0.403},{"time":1.0666,"x":1,"y":1,"curve":"stepped"},{"time":1.2333,"x":1,"y":1},{"time":1.5666,"x":0.227,"y":0.227,"curve":"stepped"},{"time":3.3333,"x":0.227,"y":0.227}]},"S12":{"translate":[{"time":0,"x":0,"y":0,"curve":"stepped"},{"time":0.8333,"x":0,"y":0,"curve":[0.273,0.4,0.75,1]},{"time":1.1333,"x":0.35,"y":64.69,"curve":[0.25,0,0.826,0.61]},{"time":1.4666,"x":-1.36,"y":3.41}],"scale":[{"time":0,"x":1,"y":1},{"time":0.7666,"x":0.403,"y":0.403},{"time":1.0666,"x":1,"y":1,"curve":"stepped"},{"time":1.2333,"x":1,"y":1},{"time":1.5666,"x":0.227,"y":0.227,"curve":"stepped"},{"time":3.3333,"x":0.227,"y":0.227}]},"S13":{"translate":[{"time":0,"x":0,"y":0,"curve":"stepped"},{"time":0.9333,"x":0,"y":0,"curve":[0.273,0.4,0.75,1]},{"time":1.2333,"x":3.83,"y":47.11,"curve":[0.25,0,0.826,0.61]},{"time":1.5666,"x":5.97,"y":-6.68,"curve":"stepped"},{"time":3.3333,"x":5.97,"y":-6.68}],"scale":[{"time":0,"x":1,"y":1},{"time":0.7666,"x":0.403,"y":0.403},{"time":1.0666,"x":1,"y":1,"curve":"stepped"},{"time":1.2333,"x":1,"y":1},{"time":1.5666,"x":0.227,"y":0.227,"curve":"stepped"},{"time":3.3333,"x":0.227,"y":0.227}]},"S14":{"translate":[{"time":0,"x":0,"y":0,"curve":"stepped"},{"time":0.9333,"x":0,"y":0,"curve":[0.273,0.4,0.75,1]},{"time":1.2,"x":4.35,"y":47.11,"curve":[0.25,0,0.826,0.61]},{"time":1.4666,"x":4.35,"y":-6.04}],"scale":[{"time":0,"x":1,"y":1},{"time":0.7666,"x":0.403,"y":0.403},{"time":1.0666,"x":1,"y":1,"curve":"stepped"},{"time":1.2333,"x":1,"y":1},{"time":1.5666,"x":0.227,"y":0.227,"curve":"stepped"},{"time":3.3333,"x":0.227,"y":0.227}]},"S15":{"translate":[{"time":0,"x":0,"y":0,"curve":"stepped"},{"time":0.9333,"x":0,"y":0,"curve":[0.273,0.4,0.75,1]},{"time":1.2,"x":-8,"y":47.11,"curve":[0.25,0,0.826,0.61]},{"time":1.4666,"x":-13.57,"y":-6.04}],"scale":[{"time":0,"x":1,"y":1},{"time":0.7666,"x":0.403,"y":0.403},{"time":1.0666,"x":1,"y":1,"curve":"stepped"},{"time":1.2333,"x":1,"y":1},{"time":1.5666,"x":0.227,"y":0.227,"curve":"stepped"},{"time":3.3333,"x":0.227,"y":0.227}]},"S16":{"translate":[{"time":0,"x":0,"y":0,"curve":"stepped"},{"time":0.8333,"x":0,"y":0,"curve":[0.273,0.4,0.75,1]},{"time":1.1333,"x":13.4,"y":47.11,"curve":[0.25,0,0.826,0.61]},{"time":1.4666,"x":15.54,"y":-6.68}],"scale":[{"time":0,"x":1,"y":1},{"time":0.7666,"x":0.403,"y":0.403},{"time":1.0666,"x":1,"y":1,"curve":"stepped"},{"time":1.2333,"x":1,"y":1},{"time":1.5666,"x":0.227,"y":0.227,"curve":"stepped"},{"time":3.3333,"x":0.227,"y":0.227}]},"S17":{"translate":[{"time":0,"x":0,"y":0,"curve":"stepped"},{"time":0.8666,"x":0,"y":0,"curve":[0.273,0.4,0.75,1]},{"time":1.2,"x":-5.39,"y":51.98,"curve":[0.25,0,0.826,0.61]},{"time":1.4666,"x":-6.46,"y":-1.81}],"scale":[{"time":0,"x":1,"y":1},{"time":0.7666,"x":0.403,"y":0.403},{"time":1.0666,"x":1,"y":1,"curve":"stepped"},{"time":1.2333,"x":1,"y":1},{"time":1.5666,"x":0.227,"y":0.227,"curve":"stepped"},{"time":3.3333,"x":0.227,"y":0.227}]},"S18":{"translate":[{"time":0,"x":0,"y":0,"curve":"stepped"},{"time":0.9333,"x":0,"y":0,"curve":[0.273,0.4,0.75,1]},{"time":1.2333,"x":-9.57,"y":47.11,"curve":[0.25,0,0.826,0.61]},{"time":1.5,"x":-10.43,"y":-6.04}],"scale":[{"time":0,"x":1,"y":1},{"time":0.7666,"x":0.403,"y":0.403},{"time":1.0666,"x":1,"y":1,"curve":"stepped"},{"time":1.2333,"x":1,"y":1},{"time":1.5666,"x":0.227,"y":0.227,"curve":"stepped"},{"time":3.3333,"x":0.227,"y":0.227}]},"S19":{"translate":[{"time":0,"x":0,"y":0,"curve":"stepped"},{"time":0.8666,"x":0,"y":0,"curve":[0.273,0.4,0.75,1]},{"time":1.2,"x":6.61,"y":47.11,"curve":[0.25,0,0.826,0.61]},{"time":1.5,"x":9.82,"y":-6.68}],"scale":[{"time":0,"x":1,"y":1},{"time":0.7666,"x":0.403,"y":0.403},{"time":1.0666,"x":1,"y":1,"curve":"stepped"},{"time":1.2333,"x":1,"y":1},{"time":1.5666,"x":0.227,"y":0.227,"curve":"stepped"},{"time":3.3333,"x":0.227,"y":0.227}]},"S20":{"translate":[{"time":0,"x":0,"y":0,"curve":"stepped"},{"time":0.8666,"x":0,"y":0,"curve":[0.273,0.4,0.75,1]},{"time":1.2,"x":3.65,"y":54.25,"curve":[0.25,0,0.826,0.61]},{"time":1.4666,"x":5.37,"y":0.24}],"scale":[{"time":0,"x":1,"y":1},{"time":0.7666,"x":0.403,"y":0.403},{"time":1.0666,"x":1,"y":1,"curve":"stepped"},{"time":1.2333,"x":1,"y":1},{"time":1.5666,"x":0.227,"y":0.227,"curve":"stepped"},{"time":3.3333,"x":0.227,"y":0.227}]},"S21":{"translate":[{"time":0,"x":0,"y":0,"curve":"stepped"},{"time":0.9333,"x":0,"y":0,"curve":[0.273,0.4,0.75,1]},{"time":1.2333,"x":-4.69,"y":47.11,"curve":[0.25,0,0.826,0.61]},{"time":1.5,"x":-4.91,"y":-6.04}],"scale":[{"time":0,"x":1,"y":1},{"time":0.7666,"x":0.403,"y":0.403},{"time":1.0666,"x":1,"y":1,"curve":"stepped"},{"time":1.2333,"x":1,"y":1},{"time":1.5666,"x":0.227,"y":0.227,"curve":"stepped"},{"time":3.3333,"x":0.227,"y":0.227}]},"S22":{"translate":[{"time":0,"x":0,"y":0,"curve":"stepped"},{"time":0.8333,"x":0,"y":0,"curve":[0.273,0.4,0.75,1]},{"time":1.1333,"x":-6.44,"y":53.55,"curve":[0.25,0,0.826,0.61]},{"time":1.4666,"x":-11.15,"y":-1.95}],"scale":[{"time":0,"x":1,"y":1},{"time":0.7666,"x":0.403,"y":0.403},{"time":1.0666,"x":1,"y":1,"curve":"stepped"},{"time":1.2333,"x":1,"y":1},{"time":1.5666,"x":0.227,"y":0.227,"curve":"stepped"},{"time":3.3333,"x":0.227,"y":0.227}]},"S23":{"translate":[{"time":0,"x":0,"y":0,"curve":"stepped"},{"time":0.9333,"x":0,"y":0,"curve":[0.273,0.4,0.75,1]},{"time":1.2333,"x":-6.26,"y":47.11,"curve":[0.25,0,0.826,0.61]},{"time":1.5666,"x":-9.05,"y":-6.46,"curve":"stepped"},{"time":3.3333,"x":-9.05,"y":-6.46}],"scale":[{"time":0,"x":1,"y":1},{"time":0.7666,"x":0.403,"y":0.403},{"time":1.0666,"x":1,"y":1,"curve":"stepped"},{"time":1.2333,"x":1,"y":1},{"time":1.5666,"x":0.227,"y":0.227,"curve":"stepped"},{"time":3.3333,"x":0.227,"y":0.227}]},"S24":{"translate":[{"time":0,"x":0,"y":0,"curve":"stepped"},{"time":0.8666,"x":0,"y":0,"curve":[0.273,0.4,0.75,1]},{"time":1.2,"x":5.39,"y":47.11,"curve":[0.25,0,0.826,0.61]},{"time":1.5,"x":7.96,"y":-6.04}],"scale":[{"time":0,"x":1,"y":1},{"time":0.7666,"x":0.403,"y":0.403},{"time":1.0666,"x":1,"y":1,"curve":"stepped"},{"time":1.2333,"x":1,"y":1},{"time":1.5666,"x":0.227,"y":0.227,"curve":"stepped"},{"time":3.3333,"x":0.227,"y":0.227}]},"S25":{"translate":[{"time":0,"x":0,"y":0,"curve":"stepped"},{"time":0.9333,"x":0,"y":0,"curve":[0.273,0.4,0.75,1]},{"time":1.2333,"x":7.13,"y":47.11,"curve":[0.25,0,0.826,0.61]},{"time":1.5666,"x":10.99,"y":-6.68,"curve":"stepped"},{"time":3.3333,"x":10.99,"y":-6.68}],"scale":[{"time":0,"x":1,"y":1},{"time":0.7666,"x":0.403,"y":0.403},{"time":1.0666,"x":1,"y":1,"curve":"stepped"},{"time":1.2333,"x":1,"y":1},{"time":1.5666,"x":0.227,"y":0.227,"curve":"stepped"},{"time":3.3333,"x":0.227,"y":0.227}]},"S26":{"translate":[{"time":0,"x":0,"y":0,"curve":"stepped"},{"time":0.7666,"x":0,"y":0,"curve":[0.273,0.4,0.75,1]},{"time":1.0666,"x":7.48,"y":47.11,"curve":[0.25,0,0.826,0.61]},{"time":1.4,"x":8.77,"y":-6.25}],"scale":[{"time":0,"x":1,"y":1},{"time":0.7666,"x":0.403,"y":0.403},{"time":1.0666,"x":1,"y":1,"curve":"stepped"},{"time":1.2333,"x":1,"y":1},{"time":1.5666,"x":0.227,"y":0.227,"curve":"stepped"},{"time":3.3333,"x":0.227,"y":0.227}]},"S27":{"translate":[{"time":0,"x":0,"y":0,"curve":"stepped"},{"time":0.8666,"x":0,"y":0,"curve":[0.273,0.4,0.75,1]},{"time":1.2,"x":-4.69,"y":47.11,"curve":[0.25,0,0.826,0.61]},{"time":1.5,"x":-11.55,"y":-8.6}],"scale":[{"time":0,"x":1,"y":1},{"time":0.7666,"x":0.403,"y":0.403},{"time":1.0666,"x":1,"y":1,"curve":"stepped"},{"time":1.2333,"x":1,"y":1},{"time":1.5666,"x":0.227,"y":0.227,"curve":"stepped"},{"time":3.3333,"x":0.227,"y":0.227}]},"S29":{"translate":[{"time":0,"x":0,"y":0,"curve":"stepped"},{"time":0.2,"x":0,"y":0,"curve":[0.3,0.51,0.75,1]},{"time":0.4666,"x":7.51,"y":36.68,"curve":[0.25,0,0.831,0.64]},{"time":0.7333,"x":35.91,"y":2.81}],"scale":[{"time":0,"x":1,"y":1},{"time":0.0333,"x":0.403,"y":0.403},{"time":0.3333,"x":0.726,"y":0.726},{"time":0.6333,"x":0.192,"y":0.192}]},"S30":{"translate":[{"time":0,"x":0,"y":0,"curve":"stepped"},{"time":0.0666,"x":0,"y":0,"curve":[0.3,0.51,0.75,1]},{"time":0.3333,"x":1.22,"y":38.73,"curve":[0.25,0,0.831,0.64]},{"time":0.6333,"x":25.83,"y":-1.37}],"scale":[{"time":0,"x":1,"y":1},{"time":0.0333,"x":0.403,"y":0.403},{"time":0.3333,"x":0.726,"y":0.726},{"time":0.6333,"x":0.192,"y":0.192}]},"S31":{"translate":[{"time":0,"x":0,"y":0,"curve":"stepped"},{"time":0.1666,"x":0,"y":0,"curve":[0.3,0.51,0.75,1]},{"time":0.4333,"x":8.24,"y":54.28,"curve":[0.25,0,0.831,0.64]},{"time":0.7333,"x":37.62,"y":6.05}],"scale":[{"time":0,"x":1,"y":1},{"time":0.0333,"x":0.403,"y":0.403},{"time":0.3333,"x":0.726,"y":0.726},{"time":0.6333,"x":0.192,"y":0.192}]},"S32":{"translate":[{"time":0,"x":0,"y":0,"curve":"stepped"},{"time":0.2333,"x":0,"y":0,"curve":[0.3,0.51,0.75,1]},{"time":0.4666,"x":2.17,"y":41.15,"curve":[0.25,0,0.831,0.64]},{"time":0.7333,"x":27.38,"y":2.16}],"scale":[{"time":0,"x":1,"y":1},{"time":0.0333,"x":0.403,"y":0.403},{"time":0.3333,"x":0.726,"y":0.726},{"time":0.6333,"x":0.192,"y":0.192}]},"S33":{"translate":[{"time":0,"x":0,"y":0,"curve":"stepped"},{"time":0.0666,"x":0,"y":0,"curve":[0.3,0.51,0.75,1]},{"time":0.3666,"x":17.96,"y":33.99,"curve":[0.25,0,0.831,0.64]},{"time":0.6333,"x":52.91,"y":-1.59}],"scale":[{"time":0,"x":1,"y":1},{"time":0.0333,"x":0.403,"y":0.403},{"time":0.3333,"x":0.726,"y":0.726},{"time":0.6333,"x":0.192,"y":0.192}]},"S34":{"translate":[{"time":0,"x":0,"y":0,"curve":"stepped"},{"time":0.0333,"x":0,"y":0,"curve":[0.3,0.51,0.75,1]},{"time":0.3666,"x":15.18,"y":33.86,"curve":[0.25,0,0.831,0.64]},{"time":0.7,"x":48.37,"y":-1.8}],"scale":[{"time":0,"x":1,"y":1},{"time":0.0333,"x":0.403,"y":0.403},{"time":0.3333,"x":0.726,"y":0.726},{"time":0.6333,"x":0.192,"y":0.192}]},"S35":{"translate":[{"time":0,"x":0,"y":0,"curve":"stepped"},{"time":0.1666,"x":0,"y":0,"curve":[0.3,0.51,0.75,1]},{"time":0.4666,"x":-9.26,"y":38.61,"curve":[0.25,0,0.831,0.64]},{"time":0.7333,"x":8.79,"y":-1.37}],"scale":[{"time":0,"x":1,"y":1},{"time":0.0333,"x":0.403,"y":0.403},{"time":0.3333,"x":0.726,"y":0.726},{"time":0.6333,"x":0.192,"y":0.192}]},"S36":{"translate":[{"time":0,"x":0,"y":0,"curve":"stepped"},{"time":0.0666,"x":0,"y":0,"curve":[0.3,0.51,0.75,1]},{"time":0.3333,"x":6.97,"y":34.93,"curve":[0.25,0,0.831,0.64]},{"time":0.6,"x":35.05,"y":-1.34}],"scale":[{"time":0,"x":1,"y":1},{"time":0.0333,"x":0.403,"y":0.403},{"time":0.3333,"x":0.726,"y":0.726},{"time":0.6333,"x":0.192,"y":0.192}]},"S37":{"translate":[{"time":0,"x":0,"y":0,"curve":"stepped"},{"time":0.0666,"x":0,"y":0,"curve":[0.3,0.51,0.75,1]},{"time":0.3666,"x":-6.66,"y":26.68,"curve":[0.25,0,0.831,0.64]},{"time":0.6666,"x":12.62,"y":-1.37}],"scale":[{"time":0,"x":1,"y":1},{"time":0.0333,"x":0.403,"y":0.403},{"time":0.3333,"x":0.726,"y":0.726},{"time":0.6333,"x":0.192,"y":0.192}]},"S38":{"translate":[{"time":0,"x":0,"y":0,"curve":"stepped"},{"time":0.2,"x":0,"y":0,"curve":[0.3,0.51,0.75,1]},{"time":0.4666,"x":12.57,"y":35.79,"curve":[0.25,0,0.831,0.64]},{"time":0.7333,"x":44.24,"y":-3.73}],"scale":[{"time":0,"x":1,"y":1},{"time":0.0333,"x":0.403,"y":0.403},{"time":0.3333,"x":0.726,"y":0.726},{"time":0.6333,"x":0.192,"y":0.192}]},"S39":{"translate":[{"time":0,"x":0,"y":0,"curve":"stepped"},{"time":0.0333,"x":0,"y":0,"curve":[0.3,0.51,0.75,1]},{"time":0.2666,"x":6.94,"y":39.93,"curve":[0.25,0,0.831,0.64]},{"time":0.5333,"x":34.97,"y":8.07}],"scale":[{"time":0,"x":1,"y":1},{"time":0.0333,"x":0.403,"y":0.403},{"time":0.3333,"x":0.726,"y":0.726},{"time":0.6333,"x":0.192,"y":0.192}]},"S40":{"translate":[{"time":0,"x":0,"y":0,"curve":"stepped"},{"time":0.1333,"x":0,"y":0,"curve":[0.3,0.51,0.75,1]},{"time":0.4333,"x":11.52,"y":29.97,"curve":[0.25,0,0.831,0.64]},{"time":0.7,"x":42.3,"y":-2.01}],"scale":[{"time":0,"x":1,"y":1},{"time":0.0333,"x":0.403,"y":0.403},{"time":0.3333,"x":0.726,"y":0.726},{"time":0.6333,"x":0.192,"y":0.192}]},"S41":{"translate":[{"time":0,"x":0,"y":0,"curve":"stepped"},{"time":0.1,"x":0,"y":0,"curve":[0.3,0.51,0.75,1]},{"time":0.3666,"x":10.27,"y":42.78,"curve":[0.25,0,0.831,0.64]},{"time":0.6666,"x":40.68,"y":-1.37}],"scale":[{"time":0,"x":1,"y":1},{"time":0.0333,"x":0.403,"y":0.403},{"time":0.3333,"x":0.726,"y":0.726},{"time":0.6333,"x":0.192,"y":0.192}]},"S42":{"translate":[{"time":0,"x":0,"y":0,"curve":"stepped"},{"time":0.0666,"x":0,"y":0,"curve":[0.3,0.51,0.75,1]},{"time":0.3333,"x":-0.57,"y":34.12,"curve":[0.25,0,0.831,0.64]},{"time":0.5666,"x":22.77,"y":-1.37}],"scale":[{"time":0,"x":1,"y":1},{"time":0.0333,"x":0.403,"y":0.403},{"time":0.3333,"x":0.726,"y":0.726},{"time":0.6333,"x":0.192,"y":0.192}]},"S43":{"translate":[{"time":0,"x":0,"y":0,"curve":"stepped"},{"time":0.2333,"x":0,"y":0,"curve":[0.3,0.51,0.75,1]},{"time":0.5,"x":17.33,"y":33.72,"curve":[0.25,0,0.831,0.64]},{"time":0.8,"x":51.87,"y":-2.01}],"scale":[{"time":0,"x":1,"y":1},{"time":0.0333,"x":0.403,"y":0.403},{"time":0.3333,"x":0.726,"y":0.726},{"time":0.6333,"x":0.192,"y":0.192}]},"S44":{"translate":[{"time":0,"x":0,"y":0,"curve":"stepped"},{"time":0.2666,"x":0,"y":0,"curve":[0.3,0.51,0.75,1]},{"time":0.5333,"x":3.6,"y":46.27,"curve":[0.25,0,0.831,0.64]},{"time":0.8333,"x":29.87,"y":2.86}],"scale":[{"time":0,"x":1,"y":1},{"time":0.0333,"x":0.403,"y":0.403},{"time":0.3333,"x":0.726,"y":0.726},{"time":0.6333,"x":0.192,"y":0.192}]},"S45":{"translate":[{"time":0,"x":0,"y":0,"curve":"stepped"},{"time":0.0666,"x":0,"y":0,"curve":[0.3,0.51,0.75,1]},{"time":0.4,"x":1.31,"y":36.47,"curve":[0.25,0,0.831,0.64]},{"time":0.7333,"x":25.91,"y":-1.37}],"scale":[{"time":0,"x":1,"y":1},{"time":0.0333,"x":0.403,"y":0.403},{"time":0.3333,"x":0.726,"y":0.726},{"time":0.6333,"x":0.192,"y":0.192}]},"S46":{"translate":[{"time":0,"x":0,"y":0,"curve":"stepped"},{"time":0.1333,"x":0,"y":0,"curve":[0.3,0.51,0.75,1]},{"time":0.4333,"x":12.82,"y":44.19,"curve":[0.25,0,0.831,0.64]},{"time":0.7666,"x":46.16,"y":-2.01}],"scale":[{"time":0,"x":1,"y":1},{"time":0.0333,"x":0.403,"y":0.403},{"time":0.3333,"x":0.726,"y":0.726},{"time":0.6333,"x":0.192,"y":0.192}]},"S47":{"translate":[{"time":0,"x":0,"y":0,"curve":"stepped"},{"time":0.0333,"x":0,"y":0,"curve":[0.3,0.51,0.75,1]},{"time":0.3333,"x":11.01,"y":41.03,"curve":[0.25,0,0.831,0.64]},{"time":0.6,"x":41.7,"y":4.91}],"scale":[{"time":0,"x":1,"y":1},{"time":0.0333,"x":0.403,"y":0.403},{"time":0.3333,"x":0.726,"y":0.726},{"time":0.6333,"x":0.192,"y":0.192}]},"S48":{"translate":[{"time":0,"x":0,"y":0,"curve":"stepped"},{"time":0.1333,"x":0,"y":0,"curve":[0.3,0.51,0.75,1]},{"time":0.4,"x":4.75,"y":34.12,"curve":[0.25,0,0.831,0.64]},{"time":0.7,"x":31.42,"y":-1.37}],"scale":[{"time":0,"x":1,"y":1},{"time":0.0333,"x":0.403,"y":0.403},{"time":0.3333,"x":0.726,"y":0.726},{"time":0.6333,"x":0.192,"y":0.192}]},"S49":{"translate":[{"time":0,"x":0,"y":0,"curve":"stepped"},{"time":0.1333,"x":0,"y":0,"curve":[0.3,0.51,0.75,1]},{"time":0.4666,"x":0.69,"y":47.47,"curve":[0.25,0,0.831,0.64]},{"time":0.8,"x":25.19,"y":2.71}],"scale":[{"time":0,"x":1,"y":1},{"time":0.0333,"x":0.403,"y":0.403},{"time":0.3333,"x":0.726,"y":0.726},{"time":0.6333,"x":0.192,"y":0.192}]},"S50":{"translate":[{"time":0,"x":0,"y":0,"curve":"stepped"},{"time":0.1333,"x":0,"y":0,"curve":[0.3,0.51,0.75,1]},{"time":0.4333,"x":2.21,"y":33.86,"curve":[0.25,0,0.831,0.64]},{"time":0.7333,"x":27.29,"y":-1.8}],"scale":[{"time":0,"x":1,"y":1},{"time":0.0333,"x":0.403,"y":0.403},{"time":0.3333,"x":0.726,"y":0.726},{"time":0.6333,"x":0.192,"y":0.192}]},"S51":{"translate":[{"time":0,"x":0,"y":0,"curve":"stepped"},{"time":0.1,"x":0,"y":0,"curve":[0.3,0.51,0.75,1]},{"time":0.4333,"x":12.67,"y":34.12,"curve":[0.25,0,0.831,0.64]},{"time":0.7666,"x":44.3,"y":-1.37}],"scale":[{"time":0,"x":1,"y":1},{"time":0.0333,"x":0.403,"y":0.403},{"time":0.3333,"x":0.726,"y":0.726},{"time":0.6333,"x":0.192,"y":0.192}]},"S52":{"translate":[{"time":0,"x":0,"y":0,"curve":"stepped"},{"time":0.1666,"x":0,"y":0,"curve":[0.3,0.51,0.75,1]},{"time":0.4666,"x":14.42,"y":39.03,"curve":[0.25,0,0.831,0.64]},{"time":0.7333,"x":47.32,"y":-2.01}],"scale":[{"time":0,"x":1,"y":1},{"time":0.0333,"x":0.403,"y":0.403},{"time":0.3333,"x":0.726,"y":0.726},{"time":0.6333,"x":0.192,"y":0.192}]},"S53":{"translate":[{"time":0,"x":0,"y":0,"curve":"stepped"},{"time":0.0666,"x":0,"y":0,"curve":[0.3,0.51,0.75,1]},{"time":0.4,"x":12.94,"y":44.9,"curve":[0.25,0,0.831,0.64]},{"time":0.7333,"x":45.1,"y":-1.59}],"scale":[{"time":0,"x":1,"y":1},{"time":0.0333,"x":0.403,"y":0.403},{"time":0.3333,"x":0.726,"y":0.726},{"time":0.6333,"x":0.192,"y":0.192}]},"S54":{"translate":[{"time":0,"x":0,"y":0,"curve":"stepped"},{"time":0.1333,"x":0,"y":0,"curve":[0.3,0.51,0.75,1]},{"time":0.4333,"x":0.67,"y":32.54,"curve":[0.25,0,0.831,0.64]},{"time":0.7,"x":24.79,"y":-3.94}],"scale":[{"time":0,"x":1,"y":1},{"time":0.0333,"x":0.403,"y":0.403},{"time":0.3333,"x":0.726,"y":0.726},{"time":0.6333,"x":0.192,"y":0.192}]},"avator_frame_500426_fish":{"rotate":[{"time":0,"angle":-16.78,"curve":[0.314,0.22,0.757,0.87]},{"time":0.6,"angle":3.45,"curve":[0.246,0.11,0.825,0.75]},{"time":0.9666,"angle":-12.24}],"translate":[{"time":0,"x":0,"y":0,"curve":[0.297,0.2,0.664,0.63]},{"time":0.2666,"x":33.97,"y":36.42,"curve":[0.382,0.45,0.737,0.85]},{"time":0.4666,"x":57.84,"y":57.69,"curve":[0.248,0.15,0.609,0.53]},{"time":0.6333,"x":76.55,"y":42.64,"curve":[0.384,0.32,0.826,0.77]},{"time":0.9666,"x":119.82,"y":0}]},"bone3":{"translate":[{"time":0,"x":0,"y":0,"curve":"stepped"},{"time":0.7333,"x":0,"y":0,"curve":[0.322,0.48,0.75,1]},{"time":0.9,"x":0,"y":31.61,"curve":[0.25,0,0.826,0.64]},{"time":1.0666,"x":0,"y":0}]},"bone2":{"translate":[{"time":0,"x":0,"y":0,"curve":"stepped"},{"time":0.8333,"x":0,"y":0,"curve":[0.273,0.42,0.75,1]},{"time":1,"x":0,"y":19.32,"curve":[0.25,0,0.765,0.69]},{"time":1.1666,"x":0,"y":0}]},"bone6":{"translate":[{"time":0,"x":0,"y":0,"curve":"stepped"},{"time":0.7666,"x":0,"y":0,"curve":[0.273,0.42,0.75,1]},{"time":0.9333,"x":0,"y":19.32,"curve":[0.25,0,0.765,0.69]},{"time":1.1,"x":0,"y":0}]},"bone7":{"translate":[{"time":0,"x":0,"y":0,"curve":"stepped"},{"time":0.9333,"x":0,"y":0,"curve":[0.25,0.36,0.75,1]},{"time":1.1,"x":0,"y":18.44,"curve":[0.25,0,0.712,0.67]},{"time":1.2666,"x":0,"y":0}]},"bone":{"translate":[{"time":0,"x":0,"y":0,"curve":"stepped"},{"time":1,"x":0,"y":0,"curve":[0.25,0.36,0.75,1]},{"time":1.1666,"x":0,"y":13.61,"curve":[0.25,0,0.712,0.67]},{"time":1.3333,"x":0,"y":0}]},"bone4":{"translate":[{"time":0,"x":0,"y":0,"curve":"stepped"},{"time":1.0666,"x":0,"y":0,"curve":[0.25,0.36,0.75,1]},{"time":1.2333,"x":0.44,"y":8.34,"curve":[0.25,0,0.712,0.67]},{"time":1.4,"x":0,"y":0}]},"bone5":{"translate":[{"time":0,"x":0,"y":0,"curve":"stepped"},{"time":1.1333,"x":0,"y":0,"curve":[0.25,0.36,0.75,1]},{"time":1.3,"x":0,"y":3.51,"curve":[0.25,0,0.712,0.67]},{"time":1.4666,"x":0,"y":0}]}}}}}