{"skeleton":{"hash":"aFHnFgKrMB0SziweQ4D+MIlX6hA","spine":"3.4.02","width":281.38,"height":274.7,"images":"./images/"},"bones":[{"name":"root"},{"name":"zong","parent":"root"},{"name":"500537_1","parent":"zong","length":10.96,"rotation":133.24,"x":14.4,"y":-78.82},{"name":"500537_2","parent":"500537_1","length":14.55,"rotation":-96.13,"x":2.57,"y":0.07},{"name":"500537_3","parent":"500537_1","length":15.94,"rotation":89.4,"x":2.64,"y":0.13},{"name":"500537_4","parent":"zong","length":10.96,"rotation":145.7,"x":78.72,"y":81.21},{"name":"500537_5","parent":"500537_4","length":15.94,"rotation":89.4,"x":2.64,"y":0.13},{"name":"500537_6","parent":"500537_4","length":14.55,"rotation":-96.13,"x":2.57,"y":0.07},{"name":"500537_7","parent":"zong","length":10.96,"rotation":90.68,"x":-86.53,"y":-9.26,"scaleX":0.8,"scaleY":0.8},{"name":"500537_8","parent":"500537_7","length":15.94,"rotation":89.4,"x":2.64,"y":0.13},{"name":"500537_9","parent":"500537_7","length":14.55,"rotation":-96.13,"x":2.57,"y":0.07},{"name":"lizi","parent":"zong","x":79.77,"y":85.5},{"name":"lizi2","parent":"zong","rotation":-159.79,"x":79.77,"y":85.5},{"name":"lizi3","parent":"zong","rotation":65.16,"x":17.7,"y":-74.97},{"name":"lizi4","parent":"zong","rotation":176.33,"x":9.37,"y":-77.24},{"name":"lizi5","parent":"zong","rotation":70.91,"x":-89.79,"y":0.72},{"name":"lizi6","parent":"zong","rotation":-174.61,"x":-86,"y":6.77}],"slots":[{"name":"avator_frame_500537","bone":"zong"},{"name":"500537_1","bone":"500537_1","attachment":"500537_1"},{"name":"500537_4","bone":"500537_4","attachment":"500537_1"},{"name":"500537_7","bone":"500537_7","attachment":"500537_1"},{"name":"500537_2","bone":"500537_2","attachment":"500537_2"},{"name":"500537_6","bone":"500537_6","attachment":"500537_2"},{"name":"500537_9","bone":"500537_9","attachment":"500537_2"},{"name":"500537_3","bone":"500537_3","attachment":"500537_3"},{"name":"500537_5","bone":"500537_5","attachment":"500537_3"},{"name":"500537_8","bone":"500537_8","attachment":"500537_3"},{"name":"lizi","bone":"lizi","attachment":"lizi","blend":"additive"},{"name":"lizi3","bone":"lizi3","attachment":"lizi","blend":"additive"},{"name":"lizi2","bone":"lizi2","attachment":"lizi","blend":"additive"},{"name":"lizi4","bone":"lizi4","attachment":"lizi","blend":"additive"},{"name":"lizi5","bone":"lizi5","attachment":"lizi","blend":"additive"},{"name":"lizi6","bone":"lizi6","attachment":"lizi","blend":"additive"}],"skins":{"default":{"500537_1":{"500537_1":{"x":9.59,"y":-0.28,"rotation":-146.82,"width":18,"height":13}},"500537_2":{"500537_2":{"x":10.15,"y":-2.44,"rotation":-50.68,"width":22,"height":22}},"500537_3":{"500537_3":{"x":8.17,"y":2.88,"rotation":116.8,"width":29,"height":18}},"500537_4":{"500537_1":{"x":9.59,"y":-0.28,"rotation":-146.82,"width":18,"height":13}},"500537_5":{"500537_3":{"x":8.17,"y":2.88,"rotation":116.8,"width":29,"height":18}},"500537_6":{"500537_2":{"x":10.15,"y":-2.44,"rotation":-50.68,"width":22,"height":22}},"500537_7":{"500537_1":{"x":9.59,"y":-0.28,"rotation":-146.82,"width":18,"height":13}},"500537_8":{"500537_3":{"x":8.17,"y":2.88,"rotation":116.8,"width":29,"height":18}},"500537_9":{"500537_2":{"x":10.15,"y":-2.44,"rotation":-50.68,"width":22,"height":22}},"lizi":{"lizi":{"width":88,"height":87}},"lizi2":{"lizi":{"width":88,"height":87}},"lizi3":{"lizi":{"width":88,"height":87}},"lizi4":{"lizi":{"width":88,"height":87}},"lizi5":{"lizi":{"width":88,"height":87}},"lizi6":{"lizi":{"width":88,"height":87}}}},"animations":{"500537_1":{"slots":{"lizi":{"color":[{"time":0,"color":"ffffff00","curve":[0.25,0,0.75,1]},{"time":0.5,"color":"ffffffff","curve":"stepped"},{"time":2.1666,"color":"ffffffff","curve":[0.25,0,0.75,1]},{"time":2.6666,"color":"ffffff00","curve":"stepped"},{"time":3.3333,"color":"ffffff00"}]},"lizi2":{"color":[{"time":0,"color":"ffffffff","curve":"stepped"},{"time":0.5,"color":"ffffffff","curve":[0.25,0,0.75,1]},{"time":1,"color":"ffffff00","curve":"stepped"},{"time":1.6666,"color":"ffffff00","curve":[0.25,0,0.75,1]},{"time":2.1666,"color":"ffffffff","curve":"stepped"},{"time":3.3333,"color":"ffffffff"}]},"lizi3":{"color":[{"time":0,"color":"ffffff00","curve":"stepped"},{"time":0.6666,"color":"ffffff00","curve":[0.25,0,0.75,1]},{"time":1.1666,"color":"ffffffff","curve":"stepped"},{"time":2.8333,"color":"ffffffff","curve":[0.29,0.41,0.699,1]},{"time":3.3333,"color":"ffffff00"}]},"lizi4":{"color":[{"time":0,"color":"ffffffff","curve":"stepped"},{"time":0.3333,"color":"ffffffff","curve":[0.25,0,0.75,1]},{"time":0.8333,"color":"ffffff00","curve":"stepped"},{"time":1.5,"color":"ffffff00","curve":[0.25,0,0.75,1]},{"time":2,"color":"ffffffff","curve":"stepped"},{"time":3.3333,"color":"ffffffff"}]},"lizi5":{"color":[{"time":0,"color":"ffffff00","curve":[0.25,0,0.75,1]},{"time":0.5,"color":"ffffffff","curve":"stepped"},{"time":2.1666,"color":"ffffffff","curve":[0.25,0,0.75,1]},{"time":2.6666,"color":"ffffff00","curve":"stepped"},{"time":3.3333,"color":"ffffff00"}]},"lizi6":{"color":[{"time":0,"color":"ffffffff","curve":"stepped"},{"time":1.1666,"color":"ffffffff","curve":[0.29,0.41,0.699,1]},{"time":1.6666,"color":"ffffff00","curve":"stepped"},{"time":2.3333,"color":"ffffff00","curve":[0.25,0,0.75,1]},{"time":2.8333,"color":"ffffffff","curve":"stepped"},{"time":3.3333,"color":"ffffffff"}]}},"bones":{"500537_2":{"scale":[{"time":0,"x":1,"y":1,"curve":"stepped"},{"time":2,"x":1,"y":1,"curve":[0.25,0,0.75,1]},{"time":2.5,"x":0.074,"y":1,"curve":[0.25,0,0.75,1]},{"time":3,"x":1,"y":1}]},"500537_3":{"scale":[{"time":0,"x":1,"y":1,"curve":"stepped"},{"time":2,"x":1,"y":1,"curve":[0.25,0,0.75,1]},{"time":2.5,"x":0.065,"y":1,"curve":[0.25,0,0.75,1]},{"time":3,"x":1,"y":1}]},"500537_5":{"scale":[{"time":0,"x":1,"y":1,"curve":"stepped"},{"time":0.3333,"x":1,"y":1,"curve":[0.25,0,0.75,1]},{"time":0.6666,"x":0.065,"y":1,"curve":[0.25,0,0.75,1]},{"time":1,"x":1,"y":1}]},"500537_6":{"scale":[{"time":0,"x":1,"y":1,"curve":"stepped"},{"time":0.3333,"x":1,"y":1,"curve":[0.25,0,0.75,1]},{"time":0.6666,"x":0.065,"y":1,"curve":[0.25,0,0.75,1]},{"time":1,"x":1,"y":1}]},"500537_8":{"scale":[{"time":0,"x":1,"y":1,"curve":"stepped"},{"time":2.3333,"x":1,"y":1,"curve":[0.25,0,0.75,1]},{"time":2.8333,"x":0.065,"y":1,"curve":[0.25,0,0.75,1]},{"time":3.3333,"x":1,"y":1}]},"500537_9":{"scale":[{"time":0,"x":1,"y":1,"curve":"stepped"},{"time":2.3333,"x":1,"y":1,"curve":[0.25,0,0.75,1]},{"time":2.8333,"x":0.065,"y":1,"curve":[0.25,0,0.75,1]},{"time":3.3333,"x":1,"y":1}]},"lizi":{"rotate":[{"time":0,"angle":0,"curve":[0.29,0.41,0.699,1]},{"time":2.6666,"angle":-13.88,"curve":[0.25,0,0.75,1]},{"time":3.3333,"angle":0}],"translate":[{"time":0,"x":0,"y":0,"curve":[0.29,0.41,0.699,1]},{"time":2.6666,"x":20.26,"y":-10.06,"curve":[0.25,0,0.75,1]},{"time":3.3333,"x":0,"y":0}],"scale":[{"time":0,"x":0.8,"y":0.8}]},"lizi2":{"rotate":[{"time":0,"angle":6.38,"curve":[0.353,0.6,0.697,1]},{"time":1,"angle":8.09,"curve":[0.29,0.41,0.699,1]},{"time":1.6666,"angle":0,"curve":[0.289,0.32,0.651,0.73]},{"time":3.3333,"angle":6.38}],"translate":[{"time":0,"x":17.79,"y":3.61,"curve":[0.353,0.6,0.697,1]},{"time":1,"x":22.55,"y":4.57,"curve":[0.25,0,0.75,1]},{"time":1.6666,"x":0,"y":0,"curve":[0.289,0.32,0.651,0.73]},{"time":3.3333,"x":17.79,"y":3.61}],"scale":[{"time":0,"x":0.8,"y":0.8}]},"lizi3":{"rotate":[{"time":0,"angle":-13.88,"curve":[0.25,0,0.75,1]},{"time":0.6666,"angle":0,"curve":[0.29,0.41,0.699,1]},{"time":3.3333,"angle":-13.88}],"translate":[{"time":0,"x":20.26,"y":-10.06,"curve":[0.25,0,0.75,1]},{"time":0.6666,"x":0,"y":0,"curve":[0.25,0,0.75,1]},{"time":3.3333,"x":20.26,"y":-10.06}],"scale":[{"time":0.6666,"x":0.8,"y":0.8}]},"lizi4":{"rotate":[{"time":0,"angle":14.11,"curve":[0.352,0.61,0.693,1]},{"time":0.8333,"angle":-343.31,"curve":[0.29,0.41,0.699,1]},{"time":1.5,"angle":0,"curve":[0.288,0.33,0.656,0.76]},{"time":3.3333,"angle":14.11}],"translate":[{"time":0,"x":21.62,"y":13.25,"curve":[0.352,0.61,0.693,1]},{"time":0.8333,"x":25.56,"y":15.67,"curve":[0.25,0,0.75,1]},{"time":1.5,"x":0,"y":0,"curve":[0.29,0.41,0.699,1]},{"time":3.3333,"x":21.62,"y":13.25}],"scale":[{"time":0,"x":0.8,"y":0.8}]},"lizi5":{"rotate":[{"time":0,"angle":0,"curve":[0.29,0.41,0.699,1]},{"time":2.6666,"angle":-13.88,"curve":[0.25,0,0.75,1]},{"time":3.3333,"angle":0}],"translate":[{"time":0,"x":0,"y":0,"curve":[0.29,0.41,0.699,1]},{"time":2.6666,"x":20.26,"y":-10.06,"curve":[0.25,0,0.75,1]},{"time":3.3333,"x":0,"y":0}],"scale":[{"time":0,"x":0.8,"y":0.8}]},"lizi6":{"rotate":[{"time":0,"angle":3.63,"curve":[0.358,0.42,0.755,1]},{"time":1.6666,"angle":10.83,"curve":[0.25,0,0.75,1]},{"time":2.3333,"angle":0,"curve":[0.29,0.41,0.699,1]},{"time":3.3333,"angle":3.63}],"translate":[{"time":0,"x":0.44,"y":-9.73,"curve":[0.358,0.42,0.755,1]},{"time":1.6666,"x":1.33,"y":-28.99,"curve":[0.25,0,0.75,1]},{"time":2.3333,"x":0,"y":0,"curve":[0.25,0,0.75,1]},{"time":3.3333,"x":0.44,"y":-9.73}],"scale":[{"time":0,"x":0.8,"y":0.8}]}}}}}