{"skeleton":{"hash":"I1r6AH40wNuymygIGoy99gqf9w0","spine":"3.4.02","width":217.65,"height":211.06,"images":"./龙宫城头像需求/"},"bones":[{"name":"root"},{"name":"avator_frame_500427_streamer","parent":"root","length":42.47,"rotation":90,"x":-88.36,"y":79.04}],"slots":[{"name":"avator_frame_500427","bone":"root","attachment":"avator_frame_500427"},{"name":"avator_frame_500427_streamer","bone":"avator_frame_500427_streamer","attachment":"avator_frame_500427_streamer"},{"name":"1","bone":"root"}],"skins":{"default":{"avator_frame_500427":{"avator_frame_500427":{"width":210,"height":210}},"avator_frame_500427_streamer":{"avator_frame_500427_streamer":{"x":-10.97,"y":-3.7,"rotation":-90,"width":56,"height":76}}}},"animations":{"500427_1":{"slots":{"avator_frame_500427_streamer":{"color":[{"time":0,"color":"ffffff00","curve":"stepped"},{"time":0.0333,"color":"ffffff00"},{"time":0.6666,"color":"ffffffff","curve":"stepped"},{"time":5.8666,"color":"ffffffff"},{"time":6.4333,"color":"ffffff00","curve":"stepped"},{"time":7.6666,"color":"ffffff00"}]}},"bones":{"avator_frame_500427_streamer":{"rotate":[{"time":0,"angle":-17.81,"curve":"stepped"},{"time":1.4666,"angle":-17.81,"curve":[0.25,0,0.753,0.86]},{"time":2.4666,"angle":6.12,"curve":[0.276,0.14,0.753,0.84]},{"time":3.4666,"angle":-16.74,"curve":[0.268,0.12,0.772,0.88]},{"time":4.4666,"angle":14.31,"curve":[0.268,0.15,0.757,0.85]},{"time":5.6,"angle":-4.78,"curve":[0.253,0.13,0.802,0.75]},{"time":6.6666,"angle":9.68,"curve":"stepped"},{"time":7.6666,"angle":9.68}],"translate":[{"time":0,"x":0,"y":0,"curve":"stepped"},{"time":1.2333,"x":0,"y":0,"curve":[0.25,0,0.704,0.91]},{"time":2.2333,"x":23.33,"y":-24.28,"curve":[0.317,0.1,0.693,0.84]},{"time":3.2333,"x":-31.98,"y":-62.45,"curve":[0.389,0.16,0.704,0.86]},{"time":4.2333,"x":20.01,"y":-97.15,"curve":[0.401,0.15,0.682,0.85]},{"time":5.3666,"x":-19.07,"y":-136.48,"curve":[0.408,0.15,0.678,0.78]},{"time":6.4333,"x":17.11,"y":-173.49}],"scale":[{"time":0,"x":1,"y":1}],"shear":[{"time":0,"x":0,"y":0}]}}}}}