{"skeleton":{"hash":"2Mj1Myov9cTjWTIXSdREYjlz2Pc","spine":"3.4.02","width":210,"height":219.19,"images":"./images/"},"bones":[{"name":"root"},{"name":"images/2","parent":"root","x":-0.4,"y":-88.68},{"name":"images/8","parent":"images/2","length":33.26,"rotation":-178.97,"x":92.25,"y":171.51},{"name":"bone","parent":"images/8","length":35.96,"rotation":-31.82,"x":33.26},{"name":"bone2","parent":"bone","length":31.5,"rotation":28.64,"x":35.96},{"name":"images/4","parent":"images/2","length":22.64,"rotation":-94.51,"x":87.81,"y":148.92},{"name":"bone3","parent":"images/4","length":21.41,"rotation":1.33,"x":22.64},{"name":"bone4","parent":"bone3","length":26.3,"rotation":-3.3,"x":21.41},{"name":"bone5","parent":"bone4","length":32.16,"rotation":2.24,"x":25.71,"y":-0.06},{"name":"bone6","parent":"bone5","length":28.61,"rotation":-0.52,"x":32.2,"y":-0.59},{"name":"images/6","parent":"images/2","x":-42.05,"y":166.89},{"name":"images/7","parent":"images/2","x":9.03,"y":160.35},{"name":"images/9","parent":"images/2","x":51.79,"y":174.01},{"name":"images/10","parent":"images/2","x":74.37,"y":147.88},{"name":"images/11","parent":"images/2","x":-71.15,"y":139.56}],"slots":[{"name":"images/2","bone":"images/2","attachment":"2"},{"name":"images/6","bone":"images/6","attachment":"6"},{"name":"images/7","bone":"images/7","attachment":"6"},{"name":"images/9","bone":"images/9","attachment":"6"},{"name":"images/10","bone":"images/10","attachment":"6"},{"name":"images/11","bone":"images/11","attachment":"6"},{"name":"images/8","bone":"images/8","attachment":"8"},{"name":"images/4","bone":"images/4","attachment":"4"}],"skins":{"default":{"images/10":{"6":{"x":0.32,"y":-0.24,"width":10,"height":12}},"images/11":{"6":{"x":0.32,"y":-0.24,"width":10,"height":12}},"images/2":{"2":{"x":0.4,"y":88.68,"width":210,"height":210}},"images/4":{"4":{"type":"mesh","uvs":[0.27692,0,0.20722,0.08853,0.12559,0.18591,0.07514,0.2787,0.0247,0.3748,0,0.46427,0.00788,0.56369,0,0.66973,0,0.77909,0,0.88845,0,1,0.49551,1,0.52914,0.89176,0.66366,0.76583,0.73092,0.65979,0.84862,0.55706,0.9327,0.46096,0.95722,0.38274,1,0.28612,0.99998,0.19078,0.99999,0.10541,1,0],"triangles":[12,9,8,13,12,8,11,10,9,12,11,9,14,6,15,7,6,14,13,7,14,8,7,13,4,3,17,16,4,17,5,4,16,15,5,16,6,5,15,2,19,18,3,2,18,17,3,18,20,0,21,1,0,20,19,1,20,2,1,19],"vertices":[2,5,-3.56,-10.18999,0.99998,7,-47.22,-12.31,1.0E-5,3,5,8.67,-11.11,0.98964,6,-14.22,-10.78,0.01026,7,-34.95,-12.81,9.0E-5,2,5,22.14,-12.25,0.51081,6,-0.78,-12.24,0.48918,3,5,34.91999,-12.61,0.02822,6,11.98,-12.89,0.88768,7,-8.67,-13.42,0.08408,2,6,25.2,-13.52,0.25709,7,4.56,-13.28,0.7429,3,6,37.48,-13.51,6.7E-4,7,16.82,-12.56,0.96669,8,-9.37,-12.14,0.03263,2,7,30.32,-10.81,0.28292,8,4.19,-10.92,0.71707,1,8,18.69,-10.06,1,2,8,33.63,-8.95,0.40038,9,1.5,-8.34,0.5996,1,9,16.43,-7.1,1,1,9,31.66,-5.83,1,1,9,30.55,7.49,1,1,9,15.7,7.17,1,2,8,30.5,8.78,0.66322,9,-1.79,9.35,0.33677,2,7,41.2,10.06,3.3E-4,8,15.87,9.51,0.99966,2,7,26.86,11.63,0.47484,8,1.6,11.64,0.52515,3,6,35.63,11.6,0.00779,7,13.52,12.4,0.97003,8,-11.68,12.93,0.02216,2,6,24.89,11.67,0.31649,7,2.8,11.85,0.6835,3,5,33.97,12.35,0.01987,6,11.61,12.08,0.93947,7,-10.47,11.5,0.04064,2,5,20.95,11.32,0.56184,6,-1.42,11.36,0.43815,2,5,9.29,10.39999,0.98862,6,-13.1,10.71,0.01137,1,5,-5.1,9.27,1],"hull":22,"edges":[0,2,2,4,4,6,6,8,8,10,10,12,12,14,14,16,16,18,18,20,20,22,22,24,24,26,26,28,28,30,30,32,32,34,34,36,36,38,38,40,40,42,0,42,2,40,4,38,6,36,8,34,10,32,12,30,14,28,16,26,18,24],"width":27,"height":137}},"images/6":{"6":{"x":0.32,"y":-0.24,"width":10,"height":12}},"images/7":{"6":{"x":0.32,"y":-0.24,"width":10,"height":12}},"images/8":{"8":{"type":"mesh","uvs":[0,0,0,0.65329,0.13508,0.78445,0.30676,0.58983,0.41366,0.47983,0.6728,0.90291,0.83962,1,1,1,1,0.3529,0.8299,0.29367,0.77645,0,0.53351,0,0.28085,0.0779,0.16586,0],"triangles":[4,12,11,3,12,4,12,1,0,12,0,13,1,12,3,2,1,3,11,9,4,9,11,10,5,9,8,5,4,9,6,5,8,6,8,7],"vertices":[1,4,60.37,-11.28,1,1,4,59.16,20.7,1,1,4,41.64,26.47,1,1,4,20.04,16.11,1,2,3,36.83,12.11,0.24446,4,6.57,10.21,0.75553,2,2,38.16,12.19,0.4777,3,-2.27,12.93,0.52229,1,2,16.89,17.33,1,2,2,-3.62,17.69,0.99999,3,-40.68,-4.42,0,1,2,-4.19,-14,1,2,2,17.52,-17.29,0.72189,3,-4.26,-23,0.2781,2,2,24.1,-31.8,0.28595,3,8.97999,-31.85,0.71404,3,2,55.19,-32.36,9.2E-4,3,35.68999,-15.93,0.79881,4,-7.86,-13.85,0.20026,1,4,24.3,-8.82,1,1,4,39.15,-12.08,1],"hull":14,"edges":[0,2,2,4,4,6,6,8,8,10,10,12,12,14,14,16,16,18,18,20,20,22,22,24,24,26,0,26],"width":128,"height":49}},"images/9":{"6":{"x":0.32,"y":-0.24,"width":10,"height":12}}}},"animations":{"500569_1":{"slots":{"images/6":{"color":[{"time":0,"color":"ffffffb6","curve":[0.382,0.57,0.735,1]},{"time":0.1666,"color":"ffffffff","curve":"stepped"},{"time":1.1666,"color":"ffffffff","curve":[0.25,0,0.75,1]},{"time":1.6333,"color":"ffffff00","curve":"stepped"},{"time":1.6666,"color":"ffffff00","curve":[0.25,0,0.75,1]},{"time":2,"color":"ffffffb6"}]},"images/7":{"color":[{"time":0,"color":"ffffffff","curve":"stepped"},{"time":0.8333,"color":"ffffffff","curve":[0.25,0,0.75,1]},{"time":1.3,"color":"ffffff00","curve":"stepped"},{"time":1.3333,"color":"ffffff00","curve":[0.25,0,0.75,1]},{"time":1.8333,"color":"ffffffff","curve":"stepped"},{"time":2,"color":"ffffffff"}]},"images/9":{"color":[{"time":0,"color":"ffffffff","curve":"stepped"},{"time":0.5,"color":"ffffffff","curve":[0.25,0,0.75,1]},{"time":0.9666,"color":"ffffff00","curve":"stepped"},{"time":1,"color":"ffffff00","curve":[0.25,0,0.75,1]},{"time":1.5,"color":"ffffffff","curve":"stepped"},{"time":2,"color":"ffffffff"}]},"images/10":{"color":[{"time":0,"color":"ffffffff","curve":"stepped"},{"time":0.1666,"color":"ffffffff","curve":[0.25,0,0.75,1]},{"time":0.6333,"color":"ffffff00","curve":"stepped"},{"time":0.6666,"color":"ffffff00","curve":[0.25,0,0.75,1]},{"time":1.1666,"color":"ffffffff","curve":"stepped"},{"time":2,"color":"ffffffff"}]},"images/11":{"color":[{"time":0,"color":"ffffffaf","curve":[0.355,0.41,0.756,1]},{"time":0.3,"color":"ffffff00","curve":"stepped"},{"time":0.3333,"color":"ffffff00","curve":[0.25,0,0.75,1]},{"time":0.8333,"color":"ffffffff","curve":"stepped"},{"time":1.8333,"color":"ffffffff","curve":[0.262,0,0.617,0.43]},{"time":2,"color":"ffffffaf"}]}},"bones":{"images/4":{"rotate":[{"time":0,"angle":0.11,"curve":[0.378,0.6,0.721,1]},{"time":0.2333,"angle":-0.33},{"time":1.2333,"angle":2.36,"curve":[0.242,0,0.67,0.68]},{"time":2,"angle":0.11}]},"bone6":{"rotate":[{"time":0,"angle":6.9,"curve":[0.365,0.63,0.702,1]},{"time":0.1333,"angle":8.47,"curve":[0.25,0,0.75,1]},{"time":1.1333,"angle":-14.01},{"time":2,"angle":6.9}]},"bone5":{"rotate":[{"time":0,"angle":7.34,"curve":[0.289,0.16,0.754,1]},{"time":0.9,"angle":-6.15},{"time":1.9,"angle":7.94,"curve":[0.304,0,0.64,0.35]},{"time":2,"angle":7.34}]},"bone4":{"rotate":[{"time":0,"angle":1.56,"curve":[0.351,0.4,0.756,1]},{"time":0.6666,"angle":-3.82},{"time":1.6666,"angle":3.7,"curve":[0.264,0,0.617,0.42]},{"time":2,"angle":1.56}]},"bone3":{"rotate":[{"time":0,"angle":0.04,"curve":[0.379,0.53,0.745,1]},{"time":0.4333,"angle":-1.99},{"time":1.4333,"angle":2.95,"curve":[0.246,0,0.632,0.53]},{"time":2,"angle":0.04}]},"bone":{"rotate":[{"time":0,"angle":0.41,"curve":[0.37,0.62,0.709,1]},{"time":0.1666,"angle":0},{"time":1.1666,"angle":4.3,"curve":[0.243,0,0.689,0.75]},{"time":2,"angle":0.41}]},"bone2":{"rotate":[{"time":0,"angle":2.03,"curve":[0.382,0.57,0.735,1]},{"time":0.3333,"angle":0},{"time":1.3333,"angle":7.17,"curve":[0.243,0,0.648,0.6]},{"time":2,"angle":2.03}]},"images/10":{"rotate":[{"time":0,"angle":120.36,"curve":[0.382,0.57,0.733,1]},{"time":0.6333,"angle":164.81,"curve":"stepped"},{"time":0.6666,"angle":0,"curve":[0.25,0,0.75,1]},{"time":2,"angle":120.36}],"translate":[{"time":0,"x":-2.78,"y":-50.04,"curve":[0.382,0.57,0.733,1]},{"time":0.6333,"x":-3.8,"y":-68.52,"curve":"stepped"},{"time":0.6666,"x":0,"y":0,"curve":[0.25,0,0.75,1]},{"time":2,"x":-2.78,"y":-50.04}],"scale":[{"time":0,"x":1,"y":1,"curve":"stepped"},{"time":0.6333,"x":1,"y":1,"curve":"stepped"},{"time":0.6666,"x":1,"y":1,"curve":"stepped"},{"time":2,"x":1,"y":1}]},"images/9":{"rotate":[{"time":0,"angle":84.25,"curve":[0.375,0.5,0.749,1]},{"time":0.9666,"angle":164.81,"curve":"stepped"},{"time":1,"angle":0,"curve":[0.25,0,0.75,1]},{"time":2,"angle":84.25}],"translate":[{"time":0,"x":-1.94,"y":-35.02,"curve":[0.375,0.5,0.749,1]},{"time":0.9666,"x":-3.8,"y":-68.52,"curve":"stepped"},{"time":1,"x":0,"y":0,"curve":[0.25,0,0.75,1]},{"time":2,"x":-1.94,"y":-35.02}],"scale":[{"time":0,"x":1,"y":1,"curve":"stepped"},{"time":0.9666,"x":1,"y":1,"curve":"stepped"},{"time":1,"x":1,"y":1,"curve":"stepped"},{"time":2,"x":1,"y":1}]},"images/7":{"rotate":[{"time":0,"angle":47.93,"curve":[0.352,0.4,0.756,1]},{"time":1.3,"angle":164.81,"curve":"stepped"},{"time":1.3333,"angle":0,"curve":[0.25,0,0.75,1]},{"time":2,"angle":47.93}],"translate":[{"time":0,"x":-1.1,"y":-19.92,"curve":[0.352,0.4,0.756,1]},{"time":1.3,"x":-3.8,"y":-68.52,"curve":"stepped"},{"time":1.3333,"x":0,"y":0,"curve":[0.25,0,0.75,1]},{"time":2,"x":-1.1,"y":-19.92}],"scale":[{"time":0,"x":1,"y":1,"curve":"stepped"},{"time":1.3,"x":1,"y":1,"curve":"stepped"},{"time":1.3333,"x":1,"y":1,"curve":"stepped"},{"time":2,"x":1,"y":1}]},"images/6":{"rotate":[{"time":0,"angle":16.27,"curve":[0.311,0.25,0.756,1]},{"time":1.6333,"angle":164.81,"curve":"stepped"},{"time":1.6666,"angle":0,"curve":[0.25,0,0.75,1]},{"time":2,"angle":16.27}],"translate":[{"time":0,"x":-0.37,"y":-6.76,"curve":[0.311,0.25,0.756,1]},{"time":1.6333,"x":-3.8,"y":-68.52,"curve":"stepped"},{"time":1.6666,"x":0,"y":0,"curve":[0.25,0,0.75,1]},{"time":2,"x":-0.37,"y":-6.76}],"scale":[{"time":0,"x":1,"y":1,"curve":"stepped"},{"time":1.6333,"x":1,"y":1,"curve":"stepped"},{"time":1.6666,"x":1,"y":1,"curve":"stepped"},{"time":2,"x":1,"y":1}]},"images/11":{"rotate":[{"time":0,"angle":150.79,"curve":[0.368,0.62,0.706,1]},{"time":0.3,"angle":164.81,"curve":"stepped"},{"time":0.3333,"angle":0,"curve":[0.25,0,0.75,1]},{"time":2,"angle":150.79}],"translate":[{"time":0,"x":-3.48,"y":-62.69,"curve":[0.368,0.62,0.706,1]},{"time":0.3,"x":-3.8,"y":-68.52,"curve":"stepped"},{"time":0.3333,"x":0,"y":0,"curve":[0.25,0,0.75,1]},{"time":2,"x":-3.48,"y":-62.69}],"scale":[{"time":0,"x":1,"y":1,"curve":"stepped"},{"time":0.3,"x":1,"y":1,"curve":"stepped"},{"time":0.3333,"x":1,"y":1,"curve":"stepped"},{"time":2,"x":1,"y":1}]}}}}}