{"skeleton":{"hash":"MERo4BaDGfz8Y81PK7IddiDq0Zo","spine":"3.4.02","width":210,"height":210,"images":""},"bones":[{"name":"root"},{"name":"bone","parent":"root","length":76.62,"rotation":-61.95,"x":-138.12,"y":181.42},{"name":"images/500607_1","parent":"bone","rotation":61.95,"x":122.23,"y":3.62},{"name":"images/500607_2","parent":"root","length":38.3,"rotation":127.62,"x":84.97,"y":-84.01}],"slots":[{"name":"images/avator_frame_500607","bone":"root","attachment":"images/avator_frame_500607"},{"name":"images/500607_2","bone":"images/500607_2","attachment":"images/500607_2"},{"name":"images/500607_1","bone":"images/500607_1","attachment":"images/500607_1"}],"skins":{"default":{"images/500607_1":{"images/500607_1":{"x":-2.54,"y":-7.7,"width":37,"height":47}},"images/500607_2":{"images/500607_2":{"x":19.55,"y":1.36,"rotation":-127.62,"width":46,"height":44}},"images/avator_frame_500607":{"images/avator_frame_500607":{"width":210,"height":210}}}},"animations":{"500607_1":{"bones":{"images/500607_1":{"rotate":[{"time":0.5,"angle":0,"curve":[0,0.19,0.75,1]},{"time":1.5,"angle":-37.75,"curve":[0.25,0,1,0.8]},{"time":2.6666,"angle":0,"curve":"stepped"},{"time":4,"angle":0}],"translate":[{"time":0,"x":0,"y":0,"curve":"stepped"},{"time":0.5,"x":0,"y":0,"curve":[0,0.19,0.75,1]},{"time":2.6666,"x":187.04,"y":60.76,"curve":"stepped"},{"time":4,"x":187.04,"y":60.76}]},"images/500607_2":{"rotate":[{"time":0,"angle":0},{"time":0.0333,"angle":8.01},{"time":0.0666,"angle":-2.74},{"time":0.1,"angle":0},{"time":0.1333,"angle":8.01},{"time":0.1666,"angle":-2.74},{"time":0.2,"angle":0},{"time":0.2333,"angle":8.01},{"time":0.4333,"angle":0},{"time":0.4666,"angle":8.01},{"time":0.5,"angle":-2.74},{"time":0.5333,"angle":0},{"time":0.5666,"angle":8.01},{"time":0.6,"angle":-2.74},{"time":0.6333,"angle":0},{"time":0.6666,"angle":8.01},{"time":0.9,"angle":0},{"time":0.9333,"angle":8.01},{"time":0.9666,"angle":-2.74},{"time":1,"angle":0},{"time":1.0333,"angle":8.01},{"time":1.0666,"angle":-2.74},{"time":1.1,"angle":0},{"time":1.1333,"angle":8.01}]},"bone":{"rotate":[{"time":0.5,"angle":0,"curve":[0,0.19,0.75,1]},{"time":1.5,"angle":-6.81,"curve":[0.25,0,1,0.8]},{"time":2.6666,"angle":0.05,"curve":"stepped"},{"time":4,"angle":0.05}]}}}}}