{"skeleton":{"hash":"w9EeMj3Aw4mHfcwIypgWLllNp0Y","spine":"3.4.02","width":221.48,"height":246.36,"images":"G:/4月/21夏活头像框动画/"},"bones":[{"name":"root"},{"name":"block_2","parent":"root","length":26.41,"rotation":91.35,"x":-102.2,"y":-71,"scaleX":0.837,"scaleY":0.837},{"name":"block_3","parent":"root","length":23.12,"rotation":45.79,"x":-72.72,"y":-73.89,"scaleX":0.929,"scaleY":0.929},{"name":"block_4","parent":"root","length":26.41,"rotation":-171.8,"x":-87.75,"y":-66.37,"scaleX":0.863,"scaleY":0.863},{"name":"block_5","parent":"root","length":26.41,"rotation":-25.83,"x":86.22,"y":-73.89,"scaleX":0.744,"scaleY":0.744},{"name":"block_6","parent":"root","length":23.12,"rotation":64.19,"x":-84.86,"y":-66.95,"scaleX":0.837,"scaleY":0.837},{"name":"block_7","parent":"root","length":23.12,"rotation":110.81,"x":75.81,"y":-73.89,"scaleX":0.816,"scaleY":0.816},{"name":"bone","parent":"root","length":118.91,"rotation":-90,"x":-98.58,"y":-41,"scaleX":0.746,"scaleY":0.032},{"name":"bone2","parent":"root","length":118.91,"rotation":-90,"x":-83.87,"y":-41,"scaleX":0.746,"scaleY":0.032},{"name":"bone3","parent":"root","length":118.91,"rotation":-90,"x":-76.51,"y":-41,"scaleX":0.746,"scaleY":0.032},{"name":"bone4","parent":"root","length":118.91,"rotation":-90,"x":79.18,"y":-41,"scaleX":0.746,"scaleY":0.032},{"name":"bone5","parent":"root","length":118.91,"rotation":-90,"x":87.76,"y":-41,"scaleX":0.746,"scaleY":0.032}],"slots":[{"name":"avator_frame_500450","bone":"root"},{"name":"sk2_tw/sk2_tw_001","bone":"bone","color":"fff7fbff","attachment":"sk2_tw/sk2_tw_008","blend":"additive"},{"name":"sk2_tw/sk2_tw_1","bone":"bone2","color":"fff7fbff","attachment":"sk2_tw/sk2_tw_008","blend":"additive"},{"name":"sk2_tw/sk2_tw_2","bone":"bone3","color":"fff7fbff","attachment":"sk2_tw/sk2_tw_008","blend":"additive"},{"name":"sk2_tw/sk2_tw_3","bone":"bone4","color":"fff7fbff","attachment":"sk2_tw/sk2_tw_008","blend":"additive"},{"name":"sk2_tw/sk2_tw_4","bone":"bone5","color":"fff7fbff","attachment":"sk2_tw/sk2_tw_008","blend":"additive"},{"name":"block_1","bone":"block_2","attachment":"block_1"},{"name":"block_3","bone":"block_4","attachment":"block_1"},{"name":"block_4","bone":"block_5","attachment":"block_1"},{"name":"block_2","bone":"block_3","attachment":"block_2"},{"name":"block_6","bone":"block_7","attachment":"block_2"},{"name":"block_5","bone":"block_6","attachment":"block_2"}],"skins":{"default":{"block_1":{"block_1":{"x":-0.6,"y":0.56,"rotation":-91.35,"width":33,"height":33}},"block_2":{"block_2":{"x":-1.74,"y":1.32,"rotation":-91.43,"width":33,"height":33}},"block_3":{"block_1":{"x":-0.6,"y":0.56,"rotation":-91.35,"width":33,"height":33}},"block_4":{"block_1":{"x":-0.6,"y":0.56,"rotation":-91.35,"width":33,"height":33}},"block_5":{"block_2":{"x":-1.74,"y":1.32,"rotation":-91.43,"width":33,"height":33}},"block_6":{"block_2":{"x":-1.74,"y":1.32,"rotation":-91.43,"width":33,"height":33}},"sk2_tw/sk2_tw_001":{"sk2_tw/sk2_tw_001":{"x":-51.58,"y":0.34,"rotation":90,"width":240,"height":330},"sk2_tw/sk2_tw_002":{"x":-51.58,"y":0.34,"rotation":90,"width":240,"height":330},"sk2_tw/sk2_tw_003":{"x":-51.58,"y":0.34,"rotation":90,"width":240,"height":330},"sk2_tw/sk2_tw_004":{"x":-51.58,"y":0.34,"rotation":90,"width":240,"height":330},"sk2_tw/sk2_tw_005":{"x":-51.58,"y":0.34,"rotation":90,"width":240,"height":330},"sk2_tw/sk2_tw_006":{"x":-51.58,"y":0.34,"rotation":90,"width":240,"height":330},"sk2_tw/sk2_tw_007":{"x":-51.58,"y":0.34,"rotation":90,"width":240,"height":330},"sk2_tw/sk2_tw_008":{"x":-51.58,"y":0.34,"rotation":90,"width":240,"height":330},"sk2_tw/sk2_tw_009":{"x":-51.58,"y":0.34,"rotation":90,"width":240,"height":330},"sk2_tw/sk2_tw_010":{"x":-51.58,"y":0.34,"rotation":90,"width":240,"height":330},"sk2_tw/sk2_tw_011":{"x":-51.58,"y":0.34,"rotation":90,"width":240,"height":330},"sk2_tw/sk2_tw_012":{"x":-51.58,"y":0.34,"rotation":90,"width":240,"height":330},"sk2_tw/sk2_tw_013":{"x":-51.58,"y":0.34,"rotation":90,"width":240,"height":330},"sk2_tw/sk2_tw_014":{"x":-51.58,"y":0.34,"rotation":90,"width":240,"height":330},"sk2_tw/sk2_tw_015":{"x":-51.58,"y":0.34,"rotation":90,"width":240,"height":330},"sk2_tw/sk2_tw_016":{"x":-51.58,"y":0.34,"rotation":90,"width":240,"height":330},"sk2_tw/sk2_tw_017":{"x":-51.58,"y":0.34,"rotation":90,"width":240,"height":330},"sk2_tw/sk2_tw_018":{"x":-51.58,"y":0.34,"rotation":90,"width":240,"height":330},"sk2_tw/sk2_tw_019":{"x":-51.58,"y":0.34,"rotation":90,"width":240,"height":330},"sk2_tw/sk2_tw_020":{"x":-51.58,"y":0.34,"rotation":90,"width":240,"height":330},"sk2_tw/sk2_tw_021":{"x":-51.58,"y":0.34,"rotation":90,"width":240,"height":330}},"sk2_tw/sk2_tw_1":{"sk2_tw/sk2_tw_001":{"x":-51.58,"y":0.34,"rotation":90,"width":240,"height":330},"sk2_tw/sk2_tw_002":{"x":-51.58,"y":0.34,"rotation":90,"width":240,"height":330},"sk2_tw/sk2_tw_003":{"x":-51.58,"y":0.34,"rotation":90,"width":240,"height":330},"sk2_tw/sk2_tw_004":{"x":-51.58,"y":0.34,"rotation":90,"width":240,"height":330},"sk2_tw/sk2_tw_005":{"x":-51.58,"y":0.34,"rotation":90,"width":240,"height":330},"sk2_tw/sk2_tw_006":{"x":-51.58,"y":0.34,"rotation":90,"width":240,"height":330},"sk2_tw/sk2_tw_007":{"x":-51.58,"y":0.34,"rotation":90,"width":240,"height":330},"sk2_tw/sk2_tw_008":{"x":-51.58,"y":0.34,"rotation":90,"width":240,"height":330},"sk2_tw/sk2_tw_009":{"x":-51.58,"y":0.34,"rotation":90,"width":240,"height":330},"sk2_tw/sk2_tw_010":{"x":-51.58,"y":0.34,"rotation":90,"width":240,"height":330},"sk2_tw/sk2_tw_011":{"x":-51.58,"y":0.34,"rotation":90,"width":240,"height":330},"sk2_tw/sk2_tw_012":{"x":-51.58,"y":0.34,"rotation":90,"width":240,"height":330},"sk2_tw/sk2_tw_013":{"x":-51.58,"y":0.34,"rotation":90,"width":240,"height":330},"sk2_tw/sk2_tw_014":{"x":-51.58,"y":0.34,"rotation":90,"width":240,"height":330},"sk2_tw/sk2_tw_015":{"x":-51.58,"y":0.34,"rotation":90,"width":240,"height":330},"sk2_tw/sk2_tw_016":{"x":-51.58,"y":0.34,"rotation":90,"width":240,"height":330},"sk2_tw/sk2_tw_017":{"x":-51.58,"y":0.34,"rotation":90,"width":240,"height":330},"sk2_tw/sk2_tw_018":{"x":-51.58,"y":0.34,"rotation":90,"width":240,"height":330},"sk2_tw/sk2_tw_019":{"x":-51.58,"y":0.34,"rotation":90,"width":240,"height":330},"sk2_tw/sk2_tw_020":{"x":-51.58,"y":0.34,"rotation":90,"width":240,"height":330},"sk2_tw/sk2_tw_021":{"x":-51.58,"y":0.34,"rotation":90,"width":240,"height":330}},"sk2_tw/sk2_tw_2":{"sk2_tw/sk2_tw_001":{"x":-51.58,"y":0.34,"rotation":90,"width":240,"height":330},"sk2_tw/sk2_tw_002":{"x":-51.58,"y":0.34,"rotation":90,"width":240,"height":330},"sk2_tw/sk2_tw_003":{"x":-51.58,"y":0.34,"rotation":90,"width":240,"height":330},"sk2_tw/sk2_tw_004":{"x":-51.58,"y":0.34,"rotation":90,"width":240,"height":330},"sk2_tw/sk2_tw_005":{"x":-51.58,"y":0.34,"rotation":90,"width":240,"height":330},"sk2_tw/sk2_tw_006":{"x":-51.58,"y":0.34,"rotation":90,"width":240,"height":330},"sk2_tw/sk2_tw_007":{"x":-51.58,"y":0.34,"rotation":90,"width":240,"height":330},"sk2_tw/sk2_tw_008":{"x":-51.58,"y":0.34,"rotation":90,"width":240,"height":330},"sk2_tw/sk2_tw_009":{"x":-51.58,"y":0.34,"rotation":90,"width":240,"height":330},"sk2_tw/sk2_tw_010":{"x":-51.58,"y":0.34,"rotation":90,"width":240,"height":330},"sk2_tw/sk2_tw_011":{"x":-51.58,"y":0.34,"rotation":90,"width":240,"height":330},"sk2_tw/sk2_tw_012":{"x":-51.58,"y":0.34,"rotation":90,"width":240,"height":330},"sk2_tw/sk2_tw_013":{"x":-51.58,"y":0.34,"rotation":90,"width":240,"height":330},"sk2_tw/sk2_tw_014":{"x":-51.58,"y":0.34,"rotation":90,"width":240,"height":330},"sk2_tw/sk2_tw_015":{"x":-51.58,"y":0.34,"rotation":90,"width":240,"height":330},"sk2_tw/sk2_tw_016":{"x":-51.58,"y":0.34,"rotation":90,"width":240,"height":330},"sk2_tw/sk2_tw_017":{"x":-51.58,"y":0.34,"rotation":90,"width":240,"height":330},"sk2_tw/sk2_tw_018":{"x":-51.58,"y":0.34,"rotation":90,"width":240,"height":330},"sk2_tw/sk2_tw_019":{"x":-51.58,"y":0.34,"rotation":90,"width":240,"height":330},"sk2_tw/sk2_tw_020":{"x":-51.58,"y":0.34,"rotation":90,"width":240,"height":330},"sk2_tw/sk2_tw_021":{"x":-51.58,"y":0.34,"rotation":90,"width":240,"height":330}},"sk2_tw/sk2_tw_3":{"sk2_tw/sk2_tw_001":{"x":-51.58,"y":0.34,"rotation":90,"width":240,"height":330},"sk2_tw/sk2_tw_002":{"x":-51.58,"y":0.34,"rotation":90,"width":240,"height":330},"sk2_tw/sk2_tw_003":{"x":-51.58,"y":0.34,"rotation":90,"width":240,"height":330},"sk2_tw/sk2_tw_004":{"x":-51.58,"y":0.34,"rotation":90,"width":240,"height":330},"sk2_tw/sk2_tw_005":{"x":-51.58,"y":0.34,"rotation":90,"width":240,"height":330},"sk2_tw/sk2_tw_006":{"x":-51.58,"y":0.34,"rotation":90,"width":240,"height":330},"sk2_tw/sk2_tw_007":{"x":-51.58,"y":0.34,"rotation":90,"width":240,"height":330},"sk2_tw/sk2_tw_008":{"x":-51.58,"y":0.34,"rotation":90,"width":240,"height":330},"sk2_tw/sk2_tw_009":{"x":-51.58,"y":0.34,"rotation":90,"width":240,"height":330},"sk2_tw/sk2_tw_010":{"x":-51.58,"y":0.34,"rotation":90,"width":240,"height":330},"sk2_tw/sk2_tw_011":{"x":-51.58,"y":0.34,"rotation":90,"width":240,"height":330},"sk2_tw/sk2_tw_012":{"x":-51.58,"y":0.34,"rotation":90,"width":240,"height":330},"sk2_tw/sk2_tw_013":{"x":-51.58,"y":0.34,"rotation":90,"width":240,"height":330},"sk2_tw/sk2_tw_014":{"x":-51.58,"y":0.34,"rotation":90,"width":240,"height":330},"sk2_tw/sk2_tw_015":{"x":-51.58,"y":0.34,"rotation":90,"width":240,"height":330},"sk2_tw/sk2_tw_016":{"x":-51.58,"y":0.34,"rotation":90,"width":240,"height":330},"sk2_tw/sk2_tw_017":{"x":-51.58,"y":0.34,"rotation":90,"width":240,"height":330},"sk2_tw/sk2_tw_018":{"x":-51.58,"y":0.34,"rotation":90,"width":240,"height":330},"sk2_tw/sk2_tw_019":{"x":-51.58,"y":0.34,"rotation":90,"width":240,"height":330},"sk2_tw/sk2_tw_020":{"x":-51.58,"y":0.34,"rotation":90,"width":240,"height":330},"sk2_tw/sk2_tw_021":{"x":-51.58,"y":0.34,"rotation":90,"width":240,"height":330}},"sk2_tw/sk2_tw_4":{"sk2_tw/sk2_tw_001":{"x":-51.58,"y":0.34,"rotation":90,"width":240,"height":330},"sk2_tw/sk2_tw_002":{"x":-51.58,"y":0.34,"rotation":90,"width":240,"height":330},"sk2_tw/sk2_tw_003":{"x":-51.58,"y":0.34,"rotation":90,"width":240,"height":330},"sk2_tw/sk2_tw_004":{"x":-51.58,"y":0.34,"rotation":90,"width":240,"height":330},"sk2_tw/sk2_tw_005":{"x":-51.58,"y":0.34,"rotation":90,"width":240,"height":330},"sk2_tw/sk2_tw_006":{"x":-51.58,"y":0.34,"rotation":90,"width":240,"height":330},"sk2_tw/sk2_tw_007":{"x":-51.58,"y":0.34,"rotation":90,"width":240,"height":330},"sk2_tw/sk2_tw_008":{"x":-51.58,"y":0.34,"rotation":90,"width":240,"height":330},"sk2_tw/sk2_tw_009":{"x":-51.58,"y":0.34,"rotation":90,"width":240,"height":330},"sk2_tw/sk2_tw_010":{"x":-51.58,"y":0.34,"rotation":90,"width":240,"height":330},"sk2_tw/sk2_tw_011":{"x":-51.58,"y":0.34,"rotation":90,"width":240,"height":330},"sk2_tw/sk2_tw_012":{"x":-51.58,"y":0.34,"rotation":90,"width":240,"height":330},"sk2_tw/sk2_tw_013":{"x":-51.58,"y":0.34,"rotation":90,"width":240,"height":330},"sk2_tw/sk2_tw_014":{"x":-51.58,"y":0.34,"rotation":90,"width":240,"height":330},"sk2_tw/sk2_tw_015":{"x":-51.58,"y":0.34,"rotation":90,"width":240,"height":330},"sk2_tw/sk2_tw_016":{"x":-51.58,"y":0.34,"rotation":90,"width":240,"height":330},"sk2_tw/sk2_tw_017":{"x":-51.58,"y":0.34,"rotation":90,"width":240,"height":330},"sk2_tw/sk2_tw_018":{"x":-51.58,"y":0.34,"rotation":90,"width":240,"height":330},"sk2_tw/sk2_tw_019":{"x":-51.58,"y":0.34,"rotation":90,"width":240,"height":330},"sk2_tw/sk2_tw_020":{"x":-51.58,"y":0.34,"rotation":90,"width":240,"height":330},"sk2_tw/sk2_tw_021":{"x":-51.58,"y":0.34,"rotation":90,"width":240,"height":330}}}},"animations":{"500450_1":{"slots":{"block_1":{"color":[{"time":0,"color":"ffffffd0"},{"time":0.1,"color":"ffffffff","curve":"stepped"},{"time":1.9,"color":"ffffffff"},{"time":2.3666,"color":"ffffff00","curve":"stepped"},{"time":2.4333,"color":"ffffff00"},{"time":2.8333,"color":"ffffffd0"}]},"block_2":{"color":[{"time":0,"color":"ffffff00"},{"time":0.5,"color":"ffffffff","curve":"stepped"},{"time":2.3333,"color":"ffffffff"},{"time":2.8,"color":"ffffff00","curve":"stepped"},{"time":2.8333,"color":"ffffff00"}]},"block_3":{"color":[{"time":0,"color":"ffffffff","curve":"stepped"},{"time":1.2,"color":"ffffffff"},{"time":1.6666,"color":"ffffff00","curve":"stepped"},{"time":1.7333,"color":"ffffff00"},{"time":2.2333,"color":"ffffffff","curve":"stepped"},{"time":2.8333,"color":"ffffffff"}]},"block_4":{"color":[{"time":0,"color":"ffffffff","curve":"stepped"},{"time":0.7333,"color":"ffffffff"},{"time":1.2,"color":"ffffff00","curve":"stepped"},{"time":1.2666,"color":"ffffff00"},{"time":1.7666,"color":"ffffffff","curve":"stepped"},{"time":2.8333,"color":"ffffffff"}]},"block_5":{"color":[{"time":0,"color":"ffffffff","curve":"stepped"},{"time":0.5666,"color":"ffffffff"},{"time":1.0333,"color":"ffffff00","curve":"stepped"},{"time":1.0666,"color":"ffffff00"},{"time":1.6,"color":"ffffffff","curve":"stepped"},{"time":2.8333,"color":"ffffffff"}]},"block_6":{"color":[{"time":0,"color":"ffffff00"},{"time":0.5,"color":"ffffffff","curve":"stepped"},{"time":2.3333,"color":"ffffffff"},{"time":2.8,"color":"ffffff00","curve":"stepped"},{"time":2.8333,"color":"ffffff00"}]},"sk2_tw/sk2_tw_001":{"attachment":[{"time":0,"name":null},{"time":0.0333,"name":"sk2_tw/sk2_tw_001"},{"time":0.0666,"name":"sk2_tw/sk2_tw_002"},{"time":0.1,"name":"sk2_tw/sk2_tw_003"},{"time":0.1333,"name":"sk2_tw/sk2_tw_004"},{"time":0.1666,"name":"sk2_tw/sk2_tw_005"},{"time":0.2,"name":"sk2_tw/sk2_tw_006"},{"time":0.2333,"name":"sk2_tw/sk2_tw_007"},{"time":0.2666,"name":"sk2_tw/sk2_tw_008"},{"time":0.3,"name":"sk2_tw/sk2_tw_009"},{"time":0.3333,"name":"sk2_tw/sk2_tw_010"},{"time":0.3666,"name":"sk2_tw/sk2_tw_011"},{"time":0.4,"name":"sk2_tw/sk2_tw_012"},{"time":0.4333,"name":"sk2_tw/sk2_tw_013"},{"time":0.4666,"name":"sk2_tw/sk2_tw_014"},{"time":0.5,"name":"sk2_tw/sk2_tw_015"},{"time":0.5333,"name":"sk2_tw/sk2_tw_016"},{"time":0.5666,"name":"sk2_tw/sk2_tw_017"},{"time":0.6,"name":"sk2_tw/sk2_tw_018"},{"time":0.6333,"name":"sk2_tw/sk2_tw_019"},{"time":0.6666,"name":"sk2_tw/sk2_tw_020"},{"time":0.7,"name":"sk2_tw/sk2_tw_021"},{"time":0.7333,"name":null}]},"sk2_tw/sk2_tw_1":{"attachment":[{"time":0,"name":null},{"time":0.7,"name":null},{"time":0.7333,"name":"sk2_tw/sk2_tw_001"},{"time":0.7666,"name":"sk2_tw/sk2_tw_002"},{"time":0.8,"name":"sk2_tw/sk2_tw_003"},{"time":0.8333,"name":"sk2_tw/sk2_tw_004"},{"time":0.8666,"name":"sk2_tw/sk2_tw_005"},{"time":0.9,"name":"sk2_tw/sk2_tw_006"},{"time":0.9333,"name":"sk2_tw/sk2_tw_007"},{"time":0.9666,"name":"sk2_tw/sk2_tw_008"},{"time":1,"name":"sk2_tw/sk2_tw_009"},{"time":1.0333,"name":"sk2_tw/sk2_tw_010"},{"time":1.0666,"name":"sk2_tw/sk2_tw_011"},{"time":1.1,"name":"sk2_tw/sk2_tw_012"},{"time":1.1333,"name":"sk2_tw/sk2_tw_013"},{"time":1.1666,"name":"sk2_tw/sk2_tw_014"},{"time":1.2,"name":"sk2_tw/sk2_tw_015"},{"time":1.2333,"name":"sk2_tw/sk2_tw_016"},{"time":1.2666,"name":"sk2_tw/sk2_tw_017"},{"time":1.3,"name":"sk2_tw/sk2_tw_018"},{"time":1.3333,"name":"sk2_tw/sk2_tw_019"},{"time":1.3666,"name":"sk2_tw/sk2_tw_020"},{"time":1.4,"name":"sk2_tw/sk2_tw_021"},{"time":1.4333,"name":null}]},"sk2_tw/sk2_tw_2":{"attachment":[{"time":0,"name":null},{"time":1.7333,"name":"sk2_tw/sk2_tw_001"},{"time":1.7666,"name":"sk2_tw/sk2_tw_002"},{"time":1.8,"name":"sk2_tw/sk2_tw_003"},{"time":1.8333,"name":"sk2_tw/sk2_tw_004"},{"time":1.8666,"name":"sk2_tw/sk2_tw_005"},{"time":1.9,"name":"sk2_tw/sk2_tw_006"},{"time":1.9333,"name":"sk2_tw/sk2_tw_007"},{"time":1.9666,"name":"sk2_tw/sk2_tw_008"},{"time":2,"name":"sk2_tw/sk2_tw_009"},{"time":2.0333,"name":"sk2_tw/sk2_tw_010"},{"time":2.0666,"name":"sk2_tw/sk2_tw_011"},{"time":2.1,"name":"sk2_tw/sk2_tw_012"},{"time":2.1333,"name":"sk2_tw/sk2_tw_013"},{"time":2.1666,"name":"sk2_tw/sk2_tw_014"},{"time":2.2,"name":"sk2_tw/sk2_tw_015"},{"time":2.2333,"name":"sk2_tw/sk2_tw_016"},{"time":2.2666,"name":"sk2_tw/sk2_tw_017"},{"time":2.3,"name":"sk2_tw/sk2_tw_018"},{"time":2.3333,"name":"sk2_tw/sk2_tw_019"},{"time":2.3666,"name":"sk2_tw/sk2_tw_020"},{"time":2.4,"name":"sk2_tw/sk2_tw_021"},{"time":2.4333,"name":null}]},"sk2_tw/sk2_tw_3":{"attachment":[{"time":0,"name":null},{"time":0.9666,"name":"sk2_tw/sk2_tw_002"},{"time":1,"name":"sk2_tw/sk2_tw_003"},{"time":1.0333,"name":"sk2_tw/sk2_tw_004"},{"time":1.0666,"name":"sk2_tw/sk2_tw_005"},{"time":1.1,"name":"sk2_tw/sk2_tw_006"},{"time":1.1333,"name":"sk2_tw/sk2_tw_007"},{"time":1.1666,"name":"sk2_tw/sk2_tw_008"},{"time":1.2,"name":"sk2_tw/sk2_tw_009"},{"time":1.2333,"name":"sk2_tw/sk2_tw_010"},{"time":1.2666,"name":"sk2_tw/sk2_tw_011"},{"time":1.3,"name":"sk2_tw/sk2_tw_012"},{"time":1.3333,"name":"sk2_tw/sk2_tw_013"},{"time":1.3666,"name":"sk2_tw/sk2_tw_014"},{"time":1.4,"name":"sk2_tw/sk2_tw_015"},{"time":1.4333,"name":"sk2_tw/sk2_tw_016"},{"time":1.4666,"name":"sk2_tw/sk2_tw_017"},{"time":1.5,"name":"sk2_tw/sk2_tw_018"},{"time":1.5333,"name":"sk2_tw/sk2_tw_019"},{"time":1.5666,"name":"sk2_tw/sk2_tw_020"},{"time":1.6,"name":"sk2_tw/sk2_tw_021"},{"time":1.6333,"name":null}]},"sk2_tw/sk2_tw_4":{"attachment":[{"time":0,"name":null},{"time":1.9666,"name":"sk2_tw/sk2_tw_001"},{"time":2,"name":"sk2_tw/sk2_tw_002"},{"time":2.0333,"name":"sk2_tw/sk2_tw_003"},{"time":2.0666,"name":"sk2_tw/sk2_tw_004"},{"time":2.1,"name":"sk2_tw/sk2_tw_005"},{"time":2.1333,"name":"sk2_tw/sk2_tw_006"},{"time":2.1666,"name":"sk2_tw/sk2_tw_007"},{"time":2.2,"name":"sk2_tw/sk2_tw_008"},{"time":2.2333,"name":"sk2_tw/sk2_tw_009"},{"time":2.2666,"name":"sk2_tw/sk2_tw_010"},{"time":2.3,"name":"sk2_tw/sk2_tw_011"},{"time":2.3333,"name":"sk2_tw/sk2_tw_012"},{"time":2.3666,"name":"sk2_tw/sk2_tw_013"},{"time":2.4,"name":"sk2_tw/sk2_tw_014"},{"time":2.4333,"name":"sk2_tw/sk2_tw_015"},{"time":2.4666,"name":"sk2_tw/sk2_tw_016"},{"time":2.5,"name":"sk2_tw/sk2_tw_017"},{"time":2.5333,"name":"sk2_tw/sk2_tw_018"},{"time":2.5666,"name":"sk2_tw/sk2_tw_019"},{"time":2.6,"name":"sk2_tw/sk2_tw_020"},{"time":2.6333,"name":"sk2_tw/sk2_tw_021"},{"time":2.6666,"name":null}]}},"bones":{"block_5":{"rotate":[{"time":0,"angle":-78.06},{"time":1.2,"angle":-137.75},{"time":1.2666,"angle":0},{"time":2.8333,"angle":-78.06}],"translate":[{"time":0,"x":0,"y":76.94},{"time":1.2,"x":0,"y":135.78},{"time":1.2666,"x":0,"y":0},{"time":2.8333,"x":0,"y":76.94}],"scale":[{"time":0,"x":0.71,"y":0.71},{"time":1.2,"x":0.369,"y":0.369},{"time":1.2666,"x":1,"y":1},{"time":2.2,"x":0.894,"y":0.894},{"time":2.8333,"x":0.71,"y":0.71}]},"block_2":{"rotate":[{"time":0,"angle":-20.66},{"time":2.3666,"angle":-137.75},{"time":2.4333,"angle":0},{"time":2.8333,"angle":-20.66}],"translate":[{"time":0,"x":0,"y":20.36},{"time":2.3666,"x":0,"y":135.78},{"time":2.4333,"x":0,"y":0},{"time":2.8333,"x":0,"y":20.36}],"scale":[{"time":0,"x":0.951,"y":0.951},{"time":0.5,"x":0.893,"y":0.893},{"time":2.3666,"x":0.359,"y":0.359},{"time":2.4333,"x":1,"y":1},{"time":2.8333,"x":0.951,"y":0.951}]},"block_3":{"rotate":[{"time":0,"angle":0},{"time":2.8,"angle":-137.75},{"time":2.8333,"angle":0}],"translate":[{"time":0,"x":0,"y":0},{"time":2.8,"x":0,"y":135.78},{"time":2.8333,"x":0,"y":0}],"scale":[{"time":0,"x":1,"y":1},{"time":0.9333,"x":0.893,"y":0.893},{"time":2.8,"x":0.359,"y":0.359},{"time":2.8333,"x":1,"y":1}]},"block_4":{"rotate":[{"time":0,"angle":-55.1},{"time":1.6666,"angle":-137.75},{"time":1.7333,"angle":0},{"time":2.8333,"angle":-55.1}],"translate":[{"time":0,"x":0,"y":54.31},{"time":1.6666,"x":0,"y":135.78},{"time":1.7333,"x":0,"y":0},{"time":2.8333,"x":0,"y":54.31}],"scale":[{"time":0,"x":0.839,"y":0.839},{"time":1.6666,"x":0.359,"y":0.359},{"time":1.7333,"x":1,"y":1},{"time":2.6666,"x":0.893,"y":0.893},{"time":2.8333,"x":0.839,"y":0.839}]},"block_6":{"rotate":[{"time":0,"angle":-87.24},{"time":1.0333,"angle":-137.75},{"time":1.0666,"angle":0},{"time":2.8333,"angle":-87.24}],"translate":[{"time":0,"x":0,"y":85.99},{"time":1.0333,"x":0,"y":135.78},{"time":1.0666,"x":0,"y":0},{"time":2.8333,"x":0,"y":85.99}],"scale":[{"time":0,"x":0.653,"y":0.653},{"time":1.0333,"x":0.359,"y":0.359},{"time":1.0666,"x":1,"y":1},{"time":2,"x":0.893,"y":0.893},{"time":2.8333,"x":0.653,"y":0.653}]},"block_7":{"rotate":[{"time":0,"angle":0},{"time":2.8,"angle":-137.75},{"time":2.8333,"angle":0}],"translate":[{"time":0,"x":0,"y":0},{"time":2.8,"x":0,"y":135.78},{"time":2.8333,"x":0,"y":0}],"scale":[{"time":0,"x":1,"y":1},{"time":0.9333,"x":0.893,"y":0.893},{"time":2.8,"x":0.359,"y":0.359},{"time":2.8333,"x":1,"y":1}]},"bone":{"translate":[{"time":0,"x":9.94,"y":0}]}}}}}