{"skeleton":{"hash":"JaodcBG49rImIjDo098tvuxKyLY","spine":"3.4.02","width":216.98,"height":210,"images":"./500510_动画需求/"},"bones":[{"name":"root"},{"name":"500510_flower_1","parent":"root","length":34.4,"rotation":90,"x":-79.03,"y":30.52},{"name":"500510_flower_2","parent":"root","length":25.94,"rotation":89.99,"x":76.06,"y":-52.94},{"name":"500510_petal_1","parent":"root","length":19.73,"rotation":90,"x":42.22,"y":-14.03},{"name":"500510_petal_2","parent":"root","length":18.64,"rotation":93.46,"x":-87.49,"y":-55.76},{"name":"500510_petal_3","parent":"root","length":13.53,"rotation":89.99,"x":68.73,"y":67.74},{"name":"500510_petal_4","parent":"root","length":13.53,"rotation":89.99,"x":-33.39,"y":67.74},{"name":"G","parent":"root","length":19.73,"rotation":89.99,"x":-78.21,"y":-78.71,"scaleX":0.069,"scaleY":0.069},{"name":"G2","parent":"root","length":19.73,"rotation":89.99,"x":-49.65,"y":-79.67,"scaleX":0.091,"scaleY":0.091},{"name":"G3","parent":"root","length":19.73,"rotation":89.99,"x":-26.42,"y":-76.29,"scaleX":0.093,"scaleY":0.093},{"name":"G4","parent":"root","length":19.73,"rotation":89.99,"x":12.29,"y":-78.71,"scaleX":0.131,"scaleY":0.131},{"name":"G5","parent":"root","length":19.73,"rotation":89.99,"x":37.94,"y":-70.48,"scaleX":0.071,"scaleY":0.071},{"name":"G6","parent":"root","length":19.73,"rotation":89.99,"x":68.43,"y":-78.71,"scaleX":0.07,"scaleY":0.07},{"name":"G7","parent":"root","length":19.73,"rotation":89.99,"x":-43.36,"y":-67.57,"scaleX":0.074,"scaleY":0.074}],"slots":[{"name":"avator_frame_500510","bone":"root","attachment":"avator_frame_500510"},{"name":"500510_flower_1","bone":"500510_flower_1","attachment":"500510_flower_1"},{"name":"500510_flower_2","bone":"500510_flower_2","attachment":"500510_flower_2"},{"name":"500510_petal_1","bone":"500510_petal_1","attachment":"500510_petal_1"},{"name":"500510_petal_2","bone":"500510_petal_2","attachment":"500510_petal_2"},{"name":"500510_petal_3","bone":"500510_petal_3","attachment":"500510_petal_3"},{"name":"500510_petal_4","bone":"500510_petal_4","attachment":"500510_petal_3"},{"name":"G","bone":"G","attachment":"G"},{"name":"G2","bone":"G2","attachment":"G"},{"name":"G3","bone":"G3","attachment":"G"},{"name":"G7","bone":"G7","attachment":"G"},{"name":"G4","bone":"G4","attachment":"G"},{"name":"G5","bone":"G5","attachment":"G"},{"name":"G6","bone":"G6","attachment":"G"}],"skins":{"default":{"500510_flower_1":{"500510_flower_1":{"x":4.41,"y":-2.13,"rotation":-90,"width":44,"height":54}},"500510_flower_2":{"500510_flower_2":{"x":3.31,"y":-4.91,"rotation":-90,"width":62,"height":54}},"500510_petal_1":{"500510_petal_1":{"x":4.84,"y":1.41,"rotation":-90,"width":35,"height":35}},"500510_petal_2":{"500510_petal_2":{"x":7.44,"y":-4.91,"rotation":-93.46,"width":39,"height":40}},"500510_petal_3":{"500510_petal_3":{"x":4.01,"y":3.73,"rotation":-89.99,"width":25,"height":33}},"500510_petal_4":{"500510_petal_3":{"x":4.01,"y":3.73,"rotation":-89.99,"width":25,"height":33}},"G":{"G":{"x":4.23,"y":-0.37,"rotation":-89.99,"width":100,"height":100}},"G2":{"G":{"x":4.23,"y":-0.37,"rotation":-89.99,"width":100,"height":100}},"G3":{"G":{"x":4.23,"y":-0.37,"rotation":-89.99,"width":100,"height":100}},"G4":{"G":{"x":4.23,"y":-0.37,"rotation":-89.99,"width":100,"height":100}},"G5":{"G":{"x":4.23,"y":-0.37,"rotation":-89.99,"width":100,"height":100}},"G6":{"G":{"x":4.23,"y":-0.37,"rotation":-89.99,"width":100,"height":100}},"G7":{"G":{"x":4.23,"y":-0.37,"rotation":-89.99,"width":100,"height":100}},"avator_frame_500510":{"avator_frame_500510":{"width":210,"height":210}}}},"animations":{"500510_1":{"slots":{"500510_petal_1":{"color":[{"time":0,"color":"ffffff19"},{"time":0.0333,"color":"ffffff00","curve":"stepped"},{"time":0.0666,"color":"ffffff00","curve":"stepped"},{"time":0.2666,"color":"ffffff00"},{"time":0.6,"color":"ffffffff","curve":"stepped"},{"time":1.9333,"color":"ffffffff"},{"time":2.2333,"color":"ffffff19"}]},"500510_petal_2":{"color":[{"time":0,"color":"ffffffff","curve":"stepped"},{"time":0.4333,"color":"ffffffff"},{"time":0.7666,"color":"ffffff00","curve":"stepped"},{"time":0.8,"color":"ffffff00","curve":"stepped"},{"time":1,"color":"ffffff00"},{"time":1.3333,"color":"ffffffff","curve":"stepped"},{"time":2.2333,"color":"ffffffff"}]},"500510_petal_3":{"color":[{"time":0,"color":"ffffffff","curve":"stepped"},{"time":1.1333,"color":"ffffffff"},{"time":1.4666,"color":"ffffff00","curve":"stepped"},{"time":1.5,"color":"ffffff00","curve":"stepped"},{"time":1.7,"color":"ffffff00"},{"time":2.0333,"color":"ffffffff","curve":"stepped"},{"time":2.2333,"color":"ffffffff"}]},"500510_petal_4":{"color":[{"time":0,"color":"ffffff00"},{"time":0.3333,"color":"ffffffff","curve":"stepped"},{"time":1.6666,"color":"ffffffff"},{"time":2,"color":"ffffff00","curve":"stepped"},{"time":2.0333,"color":"ffffff00","curve":"stepped"},{"time":2.2333,"color":"ffffff00"}]},"G":{"color":[{"time":0,"color":"ffffffff","curve":"stepped"},{"time":0.2333,"color":"ffffffff"},{"time":0.4666,"color":"ffffff00","curve":"stepped"},{"time":0.5,"color":"ffffff00","curve":"stepped"},{"time":0.7,"color":"ffffff00"},{"time":1.1,"color":"ffffffff","curve":"stepped"},{"time":2.2333,"color":"ffffffff"}]},"G2":{"color":[{"time":0,"color":"ffffff00","curve":"stepped"},{"time":0.1,"color":"ffffff00"},{"time":0.5,"color":"ffffffff","curve":"stepped"},{"time":1.8666,"color":"ffffffff"},{"time":2.1,"color":"ffffff00","curve":"stepped"},{"time":2.1333,"color":"ffffff00","curve":"stepped"},{"time":2.2333,"color":"ffffff00"}]},"G3":{"color":[{"time":0,"color":"ffffffff","curve":"stepped"},{"time":0.9666,"color":"ffffffff"},{"time":1.2,"color":"ffffff00","curve":"stepped"},{"time":1.2333,"color":"ffffff00","curve":"stepped"},{"time":1.4333,"color":"ffffff00"},{"time":1.8333,"color":"ffffffff","curve":"stepped"},{"time":2.2333,"color":"ffffffff"}]},"G4":{"color":[{"time":0,"color":"ffffff7f"},{"time":0.2,"color":"ffffffff","curve":"stepped"},{"time":1.5666,"color":"ffffffff"},{"time":1.8,"color":"ffffff00","curve":"stepped"},{"time":1.8333,"color":"ffffff00","curve":"stepped"},{"time":2.0333,"color":"ffffff00"},{"time":2.2333,"color":"ffffff7f"}]},"G5":{"color":[{"time":0,"color":"ffffffff","curve":"stepped"},{"time":0.4666,"color":"ffffffff"},{"time":0.7,"color":"ffffff00","curve":"stepped"},{"time":0.7333,"color":"ffffff00","curve":"stepped"},{"time":0.9333,"color":"ffffff00"},{"time":1.3333,"color":"ffffffff","curve":"stepped"},{"time":2.2333,"color":"ffffffff"}]},"G6":{"color":[{"time":0,"color":"ffffffff","curve":"stepped"},{"time":0.0666,"color":"ffffffff"},{"time":0.3,"color":"ffffff00","curve":"stepped"},{"time":0.3333,"color":"ffffff00","curve":"stepped"},{"time":0.5333,"color":"ffffff00"},{"time":0.9333,"color":"ffffffff","curve":"stepped"},{"time":2.2333,"color":"ffffffff"}]},"G7":{"color":[{"time":0,"color":"ffffff00"},{"time":0.4,"color":"ffffffff","curve":"stepped"},{"time":1.7666,"color":"ffffffff"},{"time":2,"color":"ffffff00","curve":"stepped"},{"time":2.0333,"color":"ffffff00","curve":"stepped"},{"time":2.2333,"color":"ffffff00"}]}},"bones":{"500510_flower_1":{"translate":[{"time":0,"x":0,"y":3.97,"curve":[0.25,0,0.75,1]},{"time":1.1,"x":0,"y":-5.1,"curve":[0.25,0,0.75,1]},{"time":2.2333,"x":0,"y":3.97}]},"500510_flower_2":{"translate":[{"time":0,"x":0,"y":1.54,"curve":[0.348,0.39,0.756,1]},{"time":0.7666,"x":0,"y":-5.1,"curve":[0.25,0,0.75,1]},{"time":1.8666,"x":0,"y":3.97,"curve":[0.266,0,0.617,0.42]},{"time":2.2333,"x":0,"y":1.54}]},"500510_petal_1":{"translate":[{"time":0,"x":0,"y":-53.9},{"time":0.0333,"x":0,"y":-56.13},{"time":0.0666,"x":0,"y":77.67,"curve":"stepped"},{"time":0.2666,"x":0,"y":77.67},{"time":2.2333,"x":0,"y":-53.9}]},"500510_petal_2":{"translate":[{"time":0,"x":0,"y":34.28},{"time":0.7666,"x":0,"y":-17.01},{"time":0.8,"x":0,"y":116.8,"curve":"stepped"},{"time":1,"x":0,"y":116.8},{"time":2.2333,"x":0,"y":34.28}]},"500510_petal_4":{"translate":[{"time":0,"x":0,"y":0},{"time":2,"x":0,"y":-133.81},{"time":2.0333,"x":0,"y":0,"curve":"stepped"},{"time":2.2333,"x":0,"y":0}]},"500510_petal_3":{"translate":[{"time":0,"x":0,"y":-35.68},{"time":1.4666,"x":0,"y":-133.81},{"time":1.5,"x":0,"y":0,"curve":"stepped"},{"time":1.7,"x":0,"y":0},{"time":2.2333,"x":0,"y":-35.68}]},"G":{"translate":[{"time":0,"x":0,"y":5.34},{"time":0.4666,"x":0,"y":10.02},{"time":0.5,"x":0,"y":-10.02,"curve":"stepped"},{"time":0.7,"x":0,"y":-10.02},{"time":2.2333,"x":0,"y":5.34}],"scale":[{"time":0,"x":0.636,"y":0.636},{"time":0.4666,"x":0,"y":0},{"time":0.5,"x":1,"y":1,"curve":"stepped"},{"time":0.7,"x":1,"y":1,"curve":"stepped"},{"time":1.9666,"x":1,"y":1},{"time":2.2333,"x":0.636,"y":0.636}]},"G2":{"translate":[{"time":0,"x":0,"y":-10.02,"curve":"stepped"},{"time":0.1,"x":0,"y":-10.02},{"time":2.1,"x":0,"y":10.02},{"time":2.1333,"x":0,"y":-10.02,"curve":"stepped"},{"time":2.2333,"x":0,"y":-10.02}],"scale":[{"time":0,"x":1,"y":1,"curve":"stepped"},{"time":0.1,"x":1,"y":1,"curve":"stepped"},{"time":1.3666,"x":1,"y":1},{"time":2.1,"x":0,"y":0},{"time":2.1333,"x":1,"y":1,"curve":"stepped"},{"time":2.2333,"x":1,"y":1}]},"G3":{"translate":[{"time":0,"x":0,"y":-2},{"time":1.2,"x":0,"y":10.02},{"time":1.2333,"x":0,"y":-10.02,"curve":"stepped"},{"time":1.4333,"x":0,"y":-10.02},{"time":2.2333,"x":0,"y":-2}],"scale":[{"time":0,"x":1,"y":1,"curve":"stepped"},{"time":0.4666,"x":1,"y":1},{"time":1.2,"x":0,"y":0},{"time":1.2333,"x":1,"y":1,"curve":"stepped"},{"time":1.4333,"x":1,"y":1,"curve":"stepped"},{"time":2.2333,"x":1,"y":1}]},"G4":{"translate":[{"time":0,"x":0,"y":-8.02},{"time":1.8,"x":0,"y":10.02},{"time":1.8333,"x":0,"y":-10.02,"curve":"stepped"},{"time":2.0333,"x":0,"y":-10.02},{"time":2.2333,"x":0,"y":-8.02}],"scale":[{"time":0,"x":1,"y":1,"curve":"stepped"},{"time":1.0666,"x":1,"y":1},{"time":1.8,"x":0,"y":0},{"time":1.8333,"x":1,"y":1,"curve":"stepped"},{"time":2.0333,"x":1,"y":1,"curve":"stepped"},{"time":2.2333,"x":1,"y":1}]},"G5":{"translate":[{"time":0,"x":0,"y":3},{"time":0.7,"x":0,"y":10.02},{"time":0.7333,"x":0,"y":-10.02,"curve":"stepped"},{"time":0.9333,"x":0,"y":-10.02},{"time":2.2333,"x":0,"y":3}],"scale":[{"time":0,"x":0.954,"y":0.954},{"time":0.7,"x":0,"y":0},{"time":0.7333,"x":1,"y":1,"curve":"stepped"},{"time":0.9333,"x":1,"y":1,"curve":"stepped"},{"time":2.2,"x":1,"y":1},{"time":2.2333,"x":0.954,"y":0.954}]},"G6":{"translate":[{"time":0,"x":0,"y":7.01},{"time":0.3,"x":0,"y":10.02},{"time":0.3333,"x":0,"y":-10.02,"curve":"stepped"},{"time":0.5333,"x":0,"y":-10.02},{"time":2.2333,"x":0,"y":7.01}],"scale":[{"time":0,"x":0.409,"y":0.409},{"time":0.3,"x":0,"y":0},{"time":0.3333,"x":1,"y":1,"curve":"stepped"},{"time":0.5333,"x":1,"y":1,"curve":"stepped"},{"time":1.8,"x":1,"y":1},{"time":2.2333,"x":0.409,"y":0.409}]},"G7":{"translate":[{"time":0,"x":0,"y":-10.02},{"time":2,"x":0,"y":10.02},{"time":2.0333,"x":0,"y":-10.02,"curve":"stepped"},{"time":2.2333,"x":0,"y":-10.02}],"scale":[{"time":0,"x":1,"y":1,"curve":"stepped"},{"time":1.2666,"x":1,"y":1},{"time":2,"x":0,"y":0},{"time":2.0333,"x":1,"y":1,"curve":"stepped"},{"time":2.2333,"x":1,"y":1}]}}}}}