{"skeleton":{"hash":"NCTRXy/cqWPEUFjVsayUw/Tk3PM","spine":"3.4.02","width":210,"height":210,"images":"./images/"},"bones":[{"name":"root"},{"name":"x","parent":"root","x":-29.93,"y":43.1,"scaleX":0.497,"scaleY":0.497},{"name":"x2","parent":"root","x":21.25,"y":59.33,"scaleX":0.37,"scaleY":0.37},{"name":"x3","parent":"root","x":-58.87,"y":-8.79,"scaleX":0.276,"scaleY":0.276},{"name":"x4","parent":"root","x":-16.51,"y":-34.2,"scaleX":0.501,"scaleY":0.501},{"name":"x5","parent":"root","x":8.54,"y":4.27,"scaleX":0.28,"scaleY":0.28},{"name":"x6","parent":"root","x":53.72,"y":-8.08,"scaleX":0.362,"scaleY":0.362}],"slots":[{"name":"x","bone":"x","attachment":"x","blend":"additive"},{"name":"x2","bone":"x2","attachment":"x","blend":"additive"},{"name":"x3","bone":"x3","attachment":"x","blend":"additive"},{"name":"x4","bone":"x4","attachment":"x","blend":"additive"},{"name":"x5","bone":"x5","attachment":"x","blend":"additive"},{"name":"x6","bone":"x6","attachment":"x","blend":"additive"},{"name":"1/avator_frame_500629","bone":"root","attachment":"1/avator_frame_500629"}],"skins":{"default":{"1/avator_frame_500629":{"1/avator_frame_500629":{"width":210,"height":210}},"x":{"x":{"x":0.07,"y":-2.56,"width":55,"height":69}},"x2":{"x":{"x":0.07,"y":-2.56,"width":55,"height":69}},"x3":{"x":{"x":0.07,"y":-2.56,"width":55,"height":69}},"x4":{"x":{"x":0.07,"y":-2.56,"width":55,"height":69}},"x5":{"x":{"x":0.07,"y":-2.56,"width":55,"height":69}},"x6":{"x":{"x":0.07,"y":-2.56,"width":55,"height":69}}}},"animations":{"500629_1":{"slots":{"x":{"color":[{"time":0,"color":"fcfeff9b","curve":[0.362,0.44,0.754,1]},{"time":0.2,"color":"fcfeffff"},{"time":0.5333,"color":"fcfeff60","curve":[0.25,0,0.75,1]},{"time":0.8666,"color":"ffffffff","curve":[0.25,0,0.75,1]},{"time":1.2,"color":"fcfeff60","curve":[0.25,0,0.75,1]},{"time":1.5333,"color":"ffffffff","curve":[0.25,0,0.75,1]},{"time":1.8666,"color":"fcfeff60","curve":[0.257,0,0.618,0.45]},{"time":2,"color":"fcfeff9b"}]},"x2":{"color":[{"time":0,"color":"fefefff8","curve":[0.289,0.16,0.754,1]},{"time":0.3,"color":"fcfeff60","curve":[0.25,0,0.75,1]},{"time":0.6333,"color":"fcfeffff"},{"time":0.9666,"color":"fcfeff60","curve":[0.25,0,0.75,1]},{"time":1.3,"color":"ffffffff","curve":[0.25,0,0.75,1]},{"time":1.6333,"color":"fcfeff60","curve":[0.25,0,0.75,1]},{"time":1.9666,"color":"ffffffff","curve":[0.304,0,0.64,0.35]},{"time":2,"color":"fefefff8"}]},"x3":{"color":[{"time":0,"color":"fcfeff67","curve":[0.289,0.16,0.754,1]},{"time":0.3,"color":"fcfeffff"},{"time":0.6333,"color":"fcfeff60","curve":[0.25,0,0.75,1]},{"time":0.9666,"color":"ffffffff","curve":[0.25,0,0.75,1]},{"time":1.3,"color":"fcfeff60","curve":[0.25,0,0.75,1]},{"time":1.6333,"color":"ffffffff","curve":[0.25,0,0.75,1]},{"time":1.9666,"color":"fcfeff60","curve":[0.304,0,0.64,0.35]},{"time":2,"color":"fcfeff67"}]},"x4":{"color":[{"time":0,"color":"fcfeff75","curve":[0.374,0.61,0.715,1]},{"time":0.0666,"color":"fcfeff60","curve":[0.25,0,0.75,1]},{"time":0.4,"color":"fcfeffff"},{"time":0.7333,"color":"fcfeff60","curve":[0.25,0,0.75,1]},{"time":1.0666,"color":"ffffffff","curve":[0.25,0,0.75,1]},{"time":1.4,"color":"fcfeff60","curve":[0.25,0,0.75,1]},{"time":1.7333,"color":"ffffffff","curve":[0.242,0,0.679,0.71]},{"time":2,"color":"fcfeff75"}]},"x5":{"color":[{"time":0,"color":"fdfeffaf","curve":[0.375,0.5,0.75,1]},{"time":0.1666,"color":"fcfeff60","curve":[0.25,0,0.75,1]},{"time":0.5,"color":"fcfeffff"},{"time":0.8333,"color":"fcfeff60","curve":[0.25,0,0.75,1]},{"time":1.1666,"color":"ffffffff","curve":[0.25,0,0.75,1]},{"time":1.5,"color":"fcfeff60","curve":[0.25,0,0.75,1]},{"time":1.8333,"color":"ffffffff","curve":[0.25,0,0.625,0.5]},{"time":2,"color":"fdfeffaf"}]},"x6":{"color":[{"time":0,"color":"fcfeffd8","curve":[0.381,0.58,0.731,1]},{"time":0.1,"color":"fcfeffff"},{"time":0.4333,"color":"fcfeff60","curve":[0.25,0,0.75,1]},{"time":0.7666,"color":"ffffffff","curve":[0.25,0,0.75,1]},{"time":1.1,"color":"fcfeff60","curve":[0.25,0,0.75,1]},{"time":1.4333,"color":"ffffffff","curve":[0.25,0,0.75,1]},{"time":1.7666,"color":"fcfeff60","curve":[0.242,0,0.655,0.62]},{"time":2,"color":"fcfeffd8"}]}},"bones":{"x":{"translate":[{"time":0,"x":0,"y":-13.61,"curve":[0.382,0.57,0.735,1]},{"time":0.3333,"x":0,"y":-16.3},{"time":1.3333,"x":0,"y":-6.83,"curve":[0.243,0,0.648,0.6]},{"time":2,"x":0,"y":-13.61}],"scale":[{"time":0,"x":0.893,"y":0.893,"curve":[0.362,0.44,0.754,1]},{"time":0.2,"x":1,"y":1},{"time":0.5333,"x":0.831,"y":0.831,"curve":[0.25,0,0.75,1]},{"time":0.8666,"x":1,"y":1,"curve":[0.25,0,0.75,1]},{"time":1.2,"x":0.831,"y":0.831,"curve":[0.25,0,0.75,1]},{"time":1.5333,"x":1,"y":1,"curve":[0.25,0,0.75,1]},{"time":1.8666,"x":0.831,"y":0.831,"curve":[0.257,0,0.618,0.45]},{"time":2,"x":0.893,"y":0.893}]},"x3":{"translate":[{"time":0,"x":0,"y":-3.07,"curve":[0.25,0,0.75,1]},{"time":1,"x":0,"y":-8.65},{"time":2,"x":0,"y":-3.07}],"scale":[{"time":0,"x":0.852,"y":0.852,"curve":[0.289,0.16,0.754,1]},{"time":0.3,"x":1,"y":1},{"time":0.6333,"x":0.846,"y":0.846,"curve":[0.25,0,0.75,1]},{"time":0.9666,"x":1,"y":1,"curve":[0.25,0,0.75,1]},{"time":1.3,"x":0.846,"y":0.846,"curve":[0.25,0,0.75,1]},{"time":1.6333,"x":1,"y":1,"curve":[0.25,0,0.75,1]},{"time":1.9666,"x":0.846,"y":0.846,"curve":[0.304,0,0.64,0.35]},{"time":2,"x":0.852,"y":0.852}]},"x4":{"translate":[{"time":0,"x":0,"y":-8.45,"curve":[0.382,0.57,0.735,1]},{"time":0.3333,"x":0,"y":-5.63,"curve":[0.25,0,0.75,1]},{"time":1.3333,"x":0,"y":-15.56},{"time":2,"x":0,"y":-8.45}],"scale":[{"time":0,"x":0.847,"y":0.847,"curve":[0.374,0.61,0.715,1]},{"time":0.0666,"x":0.824,"y":0.824,"curve":[0.25,0,0.75,1]},{"time":0.4,"x":1,"y":1},{"time":0.7333,"x":0.824,"y":0.824,"curve":[0.25,0,0.75,1]},{"time":1.0666,"x":1,"y":1,"curve":[0.25,0,0.75,1]},{"time":1.4,"x":0.824,"y":0.824,"curve":[0.25,0,0.75,1]},{"time":1.7333,"x":1,"y":1,"curve":[0.242,0,0.679,0.71]},{"time":2,"x":0.847,"y":0.847}]},"x6":{"translate":[{"time":0,"x":0,"y":-12.75,"curve":[0.25,0,0.75,1]},{"time":1,"x":0,"y":-6.32,"curve":[0.25,0,0.75,1]},{"time":2,"x":0,"y":-12.75}],"scale":[{"time":0,"x":0.96,"y":0.96,"curve":[0.381,0.58,0.731,1]},{"time":0.1,"x":1,"y":1},{"time":0.4333,"x":0.835,"y":0.835,"curve":[0.25,0,0.75,1]},{"time":0.7666,"x":1,"y":1,"curve":[0.25,0,0.75,1]},{"time":1.1,"x":0.835,"y":0.835,"curve":[0.25,0,0.75,1]},{"time":1.4333,"x":1,"y":1,"curve":[0.25,0,0.75,1]},{"time":1.7666,"x":0.835,"y":0.835,"curve":[0.242,0,0.655,0.62]},{"time":2,"x":0.96,"y":0.96}]},"x2":{"translate":[{"time":0,"x":0,"y":-9.03,"curve":[0.351,0.4,0.756,1]},{"time":0.6666,"x":0,"y":-13.46},{"time":1.6666,"x":0,"y":-7.27,"curve":[0.264,0,0.617,0.42]},{"time":2,"x":0,"y":-9.03}],"scale":[{"time":0,"x":0.992,"y":0.992,"curve":[0.289,0.16,0.754,1]},{"time":0.3,"x":0.816,"y":0.816,"curve":[0.25,0,0.75,1]},{"time":0.6333,"x":1,"y":1},{"time":0.9666,"x":0.816,"y":0.816,"curve":[0.25,0,0.75,1]},{"time":1.3,"x":1,"y":1,"curve":[0.25,0,0.75,1]},{"time":1.6333,"x":0.816,"y":0.816,"curve":[0.25,0,0.75,1]},{"time":1.9666,"x":1,"y":1,"curve":[0.304,0,0.64,0.35]},{"time":2,"x":0.992,"y":0.992}]},"x5":{"translate":[{"time":0,"x":0,"y":-7.96,"curve":[0.351,0.4,0.756,1]},{"time":0.6666,"x":0,"y":-4.22,"curve":[0.25,0,0.75,1]},{"time":1.6666,"x":0,"y":-9.44},{"time":2,"x":0,"y":-7.96}],"scale":[{"time":0,"x":0.917,"y":0.917,"curve":[0.375,0.5,0.75,1]},{"time":0.1666,"x":0.835,"y":0.835,"curve":[0.25,0,0.75,1]},{"time":0.5,"x":1,"y":1},{"time":0.8333,"x":0.835,"y":0.835,"curve":[0.25,0,0.75,1]},{"time":1.1666,"x":1,"y":1,"curve":[0.25,0,0.75,1]},{"time":1.5,"x":0.835,"y":0.835,"curve":[0.25,0,0.75,1]},{"time":1.8333,"x":1,"y":1,"curve":[0.25,0,0.625,0.5]},{"time":2,"x":0.917,"y":0.917}]}}}}}