{"skeleton":{"hash":"3nT9ngtaDsuKJMTErPjIifsnCOQ","spine":"3.4.02","width":210,"height":210,"images":"./../../头像框(2)/头像框/1/"},"bones":[{"name":"root"},{"name":"20230717-160544","parent":"root","x":58.56,"y":17.66},{"name":"20230717-160545","parent":"root","x":-27.44,"y":-47.11},{"name":"20230717-160546","parent":"root","x":-57.45,"y":43.28},{"name":"500648_ribbon_1","parent":"root","x":6.58,"y":54.75},{"name":"500648_ribbon_2","parent":"root","x":-54.17,"y":54.75},{"name":"500648_ribbon_3","parent":"root","x":-25.27,"y":54.75},{"name":"500648_ribbon_4","parent":"root","x":56.23,"y":54.75}],"slots":[{"name":"avator_frame_500648","bone":"root","attachment":"avator_frame_500648"},{"name":"500648_ribbon_1","bone":"500648_ribbon_1","attachment":"500648_ribbon_1"},{"name":"500648_ribbon_2","bone":"500648_ribbon_2","attachment":"500648_ribbon_2"},{"name":"500648_ribbon_3","bone":"500648_ribbon_3","attachment":"500648_ribbon_3"},{"name":"500648_ribbon_4","bone":"500648_ribbon_4","attachment":"500648_ribbon_4"},{"name":"20230717-160544","bone":"20230717-160544","attachment":"20230717-160544"},{"name":"20230717-160545","bone":"20230717-160545","attachment":"20230717-160544"},{"name":"20230717-160546","bone":"20230717-160546","attachment":"20230717-160544"}],"skins":{"default":{"20230717-160544":{"20230717-160544":{"x":0.12,"y":-0.48,"width":34,"height":37}},"20230717-160545":{"20230717-160544":{"x":0.03,"y":-0.78,"width":34,"height":37}},"20230717-160546":{"20230717-160544":{"x":0.21,"y":-1.01,"width":34,"height":37}},"500648_ribbon_1":{"500648_ribbon_1":{"x":2.1,"y":-0.44,"width":15,"height":12}},"500648_ribbon_2":{"500648_ribbon_2":{"x":-0.28,"y":2.53,"width":22,"height":34}},"500648_ribbon_3":{"500648_ribbon_3":{"x":-1.57,"y":-0.68,"width":12,"height":11}},"500648_ribbon_4":{"500648_ribbon_4":{"x":2.33,"y":3.18,"width":14,"height":24}},"avator_frame_500648":{"avator_frame_500648":{"width":210,"height":210}}}},"animations":{"500648_1":{"slots":{"20230717-160544":{"color":[{"time":0,"color":"fffffff4","curve":[0.289,0.16,0.754,1]},{"time":0.3,"color":"ffffff00","curve":[0.25,0,0.75,1]},{"time":0.6333,"color":"ffffffff","curve":[0.25,0,0.75,1]},{"time":0.9666,"color":"ffffff00"},{"time":1.3,"color":"ffffffff","curve":[0.25,0,0.75,1]},{"time":1.6333,"color":"ffffff00","curve":[0.25,0,0.75,1]},{"time":1.9666,"color":"ffffffff","curve":[0.25,0,0.75,1]},{"time":2.3,"color":"ffffff00","curve":[0.25,0,0.75,1]},{"time":2.6333,"color":"ffffffff","curve":[0.304,0,0.64,0.35]},{"time":2.6666,"color":"fffffff4"}]},"20230717-160545":{"color":[{"time":0,"color":"ffffff21","curve":[0.374,0.61,0.715,1]},{"time":0.0666,"color":"ffffff00","curve":[0.25,0,0.75,1]},{"time":0.4,"color":"ffffffff","curve":[0.25,0,0.75,1]},{"time":0.7333,"color":"ffffff00"},{"time":1.0666,"color":"ffffffff","curve":[0.25,0,0.75,1]},{"time":1.4,"color":"ffffff00","curve":[0.25,0,0.75,1]},{"time":1.7333,"color":"ffffffff","curve":[0.25,0,0.75,1]},{"time":2.0666,"color":"ffffff00","curve":[0.25,0,0.75,1]},{"time":2.4,"color":"ffffffff","curve":[0.242,0,0.679,0.71]},{"time":2.6666,"color":"ffffff21"}]},"20230717-160546":{"color":[{"time":0,"color":"ffffff7f","curve":[0.375,0.5,0.75,1]},{"time":0.1666,"color":"ffffffff","curve":[0.25,0,0.75,1]},{"time":0.5,"color":"ffffff00"},{"time":0.8333,"color":"ffffffff","curve":[0.25,0,0.75,1]},{"time":1.1666,"color":"ffffff00","curve":[0.25,0,0.75,1]},{"time":1.5,"color":"ffffffff","curve":[0.25,0,0.75,1]},{"time":1.8333,"color":"ffffff00","curve":[0.25,0,0.75,1]},{"time":2.1666,"color":"ffffffff","curve":[0.25,0,0.75,1]},{"time":2.5,"color":"ffffff00","curve":[0.25,0,0.625,0.5]},{"time":2.6666,"color":"ffffff7f"}]},"500648_ribbon_1":{"color":[{"time":0,"color":"ffffffff"},{"time":0.6666,"color":"ffffff00"},{"time":1.3333,"color":"ffffffff","curve":"stepped"},{"time":2.6666,"color":"ffffffff"}]},"500648_ribbon_2":{"color":[{"time":0,"color":"ffffffff","curve":"stepped"},{"time":0.6666,"color":"ffffffff"},{"time":1.3333,"color":"ffffff00"},{"time":2,"color":"ffffffff","curve":"stepped"},{"time":2.6666,"color":"ffffffff"}]},"500648_ribbon_3":{"color":[{"time":0,"color":"ffffffff","curve":"stepped"},{"time":1.3333,"color":"ffffffff"},{"time":2,"color":"ffffff00"},{"time":2.6666,"color":"ffffffff"}]},"500648_ribbon_4":{"color":[{"time":0,"color":"ffffff00"},{"time":0.6666,"color":"ffffffff","curve":"stepped"},{"time":2,"color":"ffffffff"},{"time":2.6666,"color":"ffffff00"}]}},"bones":{"root":{"rotate":[{"time":0,"angle":0,"curve":"stepped"},{"time":2.6666,"angle":0}],"translate":[{"time":0,"x":0,"y":0,"curve":"stepped"},{"time":2.6666,"x":0,"y":0}],"scale":[{"time":0,"x":1,"y":1,"curve":"stepped"},{"time":2.6666,"x":1,"y":1}]},"500648_ribbon_2":{"rotate":[{"time":0,"angle":91.13},{"time":1.3,"angle":180},{"time":1.3333,"angle":0},{"time":2.6666,"angle":91.13}],"translate":[{"time":0,"x":0,"y":-68.19},{"time":1.3,"x":0,"y":-134.68},{"time":1.3333,"x":0,"y":0},{"time":2.6666,"x":0,"y":-68.19}],"scale":[{"time":0,"x":1,"y":1,"curve":"stepped"},{"time":1.3,"x":1,"y":1,"curve":"stepped"},{"time":1.3333,"x":1,"y":1,"curve":"stepped"},{"time":2.6666,"x":1,"y":1}]},"500648_ribbon_3":{"rotate":[{"time":0,"angle":45.56},{"time":1.9666,"angle":180},{"time":2,"angle":0},{"time":2.6666,"angle":45.56}],"translate":[{"time":0,"x":0,"y":-34.09},{"time":1.9666,"x":0,"y":-134.68},{"time":2,"x":0,"y":0},{"time":2.6666,"x":0,"y":-34.09}],"scale":[{"time":0,"x":1,"y":1,"curve":"stepped"},{"time":1.9666,"x":1,"y":1,"curve":"stepped"},{"time":2,"x":1,"y":1,"curve":"stepped"},{"time":2.6666,"x":1,"y":1}]},"500648_ribbon_1":{"rotate":[{"time":0,"angle":136.7},{"time":0.6333,"angle":180},{"time":0.6666,"angle":0},{"time":2.6666,"angle":136.7}],"translate":[{"time":0,"x":0,"y":-102.29},{"time":0.6333,"x":0,"y":-134.68},{"time":0.6666,"x":0,"y":0},{"time":2.6666,"x":0,"y":-102.29}],"scale":[{"time":0,"x":1,"y":1,"curve":"stepped"},{"time":0.6333,"x":1,"y":1,"curve":"stepped"},{"time":0.6666,"x":1,"y":1,"curve":"stepped"},{"time":2.6666,"x":1,"y":1}]},"500648_ribbon_4":{"rotate":[{"time":0,"angle":0},{"time":2.6333,"angle":180},{"time":2.6666,"angle":0}],"translate":[{"time":0,"x":0,"y":0},{"time":2.6333,"x":0,"y":-134.68},{"time":2.6666,"x":0,"y":0}],"scale":[{"time":0,"x":1,"y":1,"curve":"stepped"},{"time":2.6333,"x":1,"y":1,"curve":"stepped"},{"time":2.6666,"x":1,"y":1}]},"20230717-160545":{"scale":[{"time":0,"x":0.94,"y":0.94,"curve":[0.374,0.61,0.715,1]},{"time":0.0666,"x":1,"y":1,"curve":[0.25,0,0.75,1]},{"time":0.4,"x":0.543,"y":0.543,"curve":[0.25,0,0.75,1]},{"time":0.7333,"x":1,"y":1},{"time":1.0666,"x":0.543,"y":0.543,"curve":[0.25,0,0.75,1]},{"time":1.4,"x":1,"y":1,"curve":[0.25,0,0.75,1]},{"time":1.7333,"x":0.543,"y":0.543,"curve":[0.25,0,0.75,1]},{"time":2.0666,"x":1,"y":1,"curve":[0.25,0,0.75,1]},{"time":2.4,"x":0.543,"y":0.543,"curve":[0.242,0,0.679,0.71]},{"time":2.6666,"x":0.94,"y":0.94}]},"20230717-160546":{"scale":[{"time":0,"x":0.771,"y":0.771,"curve":[0.375,0.5,0.75,1]},{"time":0.1666,"x":0.543,"y":0.543,"curve":[0.25,0,0.75,1]},{"time":0.5,"x":1,"y":1},{"time":0.8333,"x":0.543,"y":0.543,"curve":[0.25,0,0.75,1]},{"time":1.1666,"x":1,"y":1,"curve":[0.25,0,0.75,1]},{"time":1.5,"x":0.543,"y":0.543,"curve":[0.25,0,0.75,1]},{"time":1.8333,"x":1,"y":1,"curve":[0.25,0,0.75,1]},{"time":2.1666,"x":0.543,"y":0.543,"curve":[0.25,0,0.75,1]},{"time":2.5,"x":1,"y":1,"curve":[0.25,0,0.625,0.5]},{"time":2.6666,"x":0.771,"y":0.771}]},"20230717-160544":{"scale":[{"time":0,"x":0.562,"y":0.562,"curve":[0.289,0.16,0.754,1]},{"time":0.3,"x":1,"y":1,"curve":[0.25,0,0.75,1]},{"time":0.6333,"x":0.543,"y":0.543,"curve":[0.25,0,0.75,1]},{"time":0.9666,"x":1,"y":1},{"time":1.3,"x":0.543,"y":0.543,"curve":[0.25,0,0.75,1]},{"time":1.6333,"x":1,"y":1,"curve":[0.25,0,0.75,1]},{"time":1.9666,"x":0.543,"y":0.543,"curve":[0.25,0,0.75,1]},{"time":2.3,"x":1,"y":1,"curve":[0.25,0,0.75,1]},{"time":2.6333,"x":0.543,"y":0.543,"curve":[0.304,0,0.64,0.35]},{"time":2.6666,"x":0.562,"y":0.562}]}}}}}