{"skeleton":{"hash":"WLZL/szIXXnh1p/HVxb9ZwYtGkk","spine":"3.4.02","width":239,"height":235.92,"images":"./500563-210-assets/"},"bones":[{"name":"root"},{"name":"avator_frame_500563","parent":"root","x":-1.5,"y":-95.5},{"name":"s1","parent":"avator_frame_500563","x":-77.66,"y":43.79},{"name":"s2","parent":"avator_frame_500563","x":-98.9,"y":109.23},{"name":"s3","parent":"avator_frame_500563","x":91.08,"y":116.69},{"name":"s4","parent":"root","x":-53.91,"y":59.93,"scaleX":0.8,"scaleY":0.8},{"name":"s5","parent":"root","x":-42.43,"y":94.37,"scaleX":0.5,"scaleY":0.5},{"name":"s6","parent":"root","x":73.04,"y":76.14,"scaleX":0.6,"scaleY":0.6},{"name":"s7","parent":"root","x":-68.77,"y":-29.2},{"name":"s8","parent":"root","x":-42.43,"y":-79.85,"scaleX":0.6,"scaleY":0.6},{"name":"s9","parent":"root","x":69.66,"y":-26.5},{"name":"x","parent":"root","x":76.38,"y":89.71,"scaleX":0.5,"scaleY":0.5},{"name":"x2","parent":"root","x":77.06,"y":-52.09},{"name":"x3","parent":"root","x":-78.26,"y":-62.22,"scaleX":0.5,"scaleY":0.5},{"name":"x4","parent":"root","x":-64.75,"y":40.42}],"slots":[{"name":"avator_frame_500563","bone":"avator_frame_500563","attachment":"avator_frame_500563"},{"name":"s1","bone":"s1","attachment":"s1"},{"name":"s2","bone":"s2","attachment":"s2"},{"name":"s3","bone":"s3","attachment":"s3"},{"name":"s4","bone":"s4","attachment":"s4"},{"name":"s5","bone":"s5","attachment":"s4"},{"name":"s6","bone":"s6","attachment":"s4"},{"name":"s7","bone":"s7","attachment":"s4"},{"name":"s8","bone":"s8","attachment":"s4"},{"name":"s9","bone":"s9","attachment":"s4"},{"name":"x","bone":"x","attachment":"x"},{"name":"x2","bone":"x2","attachment":"x"},{"name":"x3","bone":"x3","attachment":"x"},{"name":"x4","bone":"x4","attachment":"x"}],"skins":{"default":{"avator_frame_500563":{"avator_frame_500563":{"x":1.5,"y":95.5,"width":210,"height":210}},"s1":{"s1":{"x":-0.83,"y":2.7,"width":51,"height":50}},"s2":{"s2":{"x":3.4,"y":2.26,"width":51,"height":50}},"s3":{"s3":{"x":1.41,"y":3.3,"width":51,"height":51}},"s4":{"s4":{"x":0.91,"y":4.56,"width":51,"height":113}},"s5":{"s4":{"x":0.91,"y":4.56,"width":51,"height":113}},"s6":{"s4":{"x":0.91,"y":4.56,"width":51,"height":113}},"s7":{"s4":{"x":0.91,"y":4.56,"width":51,"height":113}},"s8":{"s4":{"x":0.91,"y":4.56,"width":51,"height":113}},"s9":{"s4":{"x":0.91,"y":4.56,"width":51,"height":113}},"x":{"x":{"width":23,"height":41}},"x2":{"x":{"width":23,"height":41}},"x3":{"x":{"width":23,"height":41}},"x4":{"x":{"width":23,"height":41}}}},"animations":{"500563_1":{"slots":{"s4":{"color":[{"time":0,"color":"ffffffc5","curve":[0.341,0.36,0.757,1]},{"time":0.3333,"color":"ffffff00","curve":"stepped"},{"time":0.3666,"color":"ffffff00","curve":[0.25,0,0.75,1]},{"time":0.8666,"color":"ffffffff","curve":"stepped"},{"time":1.8666,"color":"ffffffff","curve":[0.27,0,0.618,0.41]},{"time":2,"color":"ffffffc5"}]},"s5":{"color":[{"time":0,"color":"ffffffff","curve":"stepped"},{"time":0.2,"color":"ffffffff","curve":[0.25,0,0.75,1]},{"time":0.6666,"color":"ffffff00","curve":"stepped"},{"time":0.7,"color":"ffffff00","curve":[0.25,0,0.75,1]},{"time":1.2,"color":"ffffffff","curve":"stepped"},{"time":2,"color":"ffffffff"}]},"s6":{"color":[{"time":0,"color":"ffffffff","curve":"stepped"},{"time":0.8666,"color":"ffffffff","curve":[0.25,0,0.75,1]},{"time":1.3333,"color":"ffffff00","curve":"stepped"},{"time":1.3666,"color":"ffffff00","curve":[0.25,0,0.75,1]},{"time":1.8666,"color":"ffffffff","curve":"stepped"},{"time":2,"color":"ffffffff"}]},"s7":{"color":[{"time":0,"color":"ffffffff","curve":"stepped"},{"time":0.5333,"color":"ffffffff","curve":[0.25,0,0.75,1]},{"time":1,"color":"ffffff00","curve":"stepped"},{"time":1.0333,"color":"ffffff00","curve":[0.25,0,0.75,1]},{"time":1.5333,"color":"ffffffff","curve":"stepped"},{"time":2,"color":"ffffffff"}]},"s8":{"color":[{"time":0,"color":"ffffff00","curve":[0.25,0,0.75,1]},{"time":0.5,"color":"ffffffff","curve":"stepped"},{"time":1.5,"color":"ffffffff","curve":[0.25,0,0.75,1]},{"time":1.9666,"color":"ffffff00","curve":"stepped"},{"time":2,"color":"ffffff00"}]},"s9":{"color":[{"time":0,"color":"ffffffa1","curve":[0.381,0.54,0.742,1]},{"time":0.2,"color":"ffffffff","curve":"stepped"},{"time":1.2,"color":"ffffffff","curve":[0.25,0,0.75,1]},{"time":1.6666,"color":"ffffff00","curve":"stepped"},{"time":1.7,"color":"ffffff00","curve":[0.25,0,0.75,1]},{"time":2,"color":"ffffffa1"}]},"x":{"color":[{"time":0,"color":"ffffffa1","curve":[0.381,0.54,0.742,1]},{"time":0.2,"color":"ffffffff","curve":[0.25,0,0.75,1]},{"time":0.6666,"color":"ffffff00","curve":"stepped"},{"time":0.7,"color":"ffffff00","curve":[0.25,0,0.75,1]},{"time":1,"color":"ffffffa1","curve":[0.381,0.54,0.742,1]},{"time":1.2,"color":"ffffffff","curve":[0.25,0,0.75,1]},{"time":1.6666,"color":"ffffff00","curve":"stepped"},{"time":1.7,"color":"ffffff00","curve":[0.25,0,0.75,1]},{"time":2,"color":"ffffffa1"}]},"x2":{"color":[{"time":0,"color":"fffffff9","curve":[0.352,0.65,0.686,1]},{"time":0.0333,"color":"ffffffff","curve":[0.25,0,0.75,1]},{"time":0.5,"color":"ffffff00","curve":"stepped"},{"time":0.5333,"color":"ffffff00","curve":[0.25,0,0.75,1]},{"time":1,"color":"fffffff9","curve":[0.352,0.65,0.686,1]},{"time":1.0333,"color":"ffffffff","curve":[0.25,0,0.75,1]},{"time":1.5,"color":"ffffff00","curve":"stepped"},{"time":1.5333,"color":"ffffff00","curve":[0.25,0,0.75,1]},{"time":2,"color":"fffffff9"}]},"x3":{"color":[{"time":0,"color":"ffffffc5","curve":[0.341,0.36,0.757,1]},{"time":0.3333,"color":"ffffff00","curve":"stepped"},{"time":0.3666,"color":"ffffff00","curve":[0.375,0.5,0.75,1]},{"time":0.8666,"color":"ffffffff","curve":[0.27,0,0.618,0.41]},{"time":1,"color":"ffffffc5","curve":[0.341,0.36,0.757,1]},{"time":1.3333,"color":"ffffff00","curve":"stepped"},{"time":1.3666,"color":"ffffff00","curve":[0.375,0.5,0.75,1]},{"time":1.8666,"color":"ffffffff","curve":[0.27,0,0.618,0.41]},{"time":2,"color":"ffffffc5"}]},"x4":{"color":[{"time":0,"color":"ffffff4f","curve":[0.382,0.56,0.737,1]},{"time":0.1666,"color":"ffffff00","curve":"stepped"},{"time":0.2,"color":"ffffff00","curve":[0.25,0,0.75,1]},{"time":0.7,"color":"ffffffff","curve":[0.243,0,0.644,0.58]},{"time":1,"color":"ffffff4f","curve":[0.382,0.56,0.737,1]},{"time":1.1666,"color":"ffffff00","curve":"stepped"},{"time":1.2,"color":"ffffff00","curve":[0.25,0,0.75,1]},{"time":1.7,"color":"ffffffff","curve":[0.243,0,0.644,0.58]},{"time":2,"color":"ffffff4f"}]}},"bones":{"s2":{"translate":[{"time":0,"x":0,"y":0,"curve":[0.25,0,0.75,1]},{"time":1,"x":0,"y":-16.88,"curve":[0.25,0,0.75,1]},{"time":2,"x":0,"y":0}]},"s1":{"translate":[{"time":0,"x":0,"y":-8.44,"curve":[0.375,0.5,0.75,1]},{"time":0.5,"x":0,"y":0},{"time":1.5,"x":0,"y":-16.88,"curve":[0.25,0,0.625,0.5]},{"time":2,"x":0,"y":-8.44}]},"s3":{"translate":[{"time":0,"x":0,"y":-16.88,"curve":[0.25,0,0.75,1]},{"time":1,"x":0,"y":0},{"time":2,"x":0,"y":-16.88}]},"s9":{"translate":[{"time":0,"x":0,"y":17.72,"curve":[0.306,0.23,0.756,1]},{"time":1.6666,"x":0,"y":-54.64,"curve":"stepped"},{"time":1.7,"x":0,"y":24.44,"curve":[0.25,0,0.75,1]},{"time":2,"x":0,"y":17.72}],"scale":[{"time":0,"x":0.941,"y":0.995,"curve":[0.306,0.23,0.756,1]},{"time":1.6666,"x":0.316,"y":0.942,"curve":"stepped"},{"time":1.7,"x":1,"y":1,"curve":[0.25,0,0.75,1]},{"time":2,"x":0.941,"y":0.995}]},"s8":{"translate":[{"time":0,"x":0,"y":14.66,"curve":[0.25,0,0.75,1]},{"time":1.9666,"x":0,"y":-32.78,"curve":"stepped"},{"time":2,"x":0,"y":14.66}],"scale":[{"time":0,"x":1,"y":1,"curve":[0.25,0,0.75,1]},{"time":1.9666,"x":0.316,"y":0.956,"curve":"stepped"},{"time":2,"x":1,"y":1}]},"s7":{"translate":[{"time":0,"x":0,"y":-14.21,"curve":[0.374,0.49,0.75,1]},{"time":1,"x":0,"y":-54.64,"curve":"stepped"},{"time":1.0333,"x":0,"y":24.44,"curve":[0.25,0,0.75,1]},{"time":2,"x":0,"y":-14.21}],"scale":[{"time":0,"x":0.666,"y":0.971,"curve":[0.374,0.49,0.75,1]},{"time":1,"x":0.316,"y":0.942,"curve":"stepped"},{"time":1.0333,"x":1,"y":1,"curve":[0.25,0,0.75,1]},{"time":2,"x":0.666,"y":0.971}]},"s6":{"translate":[{"time":0,"x":0,"y":1.86,"curve":[0.349,0.39,0.756,1]},{"time":1.3333,"x":0,"y":-32.78,"curve":"stepped"},{"time":1.3666,"x":0,"y":14.66,"curve":[0.25,0,0.75,1]},{"time":2,"x":0,"y":1.86}],"scale":[{"time":0,"x":0.815,"y":0.988,"curve":[0.349,0.39,0.756,1]},{"time":1.3333,"x":0.316,"y":0.956,"curve":"stepped"},{"time":1.3666,"x":1,"y":1,"curve":[0.25,0,0.75,1]},{"time":2,"x":0.815,"y":0.988}]},"s5":{"translate":[{"time":0,"x":0,"y":-15.82,"curve":[0.382,0.56,0.735,1]},{"time":0.6666,"x":0,"y":-27.32,"curve":"stepped"},{"time":0.7,"x":0,"y":12.22,"curve":[0.25,0,0.75,1]},{"time":2,"x":0,"y":-15.82}],"scale":[{"time":0,"x":0.515,"y":0.964,"curve":[0.382,0.56,0.735,1]},{"time":0.6666,"x":0.316,"y":0.949,"curve":"stepped"},{"time":0.7,"x":1,"y":1,"curve":[0.25,0,0.75,1]},{"time":2,"x":0.515,"y":0.964}]},"s4":{"translate":[{"time":0,"x":0,"y":-37.46,"curve":[0.371,0.62,0.71,1]},{"time":0.3333,"x":0,"y":-43.71,"curve":"stepped"},{"time":0.3666,"x":0,"y":19.55,"curve":[0.25,0,0.75,1]},{"time":2,"x":0,"y":-37.46}],"scale":[{"time":0,"x":0.384,"y":0.948,"curve":[0.371,0.62,0.71,1]},{"time":0.3333,"x":0.316,"y":0.942,"curve":"stepped"},{"time":0.3666,"x":1,"y":1,"curve":[0.25,0,0.75,1]},{"time":2,"x":0.384,"y":0.948}]},"x3":{"scale":[{"time":0,"x":1.183,"y":1.183},{"time":0.3333,"x":1,"y":1,"curve":"stepped"},{"time":0.3666,"x":1,"y":1,"curve":[0.25,0,0.75,1]},{"time":0.8666,"x":1.257,"y":1.257},{"time":1,"x":1.183,"y":1.183},{"time":1.3333,"x":1,"y":1,"curve":"stepped"},{"time":1.3666,"x":1,"y":1,"curve":[0.25,0,0.75,1]},{"time":1.8666,"x":1.257,"y":1.257},{"time":2,"x":1.183,"y":1.183}]},"x":{"scale":[{"time":0,"x":1.162,"y":1.162,"curve":[0.381,0.54,0.742,1]},{"time":0.2,"x":1.257,"y":1.257},{"time":0.6666,"x":1,"y":1,"curve":"stepped"},{"time":0.7,"x":1,"y":1,"curve":[0.25,0,0.75,1]},{"time":1,"x":1.162,"y":1.162,"curve":[0.381,0.54,0.742,1]},{"time":1.2,"x":1.257,"y":1.257},{"time":1.6666,"x":1,"y":1,"curve":"stepped"},{"time":1.7,"x":1,"y":1,"curve":[0.25,0,0.75,1]},{"time":2,"x":1.162,"y":1.162}]},"x2":{"scale":[{"time":0,"x":1.251,"y":1.251,"curve":[0.352,0.65,0.686,1]},{"time":0.0333,"x":1.257,"y":1.257},{"time":0.5,"x":1,"y":1,"curve":"stepped"},{"time":0.5333,"x":1,"y":1,"curve":[0.25,0,0.75,1]},{"time":1,"x":1.251,"y":1.251,"curve":[0.352,0.65,0.686,1]},{"time":1.0333,"x":1.257,"y":1.257},{"time":1.5,"x":1,"y":1,"curve":"stepped"},{"time":1.5333,"x":1,"y":1,"curve":[0.25,0,0.75,1]},{"time":2,"x":1.251,"y":1.251}]},"x4":{"scale":[{"time":0,"x":1.091,"y":1.091},{"time":0.1666,"x":1,"y":1,"curve":"stepped"},{"time":0.2,"x":1,"y":1,"curve":[0.25,0,0.75,1]},{"time":0.7,"x":1.257,"y":1.257},{"time":1,"x":1.091,"y":1.091},{"time":1.1666,"x":1,"y":1,"curve":"stepped"},{"time":1.2,"x":1,"y":1,"curve":[0.25,0,0.75,1]},{"time":1.7,"x":1.257,"y":1.257},{"time":2,"x":1.091,"y":1.091}]}}}}}