{"skeleton":{"hash":"uqoNhPqgRB9j1QNnir6g0WhJ3Yc","spine":"3.4.02","width":360.57,"height":210,"images":"G:/12.2/皮肤图鉴/500410"},"bones":[{"name":"root"},{"name":"2","parent":"root","x":193.68,"y":-36.09,"scaleX":0.118,"scaleY":0.118,"color":"9b0500ff"},{"name":"3","parent":"root","x":180.12,"y":-3.54,"scaleX":0.118,"scaleY":0.118,"color":"9b0500ff"},{"name":"4","parent":"root","x":217.56,"y":-12.47,"scaleX":0.108,"scaleY":0.108,"color":"9b0500ff"},{"name":"5","parent":"root","x":229.92,"y":11.67,"scaleX":0.118,"scaleY":0.118,"color":"9b0500ff"},{"name":"6","parent":"root","x":229.92,"y":32.09,"scaleX":0.093,"scaleY":0.093,"color":"9b0500ff"},{"name":"7","parent":"root","x":206.01,"y":32.09,"scaleX":0.118,"scaleY":0.118,"color":"9b0500ff"},{"name":"8","parent":"root","x":180.12,"y":32.09,"scaleX":0.136,"scaleY":0.136,"color":"9b0500ff"},{"name":"9","parent":"root","x":143.78,"y":3.74,"scaleX":0.09,"scaleY":0.09,"color":"9b0500ff"},{"name":"10","parent":"root","x":163.75,"y":-86.24,"scaleX":0.105,"scaleY":0.105,"color":"9b0500ff"},{"name":"11","parent":"root","x":152.28,"y":-44.77,"scaleX":0.103,"scaleY":0.103,"color":"9b0500ff"},{"name":"12","parent":"root","x":242.24,"y":-73.12,"scaleX":0.118,"scaleY":0.118,"color":"9b0500ff"},{"name":"13","parent":"root","x":229.42,"y":-41.09,"scaleX":0.118,"scaleY":0.118,"color":"9b0500ff"},{"name":"fmao","parent":"root","length":29.08,"rotation":102.02,"x":-44.18,"y":-53.97,"color":"ffffffff"}],"slots":[{"name":"fmao","bone":"fmao","attachment":"fmao"},{"name":"2","bone":"2","attachment":"2","blend":"additive"},{"name":"10","bone":"10","attachment":"2","blend":"additive"},{"name":"11","bone":"11","attachment":"2","blend":"additive"},{"name":"12","bone":"12","attachment":"2","blend":"additive"},{"name":"13","bone":"13","attachment":"2","blend":"additive"},{"name":"3","bone":"3","attachment":"2","blend":"additive"},{"name":"4","bone":"4","attachment":"2","blend":"additive"},{"name":"5","bone":"5","attachment":"2","blend":"additive"},{"name":"6","bone":"6","attachment":"2","blend":"additive"},{"name":"7","bone":"7","attachment":"2","blend":"additive"},{"name":"8","bone":"8","attachment":"2","blend":"additive"},{"name":"9","bone":"9","attachment":"2","blend":"additive"},{"name":"avator_frame_500410","bone":"root","attachment":"avator_frame_500410"},{"name":"avator_frame_5004102","bone":"root","attachment":"avator_frame_5004102","blend":"additive"}],"skins":{"default":{"10":{"2":{"x":7.97,"y":-2.07,"width":210,"height":210}},"11":{"2":{"x":7.97,"y":-2.07,"width":210,"height":210}},"12":{"2":{"x":7.97,"y":-2.07,"width":210,"height":210}},"13":{"2":{"x":7.97,"y":-2.07,"width":210,"height":210}},"2":{"2":{"x":7.97,"y":-2.07,"width":210,"height":210}},"3":{"2":{"x":7.97,"y":-2.07,"width":210,"height":210}},"4":{"2":{"x":7.97,"y":-2.07,"width":210,"height":210}},"5":{"2":{"x":7.97,"y":-2.07,"width":210,"height":210}},"6":{"2":{"x":7.97,"y":-2.07,"width":210,"height":210}},"7":{"2":{"x":7.97,"y":-2.07,"width":210,"height":210}},"8":{"2":{"x":7.97,"y":-2.07,"width":210,"height":210}},"9":{"2":{"x":7.97,"y":-2.07,"width":210,"height":210}},"avator_frame_500410":{"avator_frame_500410":{"width":210,"height":210}},"avator_frame_5004102":{"avator_frame_5004102":{"width":210,"height":210}},"fmao":{"fmao":{"x":37.53,"y":-3.67,"rotation":-113.06,"width":40,"height":92}}}},"animations":{"500410_1":{"slots":{"2":{"color":[{"time":0,"color":"ffffff5b"},{"time":0.6666,"color":"ffffffff"},{"time":2.9333,"color":"ffffff00","curve":"stepped"},{"time":2.9666,"color":"ffffff00"},{"time":3.3333,"color":"ffffff5b"},{"time":4,"color":"ffffffff"},{"time":6.2666,"color":"ffffff00","curve":"stepped"},{"time":6.3,"color":"ffffff00"},{"time":6.6666,"color":"ffffff5b"}]},"3":{"color":[{"time":0,"color":"ffffffec"},{"time":2.1,"color":"ffffff00","curve":"stepped"},{"time":2.1333,"color":"ffffff00"},{"time":3.1666,"color":"ffffffff"},{"time":3.3333,"color":"ffffffec"},{"time":5.4333,"color":"ffffff00","curve":"stepped"},{"time":5.4666,"color":"ffffff00"},{"time":6.5,"color":"ffffffff"},{"time":6.6666,"color":"ffffffec"}]},"4":{"color":[{"time":0,"color":"ffffffc1"},{"time":0.2666,"color":"ffffffff"},{"time":2.5,"color":"ffffff00","curve":"stepped"},{"time":2.5333,"color":"ffffff00"},{"time":3.3333,"color":"ffffffc1"},{"time":3.6,"color":"ffffffff"},{"time":5.8333,"color":"ffffff00","curve":"stepped"},{"time":5.8666,"color":"ffffff00"},{"time":6.6666,"color":"ffffffc1"}]},"5":{"color":[{"time":0,"color":"ffffffb3"},{"time":1.6,"color":"ffffff00","curve":"stepped"},{"time":1.6333,"color":"ffffff00"},{"time":2.6666,"color":"ffffffff"},{"time":3.3333,"color":"ffffffb3"},{"time":4.9333,"color":"ffffff00","curve":"stepped"},{"time":4.9666,"color":"ffffff00"},{"time":6,"color":"ffffffff"},{"time":6.6666,"color":"ffffffb3"}]},"6":{"color":[{"time":0,"color":"ffffff70"},{"time":0.6,"color":"ffffffff"},{"time":2.8333,"color":"ffffff00","curve":"stepped"},{"time":2.8666,"color":"ffffff00"},{"time":3.3333,"color":"ffffff70"},{"time":3.9333,"color":"ffffffff"},{"time":6.1666,"color":"ffffff00","curve":"stepped"},{"time":6.2,"color":"ffffff00"},{"time":6.6666,"color":"ffffff70"}]},"7":{"color":[{"time":0,"color":"ffffff00"},{"time":1.0333,"color":"ffffffff"},{"time":3.3,"color":"ffffff00","curve":"stepped"},{"time":3.3333,"color":"ffffff00"},{"time":4.3666,"color":"ffffffff"},{"time":6.6333,"color":"ffffff00","curve":"stepped"},{"time":6.6666,"color":"ffffff00"}]},"8":{"color":[{"time":0,"color":"ffffff2a"},{"time":0.3666,"color":"ffffff00","curve":"stepped"},{"time":0.4333,"color":"ffffff00"},{"time":1.4666,"color":"ffffffff"},{"time":3.3333,"color":"ffffff2a"},{"time":3.7,"color":"ffffff00","curve":"stepped"},{"time":3.7666,"color":"ffffff00"},{"time":4.8,"color":"ffffffff"},{"time":6.6666,"color":"ffffff2a"}]},"9":{"color":[{"time":0,"color":"ffffff3d"},{"time":0.5333,"color":"ffffff00","curve":"stepped"},{"time":0.6,"color":"ffffff00"},{"time":1.6333,"color":"ffffffff"},{"time":3.3333,"color":"ffffff3d"},{"time":3.8666,"color":"ffffff00","curve":"stepped"},{"time":3.9333,"color":"ffffff00"},{"time":4.9666,"color":"ffffffff"},{"time":6.6666,"color":"ffffff3d"}]},"10":{"color":[{"time":0,"color":"ffffff92"},{"time":1.3,"color":"ffffff00","curve":"stepped"},{"time":1.3333,"color":"ffffff00"},{"time":2.3666,"color":"ffffffff"},{"time":3.3333,"color":"ffffff92"},{"time":4.6333,"color":"ffffff00","curve":"stepped"},{"time":4.6666,"color":"ffffff00"},{"time":5.7,"color":"ffffffff"},{"time":6.6666,"color":"ffffff92"}]},"11":{"color":[{"time":0,"color":"ffffff9b"},{"time":1.3666,"color":"ffffff00","curve":"stepped"},{"time":1.4333,"color":"ffffff00"},{"time":2.4666,"color":"ffffffff"},{"time":3.3333,"color":"ffffff9b"},{"time":4.7,"color":"ffffff00","curve":"stepped"},{"time":4.7666,"color":"ffffff00"},{"time":5.8,"color":"ffffffff"},{"time":6.6666,"color":"ffffff9b"}]},"12":{"color":[{"time":0,"color":"ffffff59"},{"time":0.8,"color":"ffffff00","curve":"stepped"},{"time":0.8333,"color":"ffffff00"},{"time":1.8666,"color":"ffffffff"},{"time":3.3333,"color":"ffffff59"},{"time":4.1333,"color":"ffffff00","curve":"stepped"},{"time":4.1666,"color":"ffffff00"},{"time":5.2,"color":"ffffffff"},{"time":6.6666,"color":"ffffff59"}]},"13":{"color":[{"time":0,"color":"ffffff12"},{"time":0.1666,"color":"ffffff00","curve":"stepped"},{"time":0.2,"color":"ffffff00"},{"time":1.2666,"color":"ffffffff"},{"time":3.3333,"color":"ffffff12"},{"time":3.5,"color":"ffffff00","curve":"stepped"},{"time":3.5333,"color":"ffffff00"},{"time":4.6,"color":"ffffffff"},{"time":6.6666,"color":"ffffff12"}]},"avator_frame_5004102":{"color":[{"time":0,"color":"ffffffff","curve":[0.25,0,0.75,1]},{"time":1.6666,"color":"ffffff94","curve":[0.25,0,0.75,1]},{"time":3.3333,"color":"ffffffff","curve":[0.25,0,0.75,1]},{"time":5,"color":"ffffff94","curve":[0.25,0,0.75,1]},{"time":6.6666,"color":"ffffffff"}]}},"bones":{"2":{"translate":[{"time":0,"x":-125.52,"y":-13.02},{"time":2.9333,"x":-124.75,"y":72.16},{"time":2.9666,"x":-125.61,"y":-23.98},{"time":3.3333,"x":-125.52,"y":-13.02},{"time":6.2666,"x":-124.75,"y":72.16},{"time":6.3,"x":-125.61,"y":-23.98},{"time":6.6666,"x":-125.52,"y":-13.02}],"scale":[{"time":0,"x":0.938,"y":0.938},{"time":2.9333,"x":0.462,"y":0.462},{"time":2.9666,"x":1,"y":1},{"time":3.3333,"x":0.938,"y":0.938},{"time":6.2666,"x":0.462,"y":0.462},{"time":6.3,"x":1,"y":1},{"time":6.6666,"x":0.938,"y":0.938}]},"3":{"translate":[{"time":0,"x":-212.14,"y":-29.27},{"time":2.1,"x":-212.68,"y":50.19},{"time":2.1333,"x":-211.84,"y":-75.37},{"time":3.3333,"x":-212.14,"y":-29.27},{"time":5.4333,"x":-212.68,"y":50.19},{"time":5.4666,"x":-211.84,"y":-75.37},{"time":6.6666,"x":-212.14,"y":-29.27}],"scale":[{"time":0,"x":0.802,"y":0.802},{"time":2.1,"x":0.462,"y":0.462},{"time":2.1333,"x":1,"y":1},{"time":3.3333,"x":0.802,"y":0.802},{"time":5.4333,"x":0.462,"y":0.462},{"time":5.4666,"x":1,"y":1},{"time":6.6666,"x":0.802,"y":0.802}]},"4":{"translate":[{"time":0,"x":-197.97,"y":-35.21},{"time":2.5,"x":-199.28,"y":64.53},{"time":2.5333,"x":-197.56,"y":-66.8},{"time":3.3333,"x":-197.97,"y":-35.21},{"time":5.8333,"x":-199.28,"y":64.53},{"time":5.8666,"x":-197.56,"y":-66.8},{"time":6.6666,"x":-197.97,"y":-35.21}],"scale":[{"time":0,"x":0.881,"y":0.881},{"time":2.5,"x":0.507,"y":0.507},{"time":2.5333,"x":1,"y":1},{"time":3.3333,"x":0.881,"y":0.881},{"time":5.8333,"x":0.507,"y":0.507},{"time":5.8666,"x":1,"y":1},{"time":6.6666,"x":0.881,"y":0.881}]},"5":{"translate":[{"time":0,"x":-274.54,"y":-23.44},{"time":1.6,"x":-275.49,"y":37.9},{"time":1.6333,"x":-273.5,"y":-89.64},{"time":3.3333,"x":-274.54,"y":-23.44},{"time":4.9333,"x":-275.49,"y":37.9},{"time":4.9666,"x":-273.5,"y":-89.64},{"time":6.6666,"x":-274.54,"y":-23.44}],"scale":[{"time":0,"x":0.72,"y":0.72},{"time":1.6,"x":0.462,"y":0.462},{"time":1.6333,"x":1,"y":1},{"time":3.3333,"x":0.72,"y":0.72},{"time":4.9333,"x":0.462,"y":0.462},{"time":4.9666,"x":1,"y":1},{"time":6.6666,"x":0.72,"y":0.72}]},"6":{"translate":[{"time":0,"x":-205.02,"y":-95.28},{"time":2.8333,"x":-205.27,"y":-6.59},{"time":2.8666,"x":-204.98,"y":-109.63},{"time":3.3333,"x":-205.02,"y":-95.28},{"time":6.1666,"x":-205.27,"y":-6.59},{"time":6.2,"x":-204.98,"y":-109.63},{"time":6.6666,"x":-205.02,"y":-95.28}],"scale":[{"time":0,"x":0.926,"y":0.926},{"time":2.8333,"x":0.473,"y":0.473},{"time":2.8666,"x":1,"y":1},{"time":3.3333,"x":0.926,"y":0.926},{"time":6.1666,"x":0.473,"y":0.473},{"time":6.2,"x":1,"y":1},{"time":6.6666,"x":0.926,"y":0.926}]},"7":{"translate":[{"time":0,"x":-214.12,"y":-114.19},{"time":3.3,"x":-214.12,"y":2.61},{"time":3.3333,"x":-214.12,"y":-114.19},{"time":6.6333,"x":-214.12,"y":2.61},{"time":6.6666,"x":-214.12,"y":-114.19}],"scale":[{"time":0,"x":1,"y":1},{"time":3.3,"x":0.462,"y":0.462},{"time":3.3333,"x":1,"y":1},{"time":6.6333,"x":0.462,"y":0.462},{"time":6.6666,"x":1,"y":1}]},"8":{"translate":[{"time":0,"x":-197.94,"y":-19.91},{"time":0.3666,"x":-198.14,"y":-8.01},{"time":0.4333,"x":-196.42,"y":-112.48},{"time":3.3333,"x":-197.94,"y":-19.91},{"time":3.7,"x":-198.14,"y":-8.01},{"time":3.7666,"x":-196.42,"y":-112.48},{"time":6.6666,"x":-197.94,"y":-19.91}],"scale":[{"time":0,"x":0.533,"y":0.533},{"time":0.3666,"x":0.473,"y":0.473},{"time":0.4333,"x":1,"y":1},{"time":3.3333,"x":0.533,"y":0.533},{"time":3.7,"x":0.473,"y":0.473},{"time":3.7666,"x":1,"y":1},{"time":6.6666,"x":0.533,"y":0.533}]},"9":{"translate":[{"time":0,"x":-92.79,"y":22.26},{"time":0.5333,"x":-93.08,"y":40.25},{"time":0.6,"x":-91.35,"y":-69.08},{"time":3.3333,"x":-92.79,"y":22.26},{"time":3.8666,"x":-93.08,"y":40.25},{"time":3.9333,"x":-91.35,"y":-69.08},{"time":6.6666,"x":-92.79,"y":22.26}],"scale":[{"time":0,"x":0.573,"y":0.573},{"time":0.5333,"x":0.489,"y":0.489},{"time":0.6,"x":1,"y":1},{"time":3.3333,"x":0.573,"y":0.573},{"time":3.8666,"x":0.489,"y":0.489},{"time":3.9333,"x":1,"y":1},{"time":6.6666,"x":0.573,"y":0.573}]},"10":{"translate":[{"time":0,"x":-239.69,"y":71.93},{"time":1.3,"x":-239.69,"y":110.65},{"time":1.3333,"x":-239.69,"y":11.98},{"time":3.3333,"x":-239.69,"y":71.93},{"time":4.6333,"x":-239.69,"y":110.65},{"time":4.6666,"x":-239.69,"y":11.98},{"time":6.6666,"x":-239.69,"y":71.93}],"scale":[{"time":0,"x":0.705,"y":0.705},{"time":1.3,"x":0.515,"y":0.515},{"time":1.3333,"x":1,"y":1},{"time":3.3333,"x":0.705,"y":0.705},{"time":4.6333,"x":0.515,"y":0.515},{"time":4.6666,"x":1,"y":1},{"time":6.6666,"x":0.705,"y":0.705}]},"11":{"translate":[{"time":0,"x":-205.74,"y":27.66},{"time":1.3666,"x":-206.6,"y":68.14},{"time":1.4333,"x":-204.54,"y":-28.76},{"time":3.3333,"x":-205.74,"y":27.66},{"time":4.7,"x":-206.6,"y":68.14},{"time":4.7666,"x":-204.54,"y":-28.76},{"time":6.6666,"x":-205.74,"y":27.66}],"scale":[{"time":0,"x":0.724,"y":0.724},{"time":1.3666,"x":0.526,"y":0.526},{"time":1.4333,"x":1,"y":1},{"time":3.3333,"x":0.724,"y":0.724},{"time":4.7,"x":0.526,"y":0.526},{"time":4.7666,"x":1,"y":1},{"time":6.6666,"x":0.724,"y":0.724}]},"12":{"translate":[{"time":0,"x":-211.43,"y":87.79},{"time":0.8,"x":-211.84,"y":115.95},{"time":0.8333,"x":-210.12,"y":-1.14},{"time":3.3333,"x":-211.43,"y":87.79},{"time":4.1333,"x":-211.84,"y":115.95},{"time":4.1666,"x":-210.12,"y":-1.14},{"time":6.6666,"x":-211.43,"y":87.79}],"scale":[{"time":0,"x":0.591,"y":0.591},{"time":0.8,"x":0.462,"y":0.462},{"time":0.8333,"x":1,"y":1},{"time":3.3333,"x":0.591,"y":0.591},{"time":4.1333,"x":0.462,"y":0.462},{"time":4.1666,"x":1,"y":1},{"time":6.6666,"x":0.591,"y":0.591}]},"13":{"translate":[{"time":0,"x":-191.53,"y":94.5},{"time":0.1666,"x":-191.57,"y":101.01},{"time":0.2,"x":-190.71,"y":-27.4},{"time":3.3333,"x":-191.53,"y":94.5},{"time":3.5,"x":-191.57,"y":101.01},{"time":3.5333,"x":-190.71,"y":-27.4},{"time":6.6666,"x":-191.53,"y":94.5}],"scale":[{"time":0,"x":0.489,"y":0.489},{"time":0.1666,"x":0.462,"y":0.462},{"time":0.2,"x":1,"y":1},{"time":3.3333,"x":0.489,"y":0.489},{"time":3.5,"x":0.462,"y":0.462},{"time":3.5333,"x":1,"y":1},{"time":6.6666,"x":0.489,"y":0.489}]},"fmao":{"rotate":[{"time":0,"angle":0},{"time":0.2,"angle":-15.04},{"time":0.4333,"angle":0},{"time":0.5666,"angle":-9.25},{"time":0.8,"angle":9.31},{"time":1.0333,"angle":-11.31},{"time":1.2,"angle":-16.92},{"time":1.3333,"angle":0},{"time":1.5333,"angle":-15.04},{"time":1.7666,"angle":0},{"time":1.9,"angle":-9.25},{"time":2.1,"angle":9.31},{"time":2.3666,"angle":-11.31},{"time":2.5333,"angle":-16.92},{"time":2.6666,"angle":0},{"time":2.8666,"angle":-15.04},{"time":3.1,"angle":0},{"time":3.2333,"angle":-9.25},{"time":3.4333,"angle":9.31},{"time":3.7,"angle":-11.31},{"time":3.8666,"angle":-16.92},{"time":4,"angle":0},{"time":4.2,"angle":-15.04},{"time":4.4333,"angle":0},{"time":4.5666,"angle":-9.25},{"time":4.7666,"angle":9.31},{"time":5.0333,"angle":-11.31},{"time":5.2,"angle":-16.92},{"time":5.3333,"angle":0},{"time":5.5333,"angle":-15.04},{"time":5.7666,"angle":0},{"time":5.9,"angle":-9.25},{"time":6.1,"angle":9.31},{"time":6.3333,"angle":-11.31},{"time":6.5333,"angle":-16.92},{"time":6.6666,"angle":0}],"translate":[{"time":0,"x":-9.64,"y":-16.87},{"time":0.4,"x":-17.48,"y":-21.1},{"time":1.2,"x":-3.25,"y":-21.1},{"time":1.3333,"x":-9.64,"y":-16.87},{"time":1.7333,"x":-17.48,"y":-21.1},{"time":2.5333,"x":-3.25,"y":-21.1},{"time":2.6666,"x":-9.64,"y":-16.87},{"time":3.0666,"x":-17.48,"y":-21.1},{"time":3.8666,"x":-3.25,"y":-21.1},{"time":4,"x":-9.64,"y":-16.87},{"time":4.4,"x":-17.48,"y":-21.1},{"time":5.2,"x":-3.25,"y":-21.1},{"time":5.3333,"x":-9.64,"y":-16.87},{"time":5.7333,"x":-17.48,"y":-21.1},{"time":6.5333,"x":-3.25,"y":-21.1},{"time":6.6666,"x":-9.64,"y":-16.87}],"scale":[{"time":0,"x":0.789,"y":0.789}]}}}}}