{"skeleton":{"hash":"RWShKRiMlHcZRaJV3s9kHEICr4k","spine":"3.4.02","width":0,"height":0,"images":""},"bones":[{"name":"root"},{"name":"zong","parent":"root"},{"name":"a","parent":"zong"},{"name":"anime_500305_card1","parent":"a","x":-9.32,"y":-20.4},{"name":"anime_500305_card2","parent":"a","x":-17.18,"y":1.21},{"name":"anime_500305_card3","parent":"a","x":20.8,"y":10.38},{"name":"anime_500305_card4","parent":"a","x":-0.15,"y":17.58},{"name":"anime_500305_card5","parent":"a","x":11.63,"y":-11.23}],"slots":[{"name":"avator_frame_500305","bone":"root"},{"name":"anime_500305_card1","bone":"anime_500305_card1","attachment":"anime_500305_card1"},{"name":"anime_500305_card4","bone":"anime_500305_card4","attachment":"anime_500305_card4"},{"name":"anime_500305_card2","bone":"anime_500305_card2","attachment":"anime_500305_card2"},{"name":"anime_500305_card3","bone":"anime_500305_card3","attachment":"anime_500305_card3"},{"name":"anime_500305_card5","bone":"anime_500305_card5","attachment":"anime_500305_card5"}],"skins":{"default":{"anime_500305_card1":{"anime_500305_card1":{"x":-1.3,"y":1.4,"width":34,"height":47}},"anime_500305_card2":{"anime_500305_card2":{"x":-0.62,"y":0.54,"width":44,"height":76}},"anime_500305_card3":{"anime_500305_card3":{"x":-0.44,"y":-0.81,"width":35,"height":58}},"anime_500305_card4":{"anime_500305_card4":{"x":1.27,"y":4.56,"width":36,"height":42}},"anime_500305_card5":{"anime_500305_card5":{"x":-0.24,"y":-3.26,"width":45,"height":81}}}},"animations":{"500305_1":{"slots":{"anime_500305_card1":{"color":[{"time":0,"color":"ffffff00","curve":"stepped"},{"time":0.6666,"color":"ffffffff","curve":"stepped"},{"time":2.3333,"color":"ffffffff"},{"time":2.6666,"color":"ffffff00","curve":"stepped"},{"time":4,"color":"ffffff00"}]},"anime_500305_card2":{"color":[{"time":0,"color":"ffffff00","curve":"stepped"},{"time":0.6666,"color":"ffffffff","curve":"stepped"},{"time":2.3333,"color":"ffffffff"},{"time":2.6666,"color":"ffffff00","curve":"stepped"},{"time":4,"color":"ffffff00"}]},"anime_500305_card3":{"color":[{"time":0,"color":"ffffff00","curve":"stepped"},{"time":0.6666,"color":"ffffffff","curve":"stepped"},{"time":2.3333,"color":"ffffffff"},{"time":2.6666,"color":"ffffff00","curve":"stepped"},{"time":4,"color":"ffffff00"}]},"anime_500305_card4":{"color":[{"time":0,"color":"ffffff00","curve":"stepped"},{"time":0.6666,"color":"ffffffff","curve":"stepped"},{"time":2.3333,"color":"ffffffff"},{"time":2.6666,"color":"ffffff00","curve":"stepped"},{"time":4,"color":"ffffff00"}]},"anime_500305_card5":{"color":[{"time":0,"color":"ffffff00","curve":"stepped"},{"time":0.6666,"color":"ffffffff","curve":"stepped"},{"time":2.3333,"color":"ffffffff"},{"time":2.6666,"color":"ffffff00","curve":"stepped"},{"time":4,"color":"ffffff00"}]}},"bones":{"a":{"rotate":[{"time":0,"angle":-41.92,"curve":"stepped"},{"time":0.6666,"angle":77.85,"curve":[0.173,0.31,0.683,0.94]},{"time":1.1666,"angle":0},{"time":2.3333,"angle":-6.44,"curve":[0.23,0.02,1,0.79]},{"time":2.6666,"angle":-41.92,"curve":"stepped"},{"time":4,"angle":-41.92}]},"anime_500305_card1":{"translate":[{"time":0,"x":-102.03,"y":-37.84,"curve":"stepped"},{"time":0.6666,"x":0,"y":0,"curve":[0.173,0.31,0.683,0.94]},{"time":1.1666,"x":-45.19,"y":-30.78},{"time":2.3333,"x":-50.77,"y":-31.41,"curve":[0.23,0.02,1,0.79]},{"time":2.6666,"x":-102.03,"y":-37.84,"curve":"stepped"},{"time":4,"x":-102.03,"y":-37.84}]},"anime_500305_card5":{"translate":[{"time":0,"x":-3.98,"y":-121.92,"curve":"stepped"},{"time":0.6666,"x":0,"y":0,"curve":[0.173,0.31,0.683,0.94]},{"time":1.1666,"x":9.17,"y":-52.39},{"time":2.3333,"x":6.02,"y":-53.69,"curve":[0.23,0.02,1,0.79]},{"time":2.6666,"x":-3.98,"y":-121.92,"curve":"stepped"},{"time":4,"x":-3.98,"y":-121.92}]},"anime_500305_card4":{"translate":[{"time":0,"x":7.1,"y":135.85,"curve":"stepped"},{"time":0.6666,"x":0,"y":0,"curve":[0.173,0.31,0.683,0.94]},{"time":1.1666,"x":18.99,"y":51.74},{"time":2.3333,"x":24.25,"y":59.4,"curve":[0.23,0.02,1,0.79]},{"time":2.6666,"x":7.1,"y":135.85,"curve":"stepped"},{"time":4,"x":7.1,"y":135.85}]},"anime_500305_card3":{"translate":[{"time":0,"x":119.57,"y":-30.83,"curve":"stepped"},{"time":0.6666,"x":0,"y":0,"curve":[0.173,0.31,0.683,0.94]},{"time":1.1666,"x":51.08,"y":-17.02},{"time":2.3333,"x":58.73,"y":-18.04,"curve":[0.23,0.02,1,0.79]},{"time":2.6666,"x":119.57,"y":-30.83,"curve":"stepped"},{"time":4,"x":119.57,"y":-30.83}]},"anime_500305_card2":{"translate":[{"time":0,"x":-88.49,"y":87.92,"curve":"stepped"},{"time":0.6666,"x":0,"y":0,"curve":[0.173,0.31,0.683,0.94]},{"time":1.1666,"x":-40.6,"y":40.61},{"time":2.3333,"x":-44.9,"y":45.3,"curve":[0.23,0.02,1,0.79]},{"time":2.6666,"x":-88.49,"y":87.92,"curve":"stepped"},{"time":4,"x":-88.49,"y":87.92}]}}}}}