{"skeleton":{"hash":"N35Wh5AXYZDkEyYoDaq7FxZUs+s","spine":"3.4.02","width":210,"height":210,"images":""},"bones":[{"name":"root"},{"name":"images/500609_1","parent":"root","x":0.77,"y":79.01},{"name":"images/500609_2","parent":"root","x":0.77,"y":79.01}],"slots":[{"name":"images/avator_frame_500609","bone":"root","attachment":"images/avator_frame_500609"},{"name":"images/500609_1","bone":"images/500609_1","attachment":"images/500609_1"},{"name":"images/500609_3","bone":"images/500609_2","attachment":"images/500609_1"},{"name":"images/500609_2","bone":"root","attachment":"images/500609_2"}],"skins":{"default":{"images/500609_1":{"images/500609_1":{"x":3.23,"y":-1.65,"width":169,"height":43}},"images/500609_2":{"images/500609_2":{"x":-75.83,"y":74.95,"width":45,"height":45}},"images/500609_3":{"images/500609_1":{"x":3.23,"y":-1.65,"width":169,"height":43}},"images/avator_frame_500609":{"images/avator_frame_500609":{"width":210,"height":210}}}},"animations":{"500609_1":{"slots":{"images/500609_1":{"color":[{"time":2.8333,"color":"ffffffff","curve":[0.25,0,0.75,1]},{"time":3.3333,"color":"ffffff00","curve":"stepped"},{"time":4,"color":"ffffff00","curve":"stepped"},{"time":5.3333,"color":"ffffff00"}]},"images/500609_3":{"color":[{"time":0,"color":"ffffff00","curve":"stepped"},{"time":3.1666,"color":"ffffff00","curve":[0.25,0,0.75,1]},{"time":4,"color":"ffffffff","curve":"stepped"},{"time":5.3333,"color":"ffffffff"}]}},"bones":{"images/500609_1":{"rotate":[{"time":0,"angle":0,"curve":"stepped"},{"time":0.3333,"angle":0},{"time":0.3666,"angle":-3.28},{"time":0.4,"angle":0.37},{"time":0.4333,"angle":0},{"time":0.4666,"angle":-3.28},{"time":0.5,"angle":0.37},{"time":0.5333,"angle":0},{"time":0.5666,"angle":-3.28},{"time":0.6,"angle":0.37},{"time":0.6333,"angle":0,"curve":"stepped"},{"time":0.8666,"angle":0},{"time":0.9,"angle":-3.28},{"time":0.9333,"angle":0},{"time":0.9666,"angle":-3.28},{"time":1,"angle":0.37,"curve":[0.648,0,0.995,0.6]},{"time":1.1,"angle":14.64,"curve":[0,0.23,0.289,0.67]},{"time":1.2333,"angle":-21.56,"curve":[0.225,0.56,0.55,1]},{"time":1.3333,"angle":0.37,"curve":[0.25,0,0.75,1]},{"time":1.4,"angle":-4.69,"curve":[0.25,0,0.75,1]},{"time":1.4666,"angle":0.37,"curve":"stepped"},{"time":4,"angle":0.37,"curve":"stepped"},{"time":5.3333,"angle":0.37}],"translate":[{"time":0,"x":0,"y":0,"curve":"stepped"},{"time":0.3333,"x":0,"y":0,"curve":"stepped"},{"time":1,"x":0,"y":0,"curve":[0.773,0,0.926,0.8]},{"time":1.3333,"x":0,"y":-160.59,"curve":[0.25,0,0.75,1]},{"time":1.4,"x":0,"y":-157.56,"curve":[0.25,0,0.75,1]},{"time":1.4666,"x":0,"y":-160.59,"curve":"stepped"},{"time":4,"x":0,"y":-160.59,"curve":"stepped"},{"time":5.3333,"x":0,"y":-160.59}]}}}}}