{"skeleton":{"hash":"0rDTJrJEw7mYuq/dq+eB1XqmSBk","spine":"3.4.02","width":0,"height":0,"images":"./images/"},"bones":[{"name":"root"},{"name":"500580_flower_1","parent":"root","x":-90.76,"y":104.82},{"name":"500580_flower_2","parent":"root","x":-57.16,"y":53.02},{"name":"500580_flower_3","parent":"root","x":-31.26,"y":57.22},{"name":"500580_flower_4","parent":"root","x":-61.36,"y":96.42},{"name":"500580_left","parent":"root","x":-72.23,"y":69.69}],"slots":[{"name":"avator_frame_500585","bone":"root","attachment":"avator_frame_500585"},{"name":"500580_flower_1","bone":"500580_flower_1","attachment":"500580_flower_1"},{"name":"500580_flower_2","bone":"500580_flower_2","attachment":"500580_flower_2"},{"name":"500580_flower_3","bone":"500580_flower_3","attachment":"500580_flower_3"},{"name":"500580_flower_4","bone":"500580_flower_4","attachment":"500580_flower_4"},{"name":"500580_left","bone":"500580_left","attachment":"500580_left"}],"skins":{"default":{"500580_flower_1":{"500580_flower_1":{"x":-2.73,"y":1.67,"width":27,"height":25}},"500580_flower_2":{"500580_flower_2":{"x":-1.33,"y":0.97,"width":23,"height":28}},"500580_flower_3":{"500580_flower_3":{"x":0.26,"y":2.27,"width":34,"height":21}},"500580_flower_4":{"500580_flower_4":{"x":-1.63,"y":0.07,"width":20,"height":19}},"500580_left":{"500580_left":{"x":-6.76,"y":8.3,"scaleX":0.5,"scaleY":0.5,"width":138,"height":140}},"avator_frame_500585":{"avator_frame_500585":{"width":210,"height":210}}}},"animations":{"500585_1":{"slots":{"500580_flower_1":{"color":[{"time":0,"color":"ffffffa3"},{"time":0.3,"color":"ffffff00","curve":"stepped"},{"time":0.3333,"color":"ffffff00"},{"time":0.8333,"color":"ffffffff","curve":"stepped"},{"time":1.8333,"color":"ffffffff"},{"time":2,"color":"ffffffa3"}]},"500580_flower_2":{"color":[{"time":0,"color":"ffffffff","curve":"stepped"},{"time":0.5,"color":"ffffffff"},{"time":0.9666,"color":"ffffff00","curve":"stepped"},{"time":1,"color":"ffffff00"},{"time":1.5,"color":"ffffffff","curve":"stepped"},{"time":2,"color":"ffffffff"}]},"500580_flower_3":{"color":[{"time":0,"color":"ffffffff","curve":"stepped"},{"time":0.1666,"color":"ffffffff"},{"time":0.6333,"color":"ffffff00","curve":"stepped"},{"time":0.6666,"color":"ffffff00"},{"time":1.1666,"color":"ffffffff","curve":"stepped"},{"time":2,"color":"ffffffff"}]},"500580_flower_4":{"color":[{"time":0,"color":"ffffffff","curve":"stepped"},{"time":0.8333,"color":"ffffffff"},{"time":1.3,"color":"ffffff00","curve":"stepped"},{"time":1.3333,"color":"ffffff00"},{"time":1.8333,"color":"ffffffff","curve":"stepped"},{"time":2,"color":"ffffffff"}]}},"bones":{"root":{"rotate":[{"time":0,"angle":0,"curve":"stepped"},{"time":1.9666,"angle":0,"curve":"stepped"},{"time":2,"angle":0}],"translate":[{"time":0,"x":0,"y":0,"curve":"stepped"},{"time":1.9666,"x":0,"y":0,"curve":"stepped"},{"time":2,"x":0,"y":0}],"scale":[{"time":0,"x":1,"y":1,"curve":"stepped"},{"time":1.9666,"x":1,"y":1,"curve":"stepped"},{"time":2,"x":1,"y":1}]},"500580_left":{"rotate":[{"time":0,"angle":0,"curve":"stepped"},{"time":1.9666,"angle":0,"curve":"stepped"},{"time":2,"angle":0}],"translate":[{"time":0,"x":-4.52,"y":5.42,"curve":[0.25,0,0.75,1]},{"time":1,"x":2.71,"y":-9.04,"curve":[0.25,0,0.75,1]},{"time":1.9666,"x":-4.52,"y":5.42,"curve":"stepped"},{"time":2,"x":-4.52,"y":5.42}],"scale":[{"time":0,"x":1,"y":1,"curve":"stepped"},{"time":1.9666,"x":1,"y":1,"curve":"stepped"},{"time":2,"x":1,"y":1}]},"500580_flower_3":{"rotate":[{"time":0,"angle":122.03},{"time":0.6333,"angle":180},{"time":0.6666,"angle":0},{"time":2,"angle":122.03}],"translate":[{"time":0,"x":97.44,"y":-106.64},{"time":0.6333,"x":143.73,"y":-157.29},{"time":0.6666,"x":0,"y":0},{"time":2,"x":97.44,"y":-106.64}],"scale":[{"time":0,"x":0.656,"y":0.656},{"time":0.6333,"x":0.493,"y":0.493},{"time":0.6666,"x":1,"y":1},{"time":2,"x":0.656,"y":0.656}]},"500580_flower_2":{"rotate":[{"time":0,"angle":91.52},{"time":0.9666,"angle":180},{"time":1,"angle":0},{"time":2,"angle":91.52}],"translate":[{"time":0,"x":73.08,"y":-79.98},{"time":0.9666,"x":143.73,"y":-157.29},{"time":1,"x":0,"y":0},{"time":2,"x":73.08,"y":-79.98}],"scale":[{"time":0,"x":0.742,"y":0.742},{"time":0.9666,"x":0.493,"y":0.493},{"time":1,"x":1,"y":1},{"time":2,"x":0.742,"y":0.742}]},"500580_flower_1":{"rotate":[{"time":0,"angle":152.54},{"time":0.3,"angle":180},{"time":0.3333,"angle":0},{"time":2,"angle":152.54}],"translate":[{"time":0,"x":121.81,"y":-133.3},{"time":0.3,"x":143.73,"y":-157.29},{"time":0.3333,"x":0,"y":0},{"time":2,"x":121.81,"y":-133.3}],"scale":[{"time":0,"x":0.57,"y":0.57},{"time":0.3,"x":0.493,"y":0.493},{"time":0.3333,"x":1,"y":1},{"time":2,"x":0.57,"y":0.57}]},"500580_flower_4":{"rotate":[{"time":0,"angle":61.01},{"time":1.3,"angle":180},{"time":1.3333,"angle":0},{"time":2,"angle":61.01}],"translate":[{"time":0,"x":48.72,"y":-53.32},{"time":1.3,"x":143.73,"y":-157.29},{"time":1.3333,"x":0,"y":0},{"time":2,"x":48.72,"y":-53.32}],"scale":[{"time":0,"x":0.828,"y":0.828},{"time":1.3,"x":0.493,"y":0.493},{"time":1.3333,"x":1,"y":1},{"time":2,"x":0.828,"y":0.828}]}}}}}