{"skeleton":{"hash":"c/sKqNyr8HqM+YthCnXBGveBtjQ","spine":"3.4.02","width":210,"height":210,"images":""},"bones":[{"name":"root"},{"name":"images/3/500589_ribbon_1","parent":"root","x":-51.06,"y":80.8},{"name":"images/3/500589_ribbon_2","parent":"root","x":-6.98,"y":67.21},{"name":"images/3/500589_ribbon_3","parent":"root","x":-69.19,"y":82.45},{"name":"images/3/500589_ribbon_4","parent":"root","x":-32.52,"y":73.39},{"name":"images/3/500589_ribbon_5","parent":"root","x":-51.06,"y":80.8},{"name":"images/3/500589_ribbon_6","parent":"root","x":-6.98,"y":67.21},{"name":"images/3/500589_ribbon_7","parent":"root","x":-69.19,"y":82.45},{"name":"images/3/500589_ribbon_8","parent":"root","x":-32.52,"y":73.39}],"slots":[{"name":"images/3/500589_ribbon_1","bone":"images/3/500589_ribbon_1","attachment":"images/3/500589_ribbon_1"},{"name":"images/3/500589_ribbon_5","bone":"images/3/500589_ribbon_5","attachment":"images/3/500589_ribbon_1"},{"name":"images/3/500589_ribbon_2","bone":"images/3/500589_ribbon_2","attachment":"images/3/500589_ribbon_2"},{"name":"images/3/500589_ribbon_6","bone":"images/3/500589_ribbon_6","attachment":"images/3/500589_ribbon_2"},{"name":"images/3/500589_ribbon_3","bone":"images/3/500589_ribbon_3","attachment":"images/3/500589_ribbon_3"},{"name":"images/3/500589_ribbon_7","bone":"images/3/500589_ribbon_7","attachment":"images/3/500589_ribbon_3"},{"name":"images/3/500589_ribbon_4","bone":"images/3/500589_ribbon_4","attachment":"images/3/500589_ribbon_4"},{"name":"images/3/500589_ribbon_8","bone":"images/3/500589_ribbon_8","attachment":"images/3/500589_ribbon_4"},{"name":"images/3/avator_frame_500631","bone":"root","attachment":"images/3/avator_frame_500631"}],"skins":{"default":{"images/3/500589_ribbon_1":{"images/3/500589_ribbon_1":{"x":0.47,"y":0.52,"width":15,"height":12}},"images/3/500589_ribbon_2":{"images/3/500589_ribbon_2":{"x":-1.11,"y":3.11,"width":22,"height":34}},"images/3/500589_ribbon_3":{"images/3/500589_ribbon_3":{"x":0.1,"y":-0.62,"width":12,"height":11}},"images/3/500589_ribbon_4":{"images/3/500589_ribbon_4":{"x":1.43,"y":1.94,"width":14,"height":24}},"images/3/500589_ribbon_5":{"images/3/500589_ribbon_1":{"x":0.47,"y":0.52,"width":15,"height":12}},"images/3/500589_ribbon_6":{"images/3/500589_ribbon_2":{"x":-1.11,"y":3.11,"width":22,"height":34}},"images/3/500589_ribbon_7":{"images/3/500589_ribbon_3":{"x":0.1,"y":-0.62,"width":12,"height":11}},"images/3/500589_ribbon_8":{"images/3/500589_ribbon_4":{"x":1.43,"y":1.94,"width":14,"height":24}},"images/3/avator_frame_500631":{"images/3/avator_frame_500631":{"width":210,"height":210}}}},"animations":{"500631_1":{"slots":{"images/3/500589_ribbon_1":{"color":[{"time":0,"color":"ffffffff","curve":"stepped"},{"time":0.6666,"color":"ffffffff","curve":[0.25,0,0.75,1]},{"time":1.3,"color":"ffffff00","curve":"stepped"},{"time":1.3333,"color":"ffffff00","curve":[0.25,0,0.75,1]},{"time":2,"color":"ffffffff","curve":"stepped"},{"time":2.6666,"color":"ffffffff"}]},"images/3/500589_ribbon_2":{"color":[{"time":0,"color":"ffffffff","curve":[0.25,0,0.75,1]},{"time":0.6333,"color":"ffffff00","curve":"stepped"},{"time":0.6666,"color":"ffffff00","curve":[0.25,0,0.75,1]},{"time":1.3333,"color":"ffffffff","curve":"stepped"},{"time":2.6666,"color":"ffffffff"}]},"images/3/500589_ribbon_3":{"color":[{"time":0,"color":"ffffffff","curve":"stepped"},{"time":1,"color":"ffffffff","curve":[0.25,0,0.75,1]},{"time":1.6333,"color":"ffffff00","curve":"stepped"},{"time":1.6666,"color":"ffffff00","curve":[0.25,0,0.75,1]},{"time":2.3333,"color":"ffffffff","curve":"stepped"},{"time":2.6666,"color":"ffffffff"}]},"images/3/500589_ribbon_4":{"color":[{"time":0,"color":"ffffffff","curve":"stepped"},{"time":0.3333,"color":"ffffffff","curve":[0.25,0,0.75,1]},{"time":0.9666,"color":"ffffff00","curve":"stepped"},{"time":1,"color":"ffffff00","curve":[0.25,0,0.75,1]},{"time":1.6666,"color":"ffffffff","curve":"stepped"},{"time":2.6666,"color":"ffffffff"}]},"images/3/500589_ribbon_5":{"color":[{"time":0,"color":"ffffffff","curve":"stepped"},{"time":1.3333,"color":"ffffffff","curve":[0.25,0,0.75,1]},{"time":1.9666,"color":"ffffff00","curve":"stepped"},{"time":2,"color":"ffffff00","curve":[0.25,0,0.75,1]},{"time":2.6666,"color":"ffffffff"}]},"images/3/500589_ribbon_6":{"color":[{"time":0,"color":"ffffff7f","curve":[0.375,0.5,0.75,1]},{"time":0.3333,"color":"ffffffff","curve":"stepped"},{"time":1.6666,"color":"ffffffff","curve":[0.25,0,0.75,1]},{"time":2.3,"color":"ffffff00","curve":"stepped"},{"time":2.3333,"color":"ffffff00","curve":[0.25,0,0.75,1]},{"time":2.6666,"color":"ffffff7f"}]},"images/3/500589_ribbon_7":{"color":[{"time":0,"color":"ffffff00","curve":[0.25,0,0.75,1]},{"time":0.6666,"color":"ffffffff","curve":"stepped"},{"time":2,"color":"ffffffff","curve":[0.25,0,0.75,1]},{"time":2.6333,"color":"ffffff00","curve":"stepped"},{"time":2.6666,"color":"ffffff00"}]},"images/3/500589_ribbon_8":{"color":[{"time":0,"color":"ffffff76","curve":[0.377,0.51,0.748,1]},{"time":0.3,"color":"ffffff00","curve":"stepped"},{"time":0.3333,"color":"ffffff00","curve":[0.25,0,0.75,1]},{"time":1,"color":"ffffffff","curve":"stepped"},{"time":2.3333,"color":"ffffffff","curve":[0.248,0,0.627,0.51]},{"time":2.6666,"color":"ffffff76"}]}},"bones":{"images/3/500589_ribbon_2":{"rotate":[{"time":0,"angle":148.65,"curve":[0.378,0.6,0.722,1]},{"time":0.6333,"angle":180,"curve":"stepped"},{"time":0.6666,"angle":0,"curve":[0.25,0,0.75,1]},{"time":2.6666,"angle":148.65}],"translate":[{"time":0,"x":0,"y":-131.18,"curve":[0.378,0.6,0.722,1]},{"time":0.6333,"x":0,"y":-158.85,"curve":"stepped"},{"time":0.6666,"x":0,"y":0,"curve":[0.25,0,0.75,1]},{"time":2.6666,"x":0,"y":-131.18}]},"images/3/500589_ribbon_4":{"rotate":[{"time":0,"angle":121.33,"curve":[0.382,0.55,0.739,1]},{"time":0.9666,"angle":180,"curve":"stepped"},{"time":1,"angle":0,"curve":[0.25,0,0.75,1]},{"time":2.6666,"angle":121.33}],"translate":[{"time":0,"x":0,"y":-107.08,"curve":[0.382,0.55,0.739,1]},{"time":0.9666,"x":0,"y":-158.85,"curve":"stepped"},{"time":1,"x":0,"y":0,"curve":[0.25,0,0.75,1]},{"time":2.6666,"x":0,"y":-107.08}]},"images/3/500589_ribbon_1":{"rotate":[{"time":0,"angle":0,"curve":"stepped"},{"time":1.3333,"angle":0,"curve":"stepped"},{"time":2.6666,"angle":0}],"translate":[{"time":0,"x":0,"y":0,"curve":"stepped"},{"time":1.3333,"x":0,"y":0,"curve":"stepped"},{"time":2.6666,"x":0,"y":0}]},"images/3/500589_ribbon_3":{"rotate":[{"time":0,"angle":61.5,"curve":[0.359,0.43,0.755,1]},{"time":1.6333,"angle":180,"curve":"stepped"},{"time":1.6666,"angle":0,"curve":[0.25,0,0.75,1]},{"time":2.6666,"angle":61.5}],"translate":[{"time":0,"x":0,"y":-54.28,"curve":[0.359,0.43,0.755,1]},{"time":1.6333,"x":0,"y":-158.85,"curve":"stepped"},{"time":1.6666,"x":0,"y":0,"curve":[0.25,0,0.75,1]},{"time":2.6666,"x":0,"y":-54.28}]},"images/3/500589_ribbon_5":{"rotate":[{"time":0,"angle":33.82,"curve":[0.334,0.33,0.757,1]},{"time":1.9666,"angle":180,"curve":"stepped"},{"time":2,"angle":0,"curve":[0.25,0,0.75,1]},{"time":2.6666,"angle":33.82}],"translate":[{"time":0,"x":81.53,"y":-29.84,"curve":[0.334,0.33,0.757,1]},{"time":1.9666,"x":81.53,"y":-158.85,"curve":"stepped"},{"time":2,"x":81.53,"y":0,"curve":[0.25,0,0.75,1]},{"time":2.6666,"x":81.53,"y":-29.84}]},"images/3/500589_ribbon_6":{"rotate":[{"time":0,"angle":11.52,"curve":[0.298,0.2,0.755,1]},{"time":2.3,"angle":180,"curve":"stepped"},{"time":2.3333,"angle":0,"curve":[0.25,0,0.75,1]},{"time":2.6666,"angle":11.52}],"translate":[{"time":0,"x":81.53,"y":-10.17,"curve":[0.298,0.2,0.755,1]},{"time":2.3,"x":81.53,"y":-158.85,"curve":"stepped"},{"time":2.3333,"x":81.53,"y":0,"curve":[0.25,0,0.75,1]},{"time":2.6666,"x":81.53,"y":-10.17}]},"images/3/500589_ribbon_7":{"rotate":[{"time":0,"angle":0,"curve":[0.25,0,0.75,1]},{"time":2.6333,"angle":180,"curve":"stepped"},{"time":2.6666,"angle":0}],"translate":[{"time":0,"x":81.53,"y":0,"curve":[0.25,0,0.75,1]},{"time":2.6333,"x":81.53,"y":-158.85,"curve":"stepped"},{"time":2.6666,"x":81.53,"y":0}]},"images/3/500589_ribbon_8":{"rotate":[{"time":0,"angle":170.31,"curve":[0.362,0.63,0.698,1]},{"time":0.3,"angle":180,"curve":"stepped"},{"time":0.3333,"angle":0,"curve":[0.25,0,0.75,1]},{"time":2.6666,"angle":170.31}],"translate":[{"time":0,"x":81.53,"y":-150.3,"curve":[0.362,0.63,0.698,1]},{"time":0.3,"x":81.53,"y":-158.85,"curve":"stepped"},{"time":0.3333,"x":81.53,"y":0,"curve":[0.25,0,0.75,1]},{"time":2.6666,"x":81.53,"y":-150.3}]}}}}}