{"skeleton":{"hash":"rCXrRVs6mKasJNmQq0HZvOjFrWE","spine":"3.4.02","width":223.9,"height":214.46,"images":""},"bones":[{"name":"root"},{"name":"images/avator_frame_500572/500572_left","parent":"root","length":22.86,"rotation":-92.38,"x":-82.37,"y":82.7},{"name":"bone","parent":"images/avator_frame_500572/500572_left","length":23.79,"rotation":2.38,"x":22.86},{"name":"bone2","parent":"bone","length":24.41,"x":25.77,"y":0.25},{"name":"images/avator_frame_500572/500572_right","parent":"root","length":25.12,"rotation":-90,"x":87.81,"y":87.57},{"name":"bone3","parent":"images/avator_frame_500572/500572_right","length":23.34,"rotation":-1.76,"x":25.12},{"name":"bone4","parent":"bone3","length":24.77,"rotation":1.76,"x":22.6,"y":0.69},{"name":"bone5","parent":"bone4","length":23.33,"rotation":0.88,"x":24.05,"y":0.35},{"name":"bone6","parent":"bone5","length":17.59,"rotation":0.28,"x":23.33},{"name":"images/avator_frame_500572/500572_flower_1","parent":"root","x":-93.51,"y":75.69},{"name":"images/avator_frame_500572/500572_flower_2","parent":"root","x":-65.85,"y":89.79},{"name":"images/avator_frame_500572/500572_flower_3","parent":"root","x":-46.01,"y":66.3},{"name":"images/avator_frame_500572/500572_flower_4","parent":"root","x":-97.69,"y":98.66},{"name":"images/avator_frame_500572/500572_flower_5","parent":"root","x":-66.89,"y":40.72}],"slots":[{"name":"images/avator_frame_500572/avator_frame_500572","bone":"root","attachment":"images/avator_frame_500572/avator_frame_500572"},{"name":"images/avator_frame_500572/500572_flower_1","bone":"images/avator_frame_500572/500572_flower_1","attachment":"images/avator_frame_500572/500572_flower_1"},{"name":"images/avator_frame_500572/500572_flower_2","bone":"images/avator_frame_500572/500572_flower_2","attachment":"images/avator_frame_500572/500572_flower_2"},{"name":"images/avator_frame_500572/500572_flower_4","bone":"images/avator_frame_500572/500572_flower_4","attachment":"images/avator_frame_500572/500572_flower_2"},{"name":"images/avator_frame_500572/500572_flower_3","bone":"images/avator_frame_500572/500572_flower_3","attachment":"images/avator_frame_500572/500572_flower_3"},{"name":"images/avator_frame_500572/500572_flower_5","bone":"images/avator_frame_500572/500572_flower_5","attachment":"images/avator_frame_500572/500572_flower_3"},{"name":"images/avator_frame_500572/500572_left","bone":"images/avator_frame_500572/500572_left","attachment":"images/avator_frame_500572/500572_left"},{"name":"images/avator_frame_500572/500572_right","bone":"images/avator_frame_500572/500572_right","attachment":"images/avator_frame_500572/500572_right"}],"skins":{"default":{"images/avator_frame_500572/500572_flower_1":{"images/avator_frame_500572/500572_flower_1":{"x":-5.39,"y":0.9,"width":40,"height":25}},"images/avator_frame_500572/500572_flower_2":{"images/avator_frame_500572/500572_flower_2":{"x":-1.22,"y":0.29,"width":21,"height":21}},"images/avator_frame_500572/500572_flower_3":{"images/avator_frame_500572/500572_flower_3":{"x":0.92,"y":0.2,"width":19,"height":17}},"images/avator_frame_500572/500572_flower_4":{"images/avator_frame_500572/500572_flower_2":{"x":-1.22,"y":0.29,"width":21,"height":21}},"images/avator_frame_500572/500572_flower_5":{"images/avator_frame_500572/500572_flower_3":{"x":0.92,"y":0.2,"width":19,"height":17}},"images/avator_frame_500572/500572_left":{"images/avator_frame_500572/500572_left":{"type":"mesh","uvs":[0.28177,0,0.12448,0.2097,0.01961,0.36791,0,0.5525,0,0.72201,0.13496,0.89152,0.51248,1,0.84804,0.89906,1,0.70318,1,0.53366,1,0.33778,0.97388,0.1871,0.82707,0],"triangles":[11,1,0,11,0,12,10,2,1,10,1,11,2,10,9,3,2,9,3,9,8,4,3,8,5,4,8,7,5,8,6,5,7],"vertices":[2,1,-16.91,-10.32,0.99982,2,-40.16999,-8.66,1.7E-4,2,1,4.9,-15.24,0.96836,2,-18.57,-14.48,0.03162,2,1,21.35,-18.44,0.50348,2,-2.28,-18.36,0.4965,3,1,40.37,-18.37,0.02638,2,16.71999,-19.08,0.85272,3,-9.04,-19.34,0.12088,2,2,34.18,-19.08,0.23336,3,8.41,-19.34,0.76663,1,3,25.87,-14.34,1,1,3,37.05,-0.37,1,1,3,26.65,12.03,1,2,2,32.24,17.91,0.07972,3,6.47,17.65,0.92027,3,1,36.89,18.51,0.03988,2,14.78,17.91,0.72053,3,-10.98,17.65,0.23956,2,1,16.73,17.67,0.77196,2,-5.38,17.91,0.22803,2,1,1.27,16.06,0.99992,2,-20.9,16.94,7.0E-5,2,1,-17.75,9.83,0.99912,2,-40.16999,11.51,8.7E-4],"hull":13,"edges":[0,2,2,4,4,6,6,8,8,10,10,12,12,14,14,16,16,18,18,20,20,22,22,24,0,24,2,22,4,20,6,18,16,8,10,14],"width":37,"height":103}},"images/avator_frame_500572/500572_right":{"images/avator_frame_500572/500572_right":{"type":"mesh","uvs":[1,0.29186,1,0.48015,1,0.65418,1,0.84533,1,1,0,1,0,0.85389,0,0.65704,0,0.48871,0,0.28901,0,0,1,0],"triangles":[9,10,11,9,11,0,9,0,1,8,9,1,8,1,2,7,8,2,7,2,3,6,7,3,4,5,6,4,6,3],"vertices":[3,4,21.55,14.34,0.67382,5,-4.01,14.22,0.32617,8,-73.28,15.12,0,3,5,21.58,15.01,0.57831,6,-0.58,14.34,0.42168,8,-47.68,14.59,0,2,6,23.08,14.34,0.57691,7,-0.75,13.99,0.42307,3,5,71.22,16.53,0,7,25.24,13.59,0.38785,8,1.97,13.58,0.61214,2,5,92.24,17.18,0,8,23,13.15,0.99999,3,5,93.38,-19.79,0,7,45.7,-23.72,0.02588,8,22.24,-23.83,0.97411,4,5,73.51999,-20.4,0,6,50.24,-22.65,0.00995,7,25.83,-23.41,0.39917,8,2.38,-23.43,0.59087,4,5,46.76,-21.23,0.01157,6,23.47,-22.65,0.56151,7,-0.93,-23,0.41763,8,-24.38,-22.88,0.00927,5,4,48.32,-22.65,0.00832,5,23.88,-21.93,0.48988,6,0.58,-22.65,0.49487,7,-23.82,-22.65,0.00691,8,-47.27,-22.41,0,4,4,21.16,-22.65,0.63621,5,-3.26,-22.77,0.3616,6,-26.57,-22.65,0.00217,8,-74.42,-21.86,0,2,4,-18.12999,-22.65,1,8,-113.72,-21.06,0,1,4,-18.12999,14.34,1],"hull":12,"edges":[8,10,20,22,18,20,0,22,18,0,16,18,0,2,16,2,2,4,14,16,4,14,10,12,12,14,4,6,6,8,12,6],"width":37,"height":136}},"images/avator_frame_500572/avator_frame_500572":{"images/avator_frame_500572/avator_frame_500572":{"width":210,"height":210}}}},"animations":{"500572_1":{"slots":{"images/avator_frame_500572/500572_flower_1":{"color":[{"time":0,"color":"ffffff35"},{"time":0.1333,"color":"ffffff00","curve":"stepped"},{"time":0.1666,"color":"ffffff00"},{"time":0.8333,"color":"ffffffff"},{"time":1.3333,"color":"ffffff35"}]},"images/avator_frame_500572/500572_flower_2":{"color":[{"time":0,"color":"ffffff78"},{"time":0.3,"color":"ffffff00","curve":"stepped"},{"time":0.3333,"color":"ffffff00"},{"time":1,"color":"ffffffff"},{"time":1.3333,"color":"ffffff78"}]},"images/avator_frame_500572/500572_flower_3":{"color":[{"time":0,"color":"ffffffff"},{"time":0.6333,"color":"ffffff00","curve":"stepped"},{"time":0.6666,"color":"ffffff00"},{"time":1.3333,"color":"ffffffff"}]},"images/avator_frame_500572/500572_flower_4":{"color":[{"time":0,"color":"ffffffbb"},{"time":0.4666,"color":"ffffff00","curve":"stepped"},{"time":0.5,"color":"ffffff00"},{"time":1.1666,"color":"ffffffff"},{"time":1.3333,"color":"ffffffbb"}]},"images/avator_frame_500572/500572_flower_5":{"color":[{"time":0,"color":"ffffffbf"},{"time":0.1666,"color":"ffffffff"},{"time":0.8,"color":"ffffff00","curve":"stepped"},{"time":0.8333,"color":"ffffff00"},{"time":1.3333,"color":"ffffffbf"}]}},"bones":{"root":{"rotate":[{"time":0,"angle":0,"curve":"stepped"},{"time":1.3333,"angle":0}],"translate":[{"time":0,"x":0,"y":0,"curve":"stepped"},{"time":1.3333,"x":0,"y":0}],"scale":[{"time":0,"x":1,"y":1,"curve":"stepped"},{"time":1.3333,"x":1,"y":1}]},"images/avator_frame_500572/500572_left":{"rotate":[{"time":0,"angle":-3.84,"curve":[0.379,0.6,0.724,1]},{"time":0.1666,"angle":-6.08},{"time":0.8333,"angle":6.06,"curve":[0.242,0,0.666,0.66]},{"time":1.3333,"angle":-3.84}],"translate":[{"time":0,"x":0,"y":0,"curve":"stepped"},{"time":1.3333,"x":0,"y":0}],"scale":[{"time":0,"x":1,"y":1,"curve":"stepped"},{"time":1.3333,"x":1,"y":1}]},"bone":{"rotate":[{"time":0,"angle":-0.01,"curve":[0.375,0.5,0.75,1]},{"time":0.3333,"angle":-6.08},{"time":1,"angle":6.06,"curve":[0.25,0,0.625,0.5]},{"time":1.3333,"angle":-0.01}],"translate":[{"time":0,"x":0,"y":0,"curve":"stepped"},{"time":1.3333,"x":0,"y":0}],"scale":[{"time":0,"x":1,"y":1,"curve":"stepped"},{"time":1.3333,"x":1,"y":1}]},"bone2":{"rotate":[{"time":0,"angle":3.82,"curve":[0.333,0.33,0.757,1]},{"time":0.5,"angle":-6.08},{"time":1.1666,"angle":6.06,"curve":[0.275,0,0.62,0.4]},{"time":1.3333,"angle":3.82}],"translate":[{"time":0,"x":0,"y":0,"curve":"stepped"},{"time":1.3333,"x":0,"y":0}],"scale":[{"time":0,"x":1,"y":1,"curve":"stepped"},{"time":1.3333,"x":1,"y":1}]},"images/avator_frame_500572/500572_right":{"rotate":[{"time":0,"angle":-2.71,"curve":[0.379,0.6,0.724,1]},{"time":0.1666,"angle":-4.23},{"time":0.8333,"angle":4.01,"curve":[0.242,0,0.666,0.66]},{"time":1.3333,"angle":-2.71}],"translate":[{"time":0,"x":0,"y":0,"curve":"stepped"},{"time":1.3333,"x":0,"y":0}],"scale":[{"time":0,"x":1,"y":1,"curve":"stepped"},{"time":1.3333,"x":1,"y":1}]},"bone3":{"rotate":[{"time":0,"angle":-0.1,"curve":[0.375,0.5,0.75,1]},{"time":0.3333,"angle":-4.23},{"time":1,"angle":4.01,"curve":[0.25,0,0.625,0.5]},{"time":1.3333,"angle":-0.1}],"translate":[{"time":0,"x":0,"y":0,"curve":"stepped"},{"time":1.3333,"x":0,"y":0}],"scale":[{"time":0,"x":1,"y":1,"curve":"stepped"},{"time":1.3333,"x":1,"y":1}]},"bone4":{"rotate":[{"time":0,"angle":2.49,"curve":[0.333,0.33,0.757,1]},{"time":0.5,"angle":-4.23},{"time":1.1666,"angle":4.01,"curve":[0.275,0,0.62,0.4]},{"time":1.3333,"angle":2.49}],"translate":[{"time":0,"x":0,"y":0,"curve":"stepped"},{"time":1.3333,"x":0,"y":0}],"scale":[{"time":0,"x":1,"y":1,"curve":"stepped"},{"time":1.3333,"x":1,"y":1}]},"bone5":{"rotate":[{"time":0,"angle":4.01,"curve":[0.25,0,0.75,1]},{"time":0.6666,"angle":-4.23},{"time":1.3333,"angle":4.01}],"translate":[{"time":0,"x":0,"y":0,"curve":"stepped"},{"time":1.3333,"x":0,"y":0}],"scale":[{"time":0,"x":1,"y":1,"curve":"stepped"},{"time":1.3333,"x":1,"y":1}]},"bone6":{"rotate":[{"time":0,"angle":2.49,"curve":[0.379,0.6,0.724,1]},{"time":0.1666,"angle":4.01,"curve":[0.25,0,0.75,1]},{"time":0.8333,"angle":-4.23},{"time":1.3333,"angle":2.49}],"translate":[{"time":0,"x":0,"y":0,"curve":"stepped"},{"time":1.3333,"x":0,"y":0}],"scale":[{"time":0,"x":1,"y":1,"curve":"stepped"},{"time":1.3333,"x":1,"y":1}]},"images/avator_frame_500572/500572_flower_1":{"rotate":[{"time":0,"angle":161.53},{"time":0.1333,"angle":180,"curve":"stepped"},{"time":0.1666,"angle":0},{"time":1.3333,"angle":161.53}],"translate":[{"time":0,"x":132.76,"y":-149.27},{"time":0.1333,"x":147.93,"y":-166.33,"curve":"stepped"},{"time":0.1666,"x":0,"y":0},{"time":1.3333,"x":132.76,"y":-149.27}],"scale":[{"time":0,"x":1.252,"y":1.252},{"time":0.1333,"x":1.281,"y":1.281,"curve":"stepped"},{"time":0.1666,"x":1,"y":1},{"time":1.3333,"x":1.252,"y":1.252}]},"images/avator_frame_500572/500572_flower_3":{"rotate":[{"time":0,"angle":92.3},{"time":0.6333,"angle":180,"curve":"stepped"},{"time":0.6666,"angle":0},{"time":1.3333,"angle":92.3}],"translate":[{"time":0,"x":80.77,"y":-52.46},{"time":0.6333,"x":157.5,"y":-102.3,"curve":"stepped"},{"time":0.6666,"x":0,"y":0},{"time":1.3333,"x":80.77,"y":-52.46}],"scale":[{"time":0,"x":1.144,"y":1.144},{"time":0.6333,"x":1.281,"y":1.281,"curve":"stepped"},{"time":0.6666,"x":1,"y":1},{"time":1.3333,"x":1.144,"y":1.144}]},"images/avator_frame_500572/500572_flower_2":{"rotate":[{"time":0,"angle":138.46},{"time":0.3,"angle":180,"curve":"stepped"},{"time":0.3333,"angle":0},{"time":1.3333,"angle":138.46}],"translate":[{"time":0,"x":125.68,"y":-114.92},{"time":0.3,"x":163.39,"y":-149.4,"curve":"stepped"},{"time":0.3333,"x":0,"y":0},{"time":1.3333,"x":125.68,"y":-114.92}],"scale":[{"time":0,"x":1.216,"y":1.216},{"time":0.3,"x":1.281,"y":1.281,"curve":"stepped"},{"time":0.3333,"x":1,"y":1},{"time":1.3333,"x":1.216,"y":1.216}]},"images/avator_frame_500572/500572_flower_4":{"rotate":[{"time":0,"angle":115.38},{"time":0.4666,"angle":180,"curve":"stepped"},{"time":0.5,"angle":0},{"time":1.3333,"angle":115.38}],"translate":[{"time":0,"x":129.74,"y":-66.99},{"time":0.4666,"x":202.4,"y":-104.51,"curve":"stepped"},{"time":0.5,"x":0,"y":0},{"time":1.3333,"x":129.74,"y":-66.99}],"scale":[{"time":0,"x":1.18,"y":1.18},{"time":0.4666,"x":1.281,"y":1.281,"curve":"stepped"},{"time":0.5,"x":1,"y":1},{"time":1.3333,"x":1.18,"y":1.18}]},"images/avator_frame_500572/500572_flower_5":{"rotate":[{"time":0,"angle":69.23},{"time":0.8,"angle":180,"curve":"stepped"},{"time":0.8333,"angle":0},{"time":1.3333,"angle":69.23}],"translate":[{"time":0,"x":23.77,"y":-48.97},{"time":0.8,"x":61.82,"y":-127.32,"curve":"stepped"},{"time":0.8333,"x":0,"y":0},{"time":1.3333,"x":23.77,"y":-48.97}],"scale":[{"time":0,"x":1.108,"y":1.108},{"time":0.8,"x":1.281,"y":1.281,"curve":"stepped"},{"time":0.8333,"x":1,"y":1},{"time":1.3333,"x":1.108,"y":1.108}]}}}}}