{"skeleton":{"hash":"dUW0oWMZmNp8qVf/RwHTbwJCKcI","spine":"3.4.02","width":210,"height":210,"images":""},"bones":[{"name":"root"},{"name":"bone","parent":"root","x":-2.88,"y":4.32,"scaleX":0.948,"scaleY":0.948},{"name":"images/500651_1","parent":"bone","x":-43.75,"y":48.7},{"name":"images/500651_2","parent":"bone","x":2.23,"y":56.43},{"name":"images/500651_3","parent":"bone","x":55.14,"y":43},{"name":"images/500651_4","parent":"bone","x":58.81,"y":-5.42},{"name":"images/500651_5","parent":"bone","x":48.22,"y":-39.61},{"name":"images/500651_6","parent":"bone","x":5.49,"y":-16.41},{"name":"images/500651_7","parent":"bone","x":20.14,"y":-66.88},{"name":"images/500651_8","parent":"bone","x":-17.29,"y":-18.04},{"name":"images/500651_9","parent":"bone","x":-57.99,"y":6.78},{"name":"images/500651_10","parent":"bone","x":-68.58,"y":-30.25},{"name":"images/500651_11","parent":"bone","x":-59.62,"y":-77.05},{"name":"images/500651_12","parent":"bone","x":-18.51,"y":-70.54}],"slots":[{"name":"images/500651_1","bone":"images/500651_1","attachment":"images/500651_1"},{"name":"images/500651_10","bone":"images/500651_10","attachment":"images/500651_10"},{"name":"images/500651_11","bone":"images/500651_11","attachment":"images/500651_11"},{"name":"images/500651_12","bone":"images/500651_12","attachment":"images/500651_12"},{"name":"images/500651_2","bone":"images/500651_2","attachment":"images/500651_2"},{"name":"images/500651_3","bone":"images/500651_3","attachment":"images/500651_3"},{"name":"images/500651_4","bone":"images/500651_4","attachment":"images/500651_4"},{"name":"images/500651_5","bone":"images/500651_5","attachment":"images/500651_5"},{"name":"images/500651_6","bone":"images/500651_6","attachment":"images/500651_6"},{"name":"images/500651_7","bone":"images/500651_7","attachment":"images/500651_7"},{"name":"images/500651_8","bone":"images/500651_8","attachment":"images/500651_8"},{"name":"images/500651_9","bone":"images/500651_9","attachment":"images/500651_9"},{"name":"images/500651","bone":"root","attachment":"images/500651"},{"name":"images/avator_frame_500651","bone":"root","attachment":"images/avator_frame_500651"}],"skins":{"default":{"images/500651":{"images/500651":{"width":184,"height":184}},"images/500651_1":{"images/500651_1":{"x":-1.45,"y":-3.33,"width":88,"height":91}},"images/500651_10":{"images/500651_10":{"x":8.36,"y":11.37,"width":57,"height":89}},"images/500651_11":{"images/500651_11":{"x":2.01,"y":3.67,"width":62,"height":50}},"images/500651_12":{"images/500651_12":{"x":10.28,"y":4.96,"width":54,"height":64}},"images/500651_2":{"images/500651_2":{"x":10.75,"y":-10.61,"width":85,"height":89}},"images/500651_3":{"images/500651_3":{"x":-6.53,"y":2.99,"width":97,"height":91}},"images/500651_4":{"images/500651_4":{"x":-10.17,"y":-15.85,"width":97,"height":77}},"images/500651_5":{"images/500651_5":{"x":0.21,"y":-8.14,"width":97,"height":96}},"images/500651_6":{"images/500651_6":{"x":0.75,"y":-3.76,"width":28,"height":44}},"images/500651_7":{"images/500651_7":{"x":19.55,"y":8.3,"width":93,"height":77}},"images/500651_8":{"images/500651_8":{"x":-0.92,"y":-8.44,"width":35,"height":59}},"images/500651_9":{"images/500651_9":{"x":1.05,"y":6.2,"width":65,"height":86}},"images/avator_frame_500651":{"images/avator_frame_500651":{"width":210,"height":210}}}},"animations":{"500651_1":{"slots":{"images/500651":{"attachment":[{"time":0.6666,"name":null}]},"images/500651_1":{"color":[{"time":1.6666,"color":"ffffffff","curve":[0.25,0,0.75,1]},{"time":2.1666,"color":"ffffff00"}],"attachment":[{"time":0,"name":null},{"time":0.6666,"name":"images/500651_1"}]},"images/500651_2":{"color":[{"time":1.6666,"color":"ffffffff","curve":[0.25,0,0.75,1]},{"time":2.1666,"color":"ffffff00"}],"attachment":[{"time":0,"name":null},{"time":0.6666,"name":"images/500651_2"}]},"images/500651_3":{"color":[{"time":1.6666,"color":"ffffffff","curve":[0.25,0,0.75,1]},{"time":2.1666,"color":"ffffff00"}],"attachment":[{"time":0,"name":null},{"time":0.6666,"name":"images/500651_3"}]},"images/500651_4":{"color":[{"time":1.6666,"color":"ffffffff","curve":[0.25,0,0.75,1]},{"time":2.1666,"color":"ffffff00"}],"attachment":[{"time":0,"name":null},{"time":0.6666,"name":"images/500651_4"}]},"images/500651_5":{"color":[{"time":1.6666,"color":"ffffffff","curve":[0.25,0,0.75,1]},{"time":2.1666,"color":"ffffff00"}],"attachment":[{"time":0,"name":null},{"time":0.6666,"name":"images/500651_5"}]},"images/500651_6":{"color":[{"time":1.6666,"color":"ffffffff","curve":[0.25,0,0.75,1]},{"time":2.1666,"color":"ffffff00"}],"attachment":[{"time":0,"name":null},{"time":0.6666,"name":"images/500651_6"}]},"images/500651_7":{"color":[{"time":1.6666,"color":"ffffffff","curve":[0.25,0,0.75,1]},{"time":2.1666,"color":"ffffff00"}],"attachment":[{"time":0,"name":null},{"time":0.6666,"name":"images/500651_7"}]},"images/500651_8":{"color":[{"time":1.6666,"color":"ffffffff","curve":[0.25,0,0.75,1]},{"time":2.1666,"color":"ffffff00"}],"attachment":[{"time":0,"name":null},{"time":0.6666,"name":"images/500651_8"}]},"images/500651_9":{"color":[{"time":1.6666,"color":"ffffffff","curve":[0.25,0,0.75,1]},{"time":2.1666,"color":"ffffff00"}],"attachment":[{"time":0,"name":null},{"time":0.6666,"name":"images/500651_9"}]},"images/500651_10":{"color":[{"time":1.6666,"color":"ffffffff","curve":[0.25,0,0.75,1]},{"time":2.1666,"color":"ffffff00"}],"attachment":[{"time":0,"name":null},{"time":0.6666,"name":"images/500651_10"}]},"images/500651_11":{"color":[{"time":1.6666,"color":"ffffffff","curve":[0.25,0,0.75,1]},{"time":2.1666,"color":"ffffff00"}],"attachment":[{"time":0,"name":null},{"time":0.6666,"name":"images/500651_11"}]},"images/500651_12":{"color":[{"time":1.6666,"color":"ffffffff","curve":[0.25,0,0.75,1]},{"time":2.1666,"color":"ffffff00"}],"attachment":[{"time":0,"name":null},{"time":0.6666,"name":"images/500651_12"}]}},"bones":{"root":{"rotate":[{"time":0,"angle":0}],"translate":[{"time":0,"x":0,"y":0}],"scale":[{"time":0,"x":1,"y":1}]},"bone":{"rotate":[{"time":0,"angle":0,"curve":"stepped"},{"time":0.4,"angle":0},{"time":0.4333,"angle":-1.87},{"time":0.4666,"angle":-0.34},{"time":0.5,"angle":0},{"time":0.5333,"angle":-1.87},{"time":0.5666,"angle":-0.34},{"time":0.6,"angle":0},{"time":0.6333,"angle":-1.87},{"time":0.6666,"angle":-0.34},{"time":0.7,"angle":-1.87},{"time":0.7333,"angle":-0.34},{"time":0.7666,"angle":0},{"time":0.8,"angle":-1.87},{"time":0.8333,"angle":-0.34},{"time":0.8666,"angle":0},{"time":0.9,"angle":-1.87},{"time":0.9333,"angle":-0.34},{"time":0.9666,"angle":0},{"time":1,"angle":-1.87},{"time":1.0333,"angle":-0.34},{"time":1.0666,"angle":0},{"time":1.1,"angle":-1.87},{"time":1.1333,"angle":-0.34},{"time":1.1666,"angle":0},{"time":1.2,"angle":-1.87},{"time":1.2333,"angle":-0.34}],"translate":[{"time":0,"x":0,"y":0}],"scale":[{"time":0,"x":1,"y":1}]},"images/500651_1":{"rotate":[{"time":0,"angle":0,"curve":"stepped"},{"time":1.6666,"angle":0,"curve":[0.25,0,0.75,1]},{"time":2.6666,"angle":-148.22}],"translate":[{"time":0,"x":0,"y":0,"curve":"stepped"},{"time":1.6666,"x":0,"y":0,"curve":[0.25,0,0.75,1]},{"time":1.7333,"x":-33.61,"y":31.42,"curve":[0.25,0,0.75,1]},{"time":2.6666,"x":-103.03,"y":-10.23}],"scale":[{"time":0,"x":1,"y":1,"curve":"stepped"},{"time":1.6666,"x":1,"y":1,"curve":[0.25,0,0.75,1]},{"time":2.6666,"x":0.765,"y":0.765}]},"images/500651_2":{"rotate":[{"time":0,"angle":0,"curve":"stepped"},{"time":1.6666,"angle":0,"curve":[0.25,0,0.75,1]},{"time":2.6666,"angle":116.95}],"translate":[{"time":0,"x":0,"y":0,"curve":"stepped"},{"time":1.6666,"x":0,"y":0,"curve":[0.25,0,0.75,1]},{"time":1.7333,"x":0,"y":26.3,"curve":[0.25,0,0.75,1]},{"time":2.6666,"x":-17.53,"y":65.77}],"scale":[{"time":0,"x":1,"y":1,"curve":"stepped"},{"time":1.6666,"x":1,"y":1,"curve":[0.25,0,0.75,1]},{"time":2.6666,"x":0.765,"y":0.765}]},"images/500651_3":{"rotate":[{"time":0,"angle":0,"curve":"stepped"},{"time":1.6666,"angle":0,"curve":[0.25,0,0.75,1]},{"time":2.6666,"angle":-69.82}],"translate":[{"time":0,"x":0,"y":0,"curve":"stepped"},{"time":1.6666,"x":0,"y":0,"curve":[0.25,0,0.75,1]},{"time":1.7333,"x":33.61,"y":8.03,"curve":[0.25,0,0.75,1]},{"time":2.6666,"x":67.96,"y":40.19}],"scale":[{"time":0,"x":1,"y":1,"curve":"stepped"},{"time":1.6666,"x":1,"y":1,"curve":[0.25,0,0.75,1]},{"time":2.6666,"x":0.765,"y":0.765}]},"images/500651_4":{"rotate":[{"time":0,"angle":0,"curve":"stepped"},{"time":1.6666,"angle":0,"curve":[0.25,0,0.75,1]},{"time":2.6666,"angle":-76.21}],"translate":[{"time":0,"x":0,"y":0,"curve":"stepped"},{"time":1.6666,"x":0,"y":0,"curve":[0.25,0,0.75,1]},{"time":1.7333,"x":32.88,"y":-13.15,"curve":[0.25,0,0.75,1]},{"time":2.6666,"x":74.53,"y":0.73}],"scale":[{"time":0,"x":1,"y":1,"curve":"stepped"},{"time":1.6666,"x":1,"y":1,"curve":[0.25,0,0.75,1]},{"time":2.6666,"x":0.765,"y":0.765}]},"images/500651_5":{"rotate":[{"time":0,"angle":0,"curve":"stepped"},{"time":1.6666,"angle":0,"curve":[0.25,0,0.75,1]},{"time":2.6666,"angle":46.88}],"translate":[{"time":0,"x":0,"y":0,"curve":"stepped"},{"time":1.6666,"x":0,"y":0,"curve":[0.25,0,0.75,1]},{"time":1.7333,"x":33.61,"y":-33.61,"curve":[0.25,0,0.75,1]},{"time":2.6666,"x":50.42,"y":-46.76}],"scale":[{"time":0,"x":1,"y":1,"curve":"stepped"},{"time":1.6666,"x":1,"y":1,"curve":[0.25,0,0.75,1]},{"time":2.6666,"x":0.765,"y":0.765}]},"images/500651_7":{"rotate":[{"time":0,"angle":0,"curve":"stepped"},{"time":1.6666,"angle":0,"curve":[0.25,0,0.75,1]},{"time":2.6666,"angle":71.04}],"translate":[{"time":0,"x":0,"y":0,"curve":"stepped"},{"time":1.6666,"x":0,"y":0,"curve":[0.25,0,0.75,1]},{"time":1.7333,"x":21.19,"y":-32.15,"curve":[0.25,0,0.75,1]},{"time":2.6666,"x":45.3,"y":-59.19}],"scale":[{"time":0,"x":1,"y":1,"curve":"stepped"},{"time":1.6666,"x":1,"y":1,"curve":[0.25,0,0.75,1]},{"time":2.6666,"x":0.765,"y":0.765}]},"images/500651_6":{"rotate":[{"time":0,"angle":0,"curve":"stepped"},{"time":1.6666,"angle":0,"curve":[0.25,0,0.75,1]},{"time":2.6666,"angle":-102.03}],"translate":[{"time":0,"x":0,"y":0,"curve":"stepped"},{"time":1.6666,"x":0,"y":0,"curve":[0.25,0,0.75,1]},{"time":1.7333,"x":4.38,"y":-38.73,"curve":[0.25,0,0.75,1]},{"time":2.6666,"x":26.3,"y":-80.38}],"scale":[{"time":0,"x":1,"y":1,"curve":"stepped"},{"time":1.6666,"x":1,"y":1,"curve":[0.25,0,0.75,1]},{"time":2.6666,"x":0.765,"y":0.765}]},"images/500651_8":{"rotate":[{"time":0,"angle":0,"curve":"stepped"},{"time":1.6666,"angle":0,"curve":[0.25,0,0.75,1]},{"time":2.6666,"angle":79.48}],"translate":[{"time":0,"x":0,"y":0,"curve":"stepped"},{"time":1.6666,"x":0,"y":0,"curve":[0.25,0,0.75,1]},{"time":1.7333,"x":-28.5,"y":-19.73,"curve":[0.25,0,0.75,1]},{"time":2.6666,"x":-56.27,"y":-66.5}],"scale":[{"time":0,"x":1,"y":1,"curve":"stepped"},{"time":1.6666,"x":1,"y":1,"curve":[0.25,0,0.75,1]},{"time":2.6666,"x":0.765,"y":0.765}]},"images/500651_9":{"rotate":[{"time":0,"angle":0,"curve":"stepped"},{"time":1.6666,"angle":0,"curve":[0.25,0,0.75,1]},{"time":2.6666,"angle":45.56}],"translate":[{"time":0,"x":0,"y":0,"curve":"stepped"},{"time":1.6666,"x":0,"y":0,"curve":[0.25,0,0.75,1]},{"time":1.7333,"x":-46.03,"y":8.76,"curve":[0.25,0,0.75,1]},{"time":2.6666,"x":-83.3,"y":-29.23}],"scale":[{"time":0,"x":1,"y":1,"curve":"stepped"},{"time":1.6666,"x":1,"y":1,"curve":[0.25,0,0.75,1]},{"time":2.6666,"x":0.765,"y":0.765}]},"images/500651_10":{"rotate":[{"time":0,"angle":0,"curve":"stepped"},{"time":1.6666,"angle":0,"curve":[0.25,0,0.75,1]},{"time":2.6666,"angle":61.97}],"translate":[{"time":0,"x":0,"y":0,"curve":"stepped"},{"time":1.6666,"x":0,"y":0,"curve":[0.25,0,0.75,1]},{"time":1.7333,"x":-38.73,"y":-16.8,"curve":[0.25,0,0.75,1]},{"time":2.6666,"x":-76.73,"y":-44.57}],"scale":[{"time":0,"x":1,"y":1,"curve":"stepped"},{"time":1.6666,"x":1,"y":1,"curve":[0.25,0,0.75,1]},{"time":2.6666,"x":0.765,"y":0.765}]},"images/500651_11":{"rotate":[{"time":0,"angle":0,"curve":"stepped"},{"time":1.6666,"angle":0,"curve":[0.25,0,0.75,1]},{"time":2.6666,"angle":99.65}],"translate":[{"time":0,"x":0,"y":0,"curve":"stepped"},{"time":1.6666,"x":0,"y":0,"curve":[0.25,0,0.75,1]},{"time":1.7333,"x":-25.57,"y":-27.76,"curve":[0.25,0,0.75,1]},{"time":2.6666,"x":-39.46,"y":-51.88}],"scale":[{"time":0,"x":1,"y":1,"curve":"stepped"},{"time":1.6666,"x":1,"y":1,"curve":[0.25,0,0.75,1]},{"time":2.6666,"x":0.765,"y":0.765}]},"images/500651_12":{"rotate":[{"time":0,"angle":0,"curve":"stepped"},{"time":1.6666,"angle":0,"curve":[0.25,0,0.75,1]},{"time":2.6666,"angle":98.48}],"translate":[{"time":0,"x":0,"y":0,"curve":"stepped"},{"time":1.6666,"x":0,"y":0,"curve":[0.25,0,0.75,1]},{"time":1.7333,"x":3.65,"y":-33.61,"curve":[0.25,0,0.75,1]},{"time":2.6666,"x":-2.92,"y":-60.65}],"scale":[{"time":0,"x":1,"y":1,"curve":"stepped"},{"time":1.6666,"x":1,"y":1,"curve":[0.25,0,0.75,1]},{"time":2.6666,"x":0.765,"y":0.765}]}}}}}