{"skeleton":{"hash":"zIasrPzAlYd6ZdL1R177UYbxVA4","spine":"3.4.02","width":335.98,"height":497.27,"images":""},"bones":[{"name":"root"},{"name":"avator_frame_500384/1","parent":"root","length":40.52,"x":2.25,"y":-76.04,"scaleX":3.359,"scaleY":0.959},{"name":"avator_frame_500384/2","parent":"root","x":5.28,"y":-75.43,"scaleX":3.151,"scaleY":0.373},{"name":"bone2","parent":"root","length":41.19,"x":-74.26,"y":233.82},{"name":"bone3","parent":"root","length":41.19,"rotation":90,"x":47.98,"y":240.87},{"name":"bone4","parent":"root","length":41.19,"rotation":90,"x":79.36,"y":271.58},{"name":"bone5","parent":"root","length":41.19,"rotation":90,"x":-13.24,"y":271.84},{"name":"bone6","parent":"root","length":41.19,"rotation":90,"x":-44.68,"y":302.45},{"name":"bone7","parent":"root","length":41.19,"rotation":90,"x":49.01,"y":301.23}],"slots":[{"name":"avator_frame_500384/wood_8","bone":"bone2","attachment":"avator_frame_500384/wood_4"},{"name":"avator_frame_500384/wood_12","bone":"bone3","attachment":"avator_frame_500384/wood_4"},{"name":"avator_frame_500384/wood_16","bone":"bone4","attachment":"avator_frame_500384/wood_4"},{"name":"avator_frame_500384/wood_20","bone":"bone5","attachment":"avator_frame_500384/wood_4"},{"name":"avator_frame_500384/wood_24","bone":"bone6","attachment":"avator_frame_500384/wood_4"},{"name":"avator_frame_500384/wood_28","bone":"bone7","attachment":"avator_frame_500384/wood_4"},{"name":"avator_frame_500384/wood_9","bone":"bone2","attachment":"avator_frame_500384/wood_4"},{"name":"avator_frame_500384/wood_13","bone":"bone3","attachment":"avator_frame_500384/wood_4"},{"name":"avator_frame_500384/wood_17","bone":"bone4","attachment":"avator_frame_500384/wood_4"},{"name":"avator_frame_500384/wood_21","bone":"bone5","attachment":"avator_frame_500384/wood_4"},{"name":"avator_frame_500384/wood_25","bone":"bone6","attachment":"avator_frame_500384/wood_4"},{"name":"avator_frame_500384/wood_29","bone":"bone7","attachment":"avator_frame_500384/wood_4"},{"name":"avator_frame_500384/wood_10","bone":"bone2","attachment":"avator_frame_500384/wood_4"},{"name":"avator_frame_500384/wood_14","bone":"bone3","attachment":"avator_frame_500384/wood_4"},{"name":"avator_frame_500384/wood_18","bone":"bone4","attachment":"avator_frame_500384/wood_4"},{"name":"avator_frame_500384/wood_22","bone":"bone5","attachment":"avator_frame_500384/wood_4"},{"name":"avator_frame_500384/wood_26","bone":"bone6","attachment":"avator_frame_500384/wood_4"},{"name":"avator_frame_500384/wood_30","bone":"bone7","attachment":"avator_frame_500384/wood_4"},{"name":"avator_frame_500384/wood_11","bone":"bone2","attachment":"avator_frame_500384/wood_4"},{"name":"avator_frame_500384/wood_15","bone":"bone3","attachment":"avator_frame_500384/wood_4"},{"name":"avator_frame_500384/wood_19","bone":"bone4","attachment":"avator_frame_500384/wood_4"},{"name":"avator_frame_500384/wood_23","bone":"bone5","attachment":"avator_frame_500384/wood_4"},{"name":"avator_frame_500384/wood_27","bone":"bone6","attachment":"avator_frame_500384/wood_4"},{"name":"avator_frame_500384/wood_31","bone":"bone7","attachment":"avator_frame_500384/wood_4"},{"name":"avator_frame_500384/avator_frame_500384","bone":"root","attachment":"avator_frame_500384/avator_frame_500384"},{"name":"avator_frame_500384/1","bone":"avator_frame_500384/1","attachment":"avator_frame_500384/1","blend":"additive"},{"name":"avator_frame_500384/2","bone":"avator_frame_500384/2","attachment":"avator_frame_500384/2","blend":"additive"}],"skins":{"default":{"avator_frame_500384/1":{"avator_frame_500384/1":{"x":-0.13,"y":4.8,"width":100,"height":100}},"avator_frame_500384/2":{"avator_frame_500384/2":{"x":-2,"y":0.65,"width":100,"height":100}},"avator_frame_500384/avator_frame_500384":{"avator_frame_500384/avator_frame_500384":{"width":210,"height":210}},"avator_frame_500384/wood_10":{"avator_frame_500384/wood_4":{"x":10.63,"y":35.4,"rotation":-90,"width":100,"height":69}},"avator_frame_500384/wood_11":{"avator_frame_500384/wood_4":{"x":10.63,"y":66.44,"rotation":-90,"width":100,"height":69}},"avator_frame_500384/wood_12":{"avator_frame_500384/wood_4":{"x":10.63,"y":4.2,"rotation":-90,"width":100,"height":69}},"avator_frame_500384/wood_13":{"avator_frame_500384/wood_4":{"x":40.33,"y":35.43,"rotation":-90,"width":100,"height":69}},"avator_frame_500384/wood_14":{"avator_frame_500384/wood_4":{"x":10.63,"y":35.4,"rotation":-90,"width":100,"height":69}},"avator_frame_500384/wood_15":{"avator_frame_500384/wood_4":{"x":10.63,"y":66.44,"rotation":-90,"width":100,"height":69}},"avator_frame_500384/wood_16":{"avator_frame_500384/wood_4":{"x":10.63,"y":4.2,"rotation":-90,"width":100,"height":69}},"avator_frame_500384/wood_17":{"avator_frame_500384/wood_4":{"x":40.33,"y":35.43,"rotation":-90,"width":100,"height":69}},"avator_frame_500384/wood_18":{"avator_frame_500384/wood_4":{"x":10.63,"y":35.4,"rotation":-90,"width":100,"height":69}},"avator_frame_500384/wood_19":{"avator_frame_500384/wood_4":{"x":-19.69,"y":4.6,"rotation":-90,"width":100,"height":69}},"avator_frame_500384/wood_20":{"avator_frame_500384/wood_4":{"x":10.63,"y":4.2,"rotation":-90,"width":100,"height":69}},"avator_frame_500384/wood_21":{"avator_frame_500384/wood_4":{"x":10.65,"y":35.43,"rotation":-90,"width":100,"height":69}},"avator_frame_500384/wood_22":{"avator_frame_500384/wood_4":{"x":40.31,"y":-26.13,"rotation":-90,"width":100,"height":69}},"avator_frame_500384/wood_23":{"avator_frame_500384/wood_4":{"x":40.24,"y":4.6,"rotation":-90,"width":100,"height":69}},"avator_frame_500384/wood_24":{"avator_frame_500384/wood_4":{"x":10.63,"y":4.59,"rotation":-90,"width":100,"height":69}},"avator_frame_500384/wood_25":{"avator_frame_500384/wood_4":{"x":40.91,"y":35.43,"rotation":-90,"width":100,"height":69}},"avator_frame_500384/wood_26":{"avator_frame_500384/wood_4":{"x":40.31,"y":-26.13,"rotation":-90,"width":100,"height":69}},"avator_frame_500384/wood_27":{"avator_frame_500384/wood_4":{"x":40.24,"y":4.6,"rotation":-90,"width":100,"height":69}},"avator_frame_500384/wood_28":{"avator_frame_500384/wood_4":{"x":10.63,"y":-26.12,"rotation":-90,"width":100,"height":69}},"avator_frame_500384/wood_29":{"avator_frame_500384/wood_4":{"x":40.91,"y":35.43,"rotation":-90,"width":100,"height":69}},"avator_frame_500384/wood_30":{"avator_frame_500384/wood_4":{"x":40.31,"y":-26.13,"rotation":-90,"width":100,"height":69}},"avator_frame_500384/wood_31":{"avator_frame_500384/wood_4":{"x":40.24,"y":4.6,"rotation":-90,"width":100,"height":69}},"avator_frame_500384/wood_8":{"avator_frame_500384/wood_4":{"x":10.63,"y":4.2,"rotation":-90,"width":100,"height":69}},"avator_frame_500384/wood_9":{"avator_frame_500384/wood_4":{"x":40.33,"y":4.08,"rotation":-90,"width":100,"height":69}}}},"animations":{"500384_1":{"slots":{"avator_frame_500384/1":{"color":[{"time":0,"color":"ffffff00","curve":"stepped"},{"time":5.3,"color":"ffffff00","curve":[0,0.95,0.75,1]},{"time":5.3333,"color":"ffffffff","curve":[0,0.95,0.75,1]},{"time":5.7333,"color":"ffffff00","curve":"stepped"},{"time":7.6666,"color":"ffffff00","curve":[0,0.95,0.75,1]},{"time":7.7,"color":"ffffffff","curve":[0,0.95,0.75,1]},{"time":8.1,"color":"ffffff00","curve":"stepped"},{"time":11.6333,"color":"ffffff00","curve":[0,0.95,0.75,1]},{"time":11.6666,"color":"ffffffff","curve":[0,0.95,0.75,1]},{"time":12.0666,"color":"ffffff00"}]},"avator_frame_500384/2":{"color":[{"time":0,"color":"ffffff00","curve":"stepped"},{"time":5.3,"color":"ffffff00","curve":[0,0.95,0.75,1]},{"time":5.3333,"color":"ffffffff","curve":[0,0.95,0.75,1]},{"time":5.7333,"color":"ffffff00","curve":"stepped"},{"time":7.6666,"color":"ffffff00","curve":[0,0.95,0.75,1]},{"time":7.7,"color":"ffffffff","curve":[0,0.95,0.75,1]},{"time":8.1,"color":"ffffff00","curve":"stepped"},{"time":11.6333,"color":"ffffff00","curve":[0,0.95,0.75,1]},{"time":11.6666,"color":"ffffffff","curve":[0,0.95,0.75,1]},{"time":12.0666,"color":"ffffff00"}]},"avator_frame_500384/wood_8":{"attachment":[{"time":0,"name":null},{"time":0.6666,"name":"avator_frame_500384/wood_4"},{"time":5,"name":"avator_frame_500384/wood_4"},{"time":5.0666,"name":null},{"time":5.1333,"name":"avator_frame_500384/wood_4"},{"time":5.2,"name":null},{"time":5.2666,"name":"avator_frame_500384/wood_4"},{"time":5.3333,"name":null}]},"avator_frame_500384/wood_9":{"attachment":[{"time":0,"name":null},{"time":0.6666,"name":"avator_frame_500384/wood_4"},{"time":5,"name":"avator_frame_500384/wood_4"},{"time":5.0666,"name":null},{"time":5.1333,"name":"avator_frame_500384/wood_4"},{"time":5.2,"name":null},{"time":5.2666,"name":"avator_frame_500384/wood_4"},{"time":5.3333,"name":null}]},"avator_frame_500384/wood_10":{"attachment":[{"time":0,"name":null},{"time":0.6666,"name":"avator_frame_500384/wood_4"},{"time":7.3333,"name":"avator_frame_500384/wood_4"},{"time":7.4,"name":null},{"time":7.4666,"name":"avator_frame_500384/wood_4"},{"time":7.5333,"name":null},{"time":7.6,"name":"avator_frame_500384/wood_4"},{"time":7.6666,"name":null}]},"avator_frame_500384/wood_11":{"attachment":[{"time":0,"name":null},{"time":0.6666,"name":"avator_frame_500384/wood_4"},{"time":11.3333,"name":"avator_frame_500384/wood_4"},{"time":11.4,"name":null},{"time":11.4666,"name":"avator_frame_500384/wood_4"},{"time":11.5333,"name":null},{"time":11.6,"name":"avator_frame_500384/wood_4"},{"time":11.6666,"name":null}]},"avator_frame_500384/wood_12":{"attachment":[{"time":0,"name":null},{"time":2.1666,"name":"avator_frame_500384/wood_4"},{"time":5,"name":"avator_frame_500384/wood_4"},{"time":5.0666,"name":null},{"time":5.1333,"name":"avator_frame_500384/wood_4"},{"time":5.2,"name":null},{"time":5.2666,"name":"avator_frame_500384/wood_4"},{"time":5.3333,"name":null}]},"avator_frame_500384/wood_13":{"attachment":[{"time":0,"name":null},{"time":2.1666,"name":"avator_frame_500384/wood_4"},{"time":5,"name":"avator_frame_500384/wood_4"},{"time":5.1333,"name":"avator_frame_500384/wood_4"},{"time":5.2666,"name":"avator_frame_500384/wood_4"},{"time":7.3333,"name":"avator_frame_500384/wood_4"},{"time":7.4,"name":null},{"time":7.4666,"name":"avator_frame_500384/wood_4"},{"time":7.5333,"name":null},{"time":7.6,"name":"avator_frame_500384/wood_4"},{"time":7.6666,"name":null}]},"avator_frame_500384/wood_14":{"attachment":[{"time":0,"name":null},{"time":2.1666,"name":"avator_frame_500384/wood_4"},{"time":5,"name":"avator_frame_500384/wood_4"},{"time":5.0666,"name":null},{"time":5.1333,"name":"avator_frame_500384/wood_4"},{"time":5.2,"name":null},{"time":5.2666,"name":"avator_frame_500384/wood_4"},{"time":5.3333,"name":null}]},"avator_frame_500384/wood_15":{"attachment":[{"time":0,"name":null},{"time":2.1666,"name":"avator_frame_500384/wood_4"},{"time":5,"name":"avator_frame_500384/wood_4"},{"time":5.0666,"name":null},{"time":5.1333,"name":"avator_frame_500384/wood_4"},{"time":5.2,"name":null},{"time":5.2666,"name":"avator_frame_500384/wood_4"},{"time":5.3333,"name":null}]},"avator_frame_500384/wood_16":{"attachment":[{"time":0,"name":null},{"time":3.8333,"name":"avator_frame_500384/wood_4"},{"time":7.3333,"name":"avator_frame_500384/wood_4"},{"time":7.4,"name":null},{"time":7.4666,"name":"avator_frame_500384/wood_4"},{"time":7.5333,"name":null},{"time":7.6,"name":"avator_frame_500384/wood_4"},{"time":7.6666,"name":null}]},"avator_frame_500384/wood_17":{"attachment":[{"time":0,"name":null},{"time":3.8333,"name":"avator_frame_500384/wood_4"},{"time":7.3333,"name":"avator_frame_500384/wood_4"},{"time":7.4666,"name":"avator_frame_500384/wood_4"},{"time":7.6,"name":"avator_frame_500384/wood_4"},{"time":11.3333,"name":"avator_frame_500384/wood_4"},{"time":11.4,"name":null},{"time":11.4666,"name":"avator_frame_500384/wood_4"},{"time":11.5333,"name":null},{"time":11.6,"name":"avator_frame_500384/wood_4"},{"time":11.6666,"name":null}]},"avator_frame_500384/wood_18":{"attachment":[{"time":0,"name":null},{"time":3.8333,"name":"avator_frame_500384/wood_4"},{"time":7.3333,"name":"avator_frame_500384/wood_4"},{"time":7.4,"name":null},{"time":7.4666,"name":"avator_frame_500384/wood_4"},{"time":7.5333,"name":null},{"time":7.6,"name":"avator_frame_500384/wood_4"},{"time":7.6666,"name":null}]},"avator_frame_500384/wood_19":{"attachment":[{"time":0,"name":null},{"time":3.8333,"name":"avator_frame_500384/wood_4"},{"time":5,"name":"avator_frame_500384/wood_4"},{"time":5.0666,"name":null},{"time":5.1333,"name":"avator_frame_500384/wood_4"},{"time":5.2,"name":null},{"time":5.2666,"name":"avator_frame_500384/wood_4"},{"time":5.3333,"name":null}]},"avator_frame_500384/wood_20":{"attachment":[{"time":0,"name":null},{"time":6.1666,"name":"avator_frame_500384/wood_4"},{"time":7.3333,"name":"avator_frame_500384/wood_4"},{"time":7.4,"name":null},{"time":7.4666,"name":"avator_frame_500384/wood_4"},{"time":7.5333,"name":null},{"time":7.6,"name":"avator_frame_500384/wood_4"},{"time":7.6666,"name":null}]},"avator_frame_500384/wood_21":{"attachment":[{"time":0,"name":null},{"time":6.1666,"name":"avator_frame_500384/wood_4"},{"time":7.3333,"name":"avator_frame_500384/wood_4"},{"time":7.4,"name":null},{"time":7.4666,"name":"avator_frame_500384/wood_4"},{"time":7.5333,"name":null},{"time":7.6,"name":"avator_frame_500384/wood_4"},{"time":7.6666,"name":null}]},"avator_frame_500384/wood_22":{"attachment":[{"time":0,"name":null},{"time":6.1666,"name":"avator_frame_500384/wood_4"},{"time":11.3333,"name":"avator_frame_500384/wood_4"},{"time":11.4,"name":null},{"time":11.4666,"name":"avator_frame_500384/wood_4"},{"time":11.5333,"name":null},{"time":11.6,"name":"avator_frame_500384/wood_4"},{"time":11.6666,"name":null}]},"avator_frame_500384/wood_23":{"attachment":[{"time":0,"name":null},{"time":6.1666,"name":"avator_frame_500384/wood_4"},{"time":11.3333,"name":"avator_frame_500384/wood_4"},{"time":11.4,"name":null},{"time":11.4666,"name":"avator_frame_500384/wood_4"},{"time":11.5333,"name":null},{"time":11.6,"name":"avator_frame_500384/wood_4"},{"time":11.6666,"name":null}]},"avator_frame_500384/wood_24":{"attachment":[{"time":0,"name":null},{"time":8.5,"name":"avator_frame_500384/wood_4"},{"time":11.3333,"name":"avator_frame_500384/wood_4"},{"time":11.4,"name":null},{"time":11.4666,"name":"avator_frame_500384/wood_4"},{"time":11.5333,"name":null},{"time":11.6,"name":"avator_frame_500384/wood_4"},{"time":11.6666,"name":null}]},"avator_frame_500384/wood_25":{"attachment":[{"time":0,"name":null},{"time":8.5,"name":"avator_frame_500384/wood_4"},{"time":11.3333,"name":"avator_frame_500384/wood_4"},{"time":11.4,"name":null},{"time":11.4666,"name":"avator_frame_500384/wood_4"},{"time":11.5333,"name":null},{"time":11.6,"name":"avator_frame_500384/wood_4"},{"time":11.6666,"name":null}]},"avator_frame_500384/wood_26":{"attachment":[{"time":0,"name":null},{"time":8.5,"name":"avator_frame_500384/wood_4"},{"time":11.3333,"name":"avator_frame_500384/wood_4"},{"time":11.4,"name":null},{"time":11.4666,"name":"avator_frame_500384/wood_4"},{"time":11.5333,"name":null},{"time":11.6,"name":"avator_frame_500384/wood_4"},{"time":11.6666,"name":null}]},"avator_frame_500384/wood_27":{"attachment":[{"time":0,"name":null},{"time":8.5,"name":"avator_frame_500384/wood_4"},{"time":11.3333,"name":"avator_frame_500384/wood_4"},{"time":11.4,"name":null},{"time":11.4666,"name":"avator_frame_500384/wood_4"},{"time":11.5333,"name":null},{"time":11.6,"name":"avator_frame_500384/wood_4"},{"time":11.6666,"name":null}]},"avator_frame_500384/wood_28":{"attachment":[{"time":0,"name":null},{"time":10.1666,"name":"avator_frame_500384/wood_4"},{"time":11.3333,"name":"avator_frame_500384/wood_4"},{"time":11.4,"name":null},{"time":11.4666,"name":"avator_frame_500384/wood_4"},{"time":11.5333,"name":null},{"time":11.6,"name":"avator_frame_500384/wood_4"},{"time":11.6666,"name":null}]},"avator_frame_500384/wood_29":{"attachment":[{"time":0,"name":null},{"time":10.1666,"name":"avator_frame_500384/wood_4"},{"time":11.3333,"name":"avator_frame_500384/wood_4"},{"time":11.4,"name":null},{"time":11.4666,"name":"avator_frame_500384/wood_4"},{"time":11.5333,"name":null},{"time":11.6,"name":"avator_frame_500384/wood_4"},{"time":11.6666,"name":null}]},"avator_frame_500384/wood_30":{"attachment":[{"time":0,"name":null},{"time":10.1666,"name":"avator_frame_500384/wood_4"},{"time":11.3333,"name":"avator_frame_500384/wood_4"},{"time":11.4,"name":null},{"time":11.4666,"name":"avator_frame_500384/wood_4"},{"time":11.5333,"name":null},{"time":11.6,"name":"avator_frame_500384/wood_4"},{"time":11.6666,"name":null}]},"avator_frame_500384/wood_31":{"attachment":[{"time":0,"name":null},{"time":10.1666,"name":"avator_frame_500384/wood_4"},{"time":11.3333,"name":"avator_frame_500384/wood_4"},{"time":11.4,"name":null},{"time":11.4666,"name":"avator_frame_500384/wood_4"},{"time":11.5333,"name":null},{"time":11.6,"name":"avator_frame_500384/wood_4"},{"time":11.6666,"name":null}]}},"bones":{"bone2":{"translate":[{"time":0,"x":0,"y":0,"curve":"stepped"},{"time":0.1666,"x":0,"y":-31.29,"curve":"stepped"},{"time":0.3333,"x":0,"y":-62.58,"curve":"stepped"},{"time":0.5,"x":0,"y":-93.87,"curve":"stepped"},{"time":0.6666,"x":0,"y":-125.16,"curve":"stepped"},{"time":0.8333,"x":0,"y":-156.45,"curve":"stepped"},{"time":1,"x":0,"y":-187.74,"curve":"stepped"},{"time":1.1666,"x":0,"y":-219.03,"curve":"stepped"},{"time":1.3333,"x":0,"y":-250.32,"curve":"stepped"},{"time":1.5,"x":0,"y":-281.62,"curve":"stepped"},{"time":1.6666,"x":0,"y":-312.91,"curve":"stepped"},{"time":5,"x":0,"y":-312.91,"curve":"stepped"},{"time":5.3333,"x":0,"y":-312.91,"curve":"stepped"},{"time":5.6666,"x":0,"y":-342.56,"curve":"stepped"},{"time":7.3333,"x":0,"y":-342.56,"curve":"stepped"},{"time":7.6666,"x":0,"y":-342.56,"curve":"stepped"},{"time":8,"x":0,"y":-376.17}]},"bone3":{"translate":[{"time":0,"x":0,"y":0,"curve":"stepped"},{"time":1.6666,"x":0,"y":0,"curve":"stepped"},{"time":1.8333,"x":0,"y":-31.19,"curve":"stepped"},{"time":2,"x":0,"y":-62.38,"curve":"stepped"},{"time":2.1666,"x":0,"y":-93.57,"curve":"stepped"},{"time":2.3333,"x":0,"y":-124.77,"curve":"stepped"},{"time":2.5,"x":0,"y":-155.96,"curve":"stepped"},{"time":2.6666,"x":0,"y":-187.15,"curve":"stepped"},{"time":2.8333,"x":0,"y":-218.34,"curve":"stepped"},{"time":3,"x":0,"y":-249.54,"curve":"stepped"},{"time":3.1666,"x":0,"y":-280.73,"curve":"stepped"},{"time":3.3333,"x":0,"y":-311.92,"curve":"stepped"},{"time":5,"x":0,"y":-311.92,"curve":"stepped"},{"time":5.1333,"x":0,"y":-311.92,"curve":"stepped"},{"time":5.2666,"x":0,"y":-311.92,"curve":"stepped"},{"time":5.3333,"x":0,"y":-311.92,"curve":"stepped"},{"time":5.6666,"x":0,"y":-342.21,"curve":"stepped"},{"time":7.3333,"x":0,"y":-342.21,"curve":"stepped"},{"time":7.6666,"x":0,"y":-342.21,"curve":"stepped"},{"time":8,"x":0,"y":-373.15}]},"bone4":{"translate":[{"time":0,"x":0,"y":0,"curve":"stepped"},{"time":3.3333,"x":0,"y":0,"curve":"stepped"},{"time":3.5,"x":0,"y":-31.29,"curve":"stepped"},{"time":3.6666,"x":0,"y":-62.59,"curve":"stepped"},{"time":3.8333,"x":0,"y":-93.89,"curve":"stepped"},{"time":4,"x":0,"y":-125.19,"curve":"stepped"},{"time":4.1666,"x":0,"y":-156.49,"curve":"stepped"},{"time":4.3333,"x":0,"y":-187.79,"curve":"stepped"},{"time":4.5,"x":0,"y":-219.09,"curve":"stepped"},{"time":4.6666,"x":0,"y":-250.38,"curve":"stepped"},{"time":4.8333,"x":0,"y":-281.68,"curve":"stepped"},{"time":5,"x":0,"y":-312.98,"curve":"stepped"},{"time":5.3333,"x":0,"y":-312.98,"curve":"stepped"},{"time":5.6666,"x":0,"y":-342.64,"curve":"stepped"},{"time":7.3333,"x":0,"y":-342.64,"curve":"stepped"},{"time":7.6666,"x":0,"y":-342.64,"curve":"stepped"},{"time":8,"x":0,"y":-373.58}]},"bone5":{"translate":[{"time":0,"x":0,"y":0,"curve":"stepped"},{"time":5.6666,"x":0,"y":0,"curve":"stepped"},{"time":5.8333,"x":0,"y":-34.29,"curve":"stepped"},{"time":6,"x":0,"y":-68.58,"curve":"stepped"},{"time":6.1666,"x":0,"y":-102.88,"curve":"stepped"},{"time":6.3333,"x":0,"y":-137.17,"curve":"stepped"},{"time":6.5,"x":0,"y":-171.46,"curve":"stepped"},{"time":6.6666,"x":0,"y":-205.76,"curve":"stepped"},{"time":6.8333,"x":0,"y":-240.05,"curve":"stepped"},{"time":7,"x":0,"y":-274.35,"curve":"stepped"},{"time":7.1666,"x":0,"y":-308.64,"curve":"stepped"},{"time":7.3333,"x":0,"y":-342.93,"curve":"stepped"},{"time":7.6666,"x":0,"y":-342.93,"curve":"stepped"},{"time":8,"x":0,"y":-373.87}]},"bone6":{"translate":[{"time":0,"x":0,"y":0,"curve":"stepped"},{"time":8,"x":0,"y":-83.74,"curve":"stepped"},{"time":8.1666,"x":0.05,"y":-112.81,"curve":"stepped"},{"time":8.3333,"x":0.1,"y":-141.87,"curve":"stepped"},{"time":8.5,"x":0.15,"y":-170.94,"curve":"stepped"},{"time":8.6666,"x":0.2,"y":-200.01,"curve":"stepped"},{"time":8.8333,"x":0.25,"y":-229.07,"curve":"stepped"},{"time":9,"x":0.3,"y":-258.14,"curve":"stepped"},{"time":9.1666,"x":0.35,"y":-287.2,"curve":"stepped"},{"time":9.3333,"x":0.4,"y":-316.27,"curve":"stepped"},{"time":9.5,"x":0.46,"y":-345.34,"curve":"stepped"},{"time":9.6666,"x":0.51,"y":-374.4}]},"bone7":{"translate":[{"time":0,"x":0,"y":0,"curve":"stepped"},{"time":8,"x":0,"y":-83.74,"curve":"stepped"},{"time":9.6666,"x":0,"y":-83.74,"curve":"stepped"},{"time":9.8333,"x":0,"y":-112.73,"curve":"stepped"},{"time":10,"x":0,"y":-141.72,"curve":"stepped"},{"time":10.1666,"x":0,"y":-170.71,"curve":"stepped"},{"time":10.3333,"x":0,"y":-199.7,"curve":"stepped"},{"time":10.5,"x":0,"y":-228.69,"curve":"stepped"},{"time":10.6666,"x":0,"y":-257.68,"curve":"stepped"},{"time":10.8333,"x":0,"y":-286.67,"curve":"stepped"},{"time":11,"x":0,"y":-315.66,"curve":"stepped"},{"time":11.1666,"x":0,"y":-344.65,"curve":"stepped"},{"time":11.3333,"x":0,"y":-373.64,"curve":"stepped"},{"time":13,"x":0,"y":-373.64}]},"avator_frame_500384/1":{"translate":[{"time":0,"x":0,"y":0,"curve":"stepped"},{"time":11.6333,"x":0,"y":16.34}],"scale":[{"time":0,"x":1,"y":1,"curve":"stepped"},{"time":5.3333,"x":1,"y":1,"curve":[0,0.95,0.75,1]},{"time":5.6666,"x":1.988,"y":0.015},{"time":7.7,"x":1,"y":1,"curve":[0,0.95,0.75,1]},{"time":8.0333,"x":1.988,"y":0.015},{"time":11.6333,"x":1,"y":2.769,"curve":[0,0.95,0.75,1]},{"time":12,"x":1.988,"y":0.015}]},"avator_frame_500384/2":{"translate":[{"time":0,"x":0,"y":0,"curve":"stepped"},{"time":11.6333,"x":0,"y":16.34}],"scale":[{"time":0,"x":1,"y":1,"curve":"stepped"},{"time":5.3333,"x":1,"y":1,"curve":[0,0.95,0.75,1]},{"time":5.6666,"x":1.988,"y":0.013},{"time":7.7,"x":1,"y":1,"curve":[0,0.95,0.75,1]},{"time":8.0333,"x":1.988,"y":0.013},{"time":11.6333,"x":1,"y":2.769,"curve":[0,0.95,0.75,1]},{"time":12,"x":1.988,"y":0.013}]}}}}}