{"skeleton":{"hash":"5+kGLba1n/G1RYcjmLAvRFHh/Zk","spine":"3.6.53","width":210,"height":210,"images":"F:\\work2020\\2.24\\2.20"},"bones":[{"name":"root"},{"name":"500336_leaf_1","parent":"root","rotation":12.51,"x":77.87,"y":22.44,"scaleX":0.546,"scaleY":0.546},{"name":"500336_leaf_2","parent":"root","x":-25.97,"y":86.03,"scaleX":0.522,"scaleY":0.522},{"name":"500336_leaf_3","parent":"root","rotation":178.78,"x":0.04,"y":81.66,"scaleX":0.598,"scaleY":0.598},{"name":"500336_leaf_4","parent":"root","rotation":-0.8,"x":-41.12,"y":90.55,"scaleX":0.586,"scaleY":0.586},{"name":"500336_leaf_5","parent":"root","rotation":-3.36,"x":77.87,"y":73.77,"scaleX":-0.643,"scaleY":0.628},{"name":"500336_leaf_6","parent":"root","rotation":-40.93,"x":42.36,"y":86.03,"scaleX":0.717,"scaleY":0.717},{"name":"500336_leaf_7","parent":"root","rotation":-4.45,"x":81.27,"y":16.65,"scaleX":0.495,"scaleY":0.669},{"name":"500336_leaf_8","parent":"root","rotation":33.49,"x":82.53,"y":-25.46,"scaleX":-0.501,"scaleY":0.568},{"name":"500336_leaf_9","parent":"root","rotation":-18.47,"x":-32.53,"y":89.74,"scaleX":0.605,"scaleY":0.605},{"name":"500336_leaf_10","parent":"root","rotation":-1.95,"x":-61.84,"y":79.15,"scaleX":-0.61,"scaleY":0.605},{"name":"500336_leaf_11","parent":"root","rotation":-1.95,"x":53.28,"y":79.15,"scaleX":-0.563,"scaleY":0.519},{"name":"500336_leaf_12","parent":"root","rotation":8.2,"x":25.27,"y":88.08,"scaleX":-0.508,"scaleY":0.705},{"name":"500336_leaf_13","parent":"root","rotation":-22.28,"x":81.27,"y":8.02,"scaleX":0.856,"scaleY":0.856}],"slots":[{"name":"avator_frame_500336","bone":"root","attachment":"avator_frame_500336"},{"name":"500336_leaf_1","bone":"500336_leaf_1","attachment":"500336_leaf_1"},{"name":"500336_leaf_5","bone":"500336_leaf_5","attachment":"500336_leaf_1"},{"name":"500336_leaf_4","bone":"500336_leaf_4","attachment":"500336_leaf_1"},{"name":"500336_leaf_3","bone":"500336_leaf_3","attachment":"500336_leaf_1"},{"name":"500336_leaf_2","bone":"500336_leaf_2","attachment":"500336_leaf_2"},{"name":"500336_leaf_9","bone":"500336_leaf_9","attachment":"500336_leaf_2"},{"name":"500336_leaf_10","bone":"500336_leaf_10","attachment":"500336_leaf_2"},{"name":"500336_leaf_11","bone":"500336_leaf_11","attachment":"500336_leaf_2"},{"name":"500336_leaf_12","bone":"500336_leaf_12","attachment":"500336_leaf_2"},{"name":"500336_leaf_6","bone":"500336_leaf_6","attachment":"500336_leaf_2"},{"name":"500336_leaf_7","bone":"500336_leaf_7","attachment":"500336_leaf_2"},{"name":"500336_leaf_13","bone":"500336_leaf_13","attachment":"500336_leaf_2"},{"name":"500336_leaf_8","bone":"500336_leaf_8","attachment":"500336_leaf_2"}],"skins":{"default":{"500336_leaf_1":{"500336_leaf_1":{"x":-7.59,"y":-2.38,"width":29,"height":19}},"500336_leaf_10":{"500336_leaf_2":{"x":5.18,"y":-5.36,"width":31,"height":25}},"500336_leaf_11":{"500336_leaf_2":{"x":5.18,"y":-5.36,"width":31,"height":25}},"500336_leaf_12":{"500336_leaf_2":{"x":5.18,"y":-5.36,"width":31,"height":25}},"500336_leaf_13":{"500336_leaf_2":{"x":5.18,"y":-5.36,"width":31,"height":25}},"500336_leaf_2":{"500336_leaf_2":{"x":5.18,"y":-5.36,"width":31,"height":25}},"500336_leaf_3":{"500336_leaf_1":{"x":-7.59,"y":-2.38,"width":29,"height":19}},"500336_leaf_4":{"500336_leaf_1":{"x":-7.59,"y":-2.38,"width":29,"height":19}},"500336_leaf_5":{"500336_leaf_1":{"x":-7.59,"y":-2.38,"width":29,"height":19}},"500336_leaf_6":{"500336_leaf_2":{"x":5.18,"y":-5.36,"width":31,"height":25}},"500336_leaf_7":{"500336_leaf_2":{"x":5.18,"y":-5.36,"width":31,"height":25}},"500336_leaf_8":{"500336_leaf_2":{"x":5.18,"y":-5.36,"width":31,"height":25}},"500336_leaf_9":{"500336_leaf_2":{"x":5.18,"y":-5.36,"width":31,"height":25}},"avator_frame_500336":{"avator_frame_500336":{"width":210,"height":210}}}},"animations":{"500336_1":{"slots":{"500336_leaf_1":{"color":[{"time":0,"color":"ffffffff","curve":"stepped"},{"time":5.8,"color":"ffffffff"},{"time":7,"color":"ffffff00"}]},"500336_leaf_2":{"color":[{"time":0,"color":"ffffffff","curve":"stepped"},{"time":5.3,"color":"ffffffff"},{"time":6.4667,"color":"ffffff00"}]},"500336_leaf_3":{"color":[{"time":0,"color":"ffffffff","curve":"stepped"},{"time":5.8,"color":"ffffffff"},{"time":6.8333,"color":"ffffff00"}]},"500336_leaf_4":{"color":[{"time":0,"color":"ffffffff","curve":"stepped"},{"time":5.7667,"color":"ffffffff"},{"time":6.6333,"color":"ffffff00"}]},"500336_leaf_5":{"color":[{"time":6.1667,"color":"ffffffff"},{"time":7,"color":"ffffff00"}]},"500336_leaf_6":{"color":[{"time":0,"color":"ffffffff","curve":"stepped"},{"time":5.6333,"color":"ffffffff"},{"time":6.5333,"color":"ffffff00"}]},"500336_leaf_7":{"color":[{"time":0,"color":"ffffffff","curve":"stepped"},{"time":5.4333,"color":"ffffffff"},{"time":6.7333,"color":"ffffff00"}]},"500336_leaf_8":{"color":[{"time":0,"color":"ffffffff","curve":"stepped"},{"time":6,"color":"ffffffff"},{"time":6.9333,"color":"ffffff00"}]},"500336_leaf_9":{"color":[{"time":0,"color":"ffffffff","curve":"stepped"},{"time":5.7333,"color":"ffffffff"},{"time":6.6,"color":"ffffff00"}]},"500336_leaf_10":{"color":[{"time":0,"color":"ffffffff","curve":"stepped"},{"time":5.7,"color":"ffffffff"},{"time":7,"color":"ffffff00"}]},"500336_leaf_11":{"color":[{"time":0,"color":"ffffffff","curve":"stepped"},{"time":5.8667,"color":"ffffffff"},{"time":6.8,"color":"ffffff00"}]},"500336_leaf_12":{"color":[{"time":0,"color":"ffffffff","curve":"stepped"},{"time":5.8333,"color":"ffffffff"},{"time":6.8667,"color":"ffffff00"}]},"500336_leaf_13":{"color":[{"time":0,"color":"ffffffff","curve":"stepped"},{"time":5.9667,"color":"ffffffff"},{"time":6.8667,"color":"ffffff00"}]}},"bones":{"500336_leaf_1":{"rotate":[{"time":0,"angle":0,"curve":"stepped"},{"time":5.8,"angle":0},{"time":7,"angle":-4.57}],"translate":[{"time":0,"x":0,"y":0,"curve":"stepped"},{"time":5.8,"x":0,"y":0},{"time":7,"x":-8.53,"y":-25.61}],"scale":[{"time":0,"x":0,"y":0},{"time":3.8667,"x":1,"y":1,"curve":"stepped"},{"time":5.8,"x":1,"y":1}]},"500336_leaf_2":{"rotate":[{"time":0,"angle":0,"curve":"stepped"},{"time":5.3,"angle":0},{"time":6.4667,"angle":-12.8}],"translate":[{"time":0,"x":0,"y":0,"curve":"stepped"},{"time":5.3,"x":0,"y":0},{"time":6.4667,"x":0,"y":-37.57}],"scale":[{"time":0,"x":0,"y":0},{"time":4.2,"x":1,"y":1,"curve":"stepped"},{"time":5.3,"x":1,"y":1}]},"500336_leaf_3":{"rotate":[{"time":0,"angle":0,"curve":"stepped"},{"time":5.8,"angle":0},{"time":6.7667,"angle":-357.15}],"translate":[{"time":0,"x":0,"y":0,"curve":"stepped"},{"time":5.8,"x":0,"y":0},{"time":6.7667,"x":-0.73,"y":-19.27}],"scale":[{"time":0,"x":0,"y":0,"curve":"stepped"},{"time":1.2,"x":0,"y":0},{"time":3.5333,"x":1,"y":1,"curve":"stepped"},{"time":5.8,"x":1,"y":1}]},"500336_leaf_4":{"rotate":[{"time":0,"angle":0,"curve":"stepped"},{"time":5.7667,"angle":0},{"time":6.6333,"angle":6.23}],"translate":[{"time":0,"x":0,"y":0,"curve":"stepped"},{"time":5.7667,"x":0,"y":0},{"time":6.6333,"x":0,"y":-36.02}],"scale":[{"time":0,"x":0,"y":0},{"time":4.9,"x":1,"y":1,"curve":"stepped"},{"time":5.7667,"x":1,"y":1}]},"500336_leaf_5":{"rotate":[{"time":0,"angle":0,"curve":"stepped"},{"time":6.1667,"angle":0},{"time":7,"angle":-4.17}],"translate":[{"time":0,"x":0,"y":0,"curve":"stepped"},{"time":6.1667,"x":0,"y":0},{"time":7,"x":0,"y":-10.73}],"scale":[{"time":0,"x":0,"y":0,"curve":"stepped"},{"time":1.8,"x":0,"y":0},{"time":6.1667,"x":1,"y":1}]},"500336_leaf_6":{"rotate":[{"time":0,"angle":0,"curve":"stepped"},{"time":5.6333,"angle":0},{"time":6.5333,"angle":-6.02}],"translate":[{"time":0,"x":0,"y":0,"curve":"stepped"},{"time":5.6333,"x":0,"y":0},{"time":6.5333,"x":0,"y":-15.61}],"scale":[{"time":0,"x":0,"y":0},{"time":4.7,"x":1,"y":1,"curve":"stepped"},{"time":5.6333,"x":1,"y":1}]},"500336_leaf_7":{"rotate":[{"time":0,"angle":0,"curve":"stepped"},{"time":5.4333,"angle":0},{"time":6.7333,"angle":1.89}],"translate":[{"time":0,"x":0,"y":0,"curve":"stepped"},{"time":5.4333,"x":0,"y":0},{"time":6.7333,"x":3.9,"y":-22.44}],"scale":[{"time":0,"x":0,"y":0},{"time":5.3333,"x":1,"y":1,"curve":"stepped"},{"time":5.4333,"x":1,"y":1}]},"500336_leaf_8":{"rotate":[{"time":0,"angle":0,"curve":"stepped"},{"time":6,"angle":0},{"time":6.9333,"angle":-19.85}],"translate":[{"time":0,"x":0,"y":0,"curve":"stepped"},{"time":6,"x":0,"y":0},{"time":6.9333,"x":-8.78,"y":-9.51}],"scale":[{"time":0,"x":0,"y":0},{"time":5.0333,"x":1,"y":1,"curve":"stepped"},{"time":6,"x":1,"y":1}]},"500336_leaf_9":{"rotate":[{"time":0,"angle":0,"curve":"stepped"},{"time":5.7333,"angle":0}],"translate":[{"time":0,"x":0,"y":0,"curve":"stepped"},{"time":5.7333,"x":0,"y":0},{"time":6.6,"x":4.63,"y":-26.35}],"scale":[{"time":0,"x":0,"y":0},{"time":5.3333,"x":1,"y":1,"curve":"stepped"},{"time":5.7333,"x":1,"y":1}]},"500336_leaf_10":{"rotate":[{"time":0,"angle":0,"curve":"stepped"},{"time":5.7,"angle":0},{"time":7,"angle":-8.07}],"translate":[{"time":0,"x":0,"y":0,"curve":"stepped"},{"time":5.7,"x":0,"y":0},{"time":6.4333,"x":-3.25,"y":-15.15},{"time":7,"x":-10.27,"y":-25.03}],"scale":[{"time":0,"x":0,"y":0},{"time":3.7,"x":1,"y":1,"curve":"stepped"},{"time":5.7,"x":1,"y":1}]},"500336_leaf_11":{"rotate":[{"time":0,"angle":0,"curve":"stepped"},{"time":5.8667,"angle":0}],"translate":[{"time":0,"x":0,"y":0,"curve":"stepped"},{"time":5.8667,"x":0,"y":0}],"scale":[{"time":0,"x":0,"y":0},{"time":5.0667,"x":1,"y":1,"curve":"stepped"},{"time":5.8667,"x":1,"y":1}]},"500336_leaf_12":{"rotate":[{"time":0,"angle":0,"curve":"stepped"},{"time":6,"angle":0},{"time":6.9,"angle":2.73}],"translate":[{"time":0,"x":0,"y":0,"curve":"stepped"},{"time":6,"x":0,"y":0},{"time":6.9,"x":3.41,"y":-23.91}],"scale":[{"time":0,"x":0,"y":0,"curve":"stepped"},{"time":2.2333,"x":0,"y":0},{"time":5.3667,"x":1,"y":1,"curve":"stepped"},{"time":6,"x":1,"y":1}]},"500336_leaf_13":{"rotate":[{"time":0,"angle":0,"curve":"stepped"},{"time":6,"angle":0},{"time":6.8667,"angle":6.41}],"translate":[{"time":0,"x":0,"y":0,"curve":"stepped"},{"time":6,"x":0,"y":0},{"time":6.8667,"x":2.19,"y":-16.1}],"scale":[{"time":0,"x":0,"y":0},{"time":5.6333,"x":1,"y":1,"curve":"stepped"},{"time":6,"x":1,"y":1}]}}}}}