{"skeleton":{"hash":"+wFqSajBQKuCAoqBiOyflSfLLLY","spine":"3.4.02","width":210,"height":237.56,"images":""},"bones":[{"name":"root"},{"name":"bone","parent":"root","length":97.24,"rotation":-64.6,"x":-128.01,"y":233.16},{"name":"images/500605","parent":"bone","rotation":208.14,"x":163.74,"y":1.99}],"slots":[{"name":"images/500605","bone":"images/500605","attachment":"images/500605"},{"name":"images/avator_frame_500605","bone":"root","attachment":"images/avator_frame_500605"}],"skins":{"default":{"images/500605":{"images/500605":{"x":8,"width":47,"height":69}},"images/avator_frame_500605":{"images/avator_frame_500605":{"width":210,"height":210}}}},"animations":{"500605_1":{"slots":{"images/500605":{"color":[{"time":0,"color":"ffffff00","curve":[0.25,0,0.75,1]},{"time":0.3333,"color":"ffffffff","curve":"stepped"},{"time":2.3333,"color":"ffffffff","curve":[0.25,0,0.75,1]},{"time":2.6666,"color":"ffffff00","curve":"stepped"},{"time":3.3333,"color":"ffffff00"}]}},"bones":{"images/500605":{"rotate":[{"time":0,"angle":-107.7,"curve":[0.25,0,0.75,1]},{"time":0.8333,"angle":-387.42,"curve":[0.25,0,0.75,1]},{"time":1.8333,"angle":-61.08,"curve":[0.25,0,0.75,1]},{"time":2.6666,"angle":-21.3,"curve":"stepped"},{"time":3.3333,"angle":-21.3}],"translate":[{"time":0,"x":0,"y":0,"curve":[0.25,0,0.75,1]},{"time":2.6666,"x":198.91,"y":32.88,"curve":"stepped"},{"time":3.3333,"x":198.91,"y":32.88}]},"bone":{"rotate":[{"time":0,"angle":0,"curve":[0.25,0,0.75,1]},{"time":0.8333,"angle":10.52,"curve":[0.25,0,0.75,1]},{"time":1.8333,"angle":-21.67,"curve":[0.25,0,0.75,1]},{"time":2.6666,"angle":0,"curve":"stepped"},{"time":3.3333,"angle":0}],"translate":[{"time":0,"x":0,"y":0,"curve":[0.25,0,0.75,1]},{"time":0.8333,"x":46.51,"y":-64.2,"curve":[0.25,0,0.75,1]},{"time":1.8333,"x":25.01,"y":34.66,"curve":[0.25,0,0.75,1]},{"time":2.6666,"x":0,"y":0,"curve":"stepped"},{"time":3.3333,"x":0,"y":0}]}}}}}