{"skeleton":{"hash":"enfJU9r7wJidr60004wo53Vbq4E","spine":"3.4.02","width":210,"height":210,"images":""},"bones":[{"name":"root"},{"name":"images/dian/dian00101","parent":"root"},{"name":"images/sanjiao/sj00000","parent":"root","y":-3.76}],"slots":[{"name":"images/avator_frame_500650","bone":"root","attachment":"images/avator_frame_500650"},{"name":"images/sanjiao/sj00000","bone":"images/sanjiao/sj00000"},{"name":"images/dian/dian00101","bone":"images/dian/dian00101"}],"skins":{"default":{"images/avator_frame_500650":{"images/avator_frame_500650":{"width":210,"height":210}},"images/dian/dian00101":{"images/dian/dian00101":{"width":300,"height":300},"images/dian/dian00103":{"width":300,"height":300},"images/dian/dian00105":{"width":300,"height":300},"images/dian/dian00107":{"width":300,"height":300},"images/dian/dian00109":{"width":300,"height":300},"images/dian/dian00111":{"width":300,"height":300},"images/dian/dian00113":{"width":300,"height":300},"images/dian/dian00115":{"width":300,"height":300},"images/dian/dian00117":{"width":300,"height":300},"images/dian/dian00119":{"width":300,"height":300},"images/dian/dian00121":{"width":300,"height":300},"images/dian/dian00123":{"width":300,"height":300},"images/dian/dian00125":{"width":300,"height":300},"images/dian/dian00127":{"width":300,"height":300},"images/dian/dian00129":{"width":300,"height":300},"images/dian/dian00131":{"width":300,"height":300},"images/dian/dian00133":{"width":300,"height":300},"images/dian/dian00134":{"width":300,"height":300}},"images/sanjiao/sj00000":{"images/sanjiao/sj00000":{"x":1.42,"y":64.92,"width":300,"height":300},"images/sanjiao/sj00004":{"width":300,"height":300},"images/sanjiao/sj00008":{"width":300,"height":300},"images/sanjiao/sj00012":{"width":300,"height":300},"images/sanjiao/sj00016":{"width":300,"height":300},"images/sanjiao/sj00020":{"width":300,"height":300},"images/sanjiao/sj00024":{"width":300,"height":300},"images/sanjiao/sj00028":{"width":300,"height":300},"images/sanjiao/sj00032":{"width":300,"height":300},"images/sanjiao/sj00036":{"width":300,"height":300},"images/sanjiao/sj00042":{"width":300,"height":300},"images/sanjiao/sj00046":{"width":300,"height":300},"images/sanjiao/sj00050":{"width":300,"height":300},"images/sanjiao/sj00054":{"width":300,"height":300},"images/sanjiao/sj00058":{"width":300,"height":300},"images/sanjiao/sj00062":{"width":300,"height":300},"images/sanjiao/sj00066":{"width":300,"height":300},"images/sanjiao/sj00068":{"width":300,"height":300}}}},"animations":{"500650_1":{"slots":{"images/dian/dian00101":{"attachment":[{"time":2.0333,"name":"images/dian/dian00101"},{"time":2.1,"name":"images/dian/dian00103"},{"time":2.1666,"name":"images/dian/dian00105"},{"time":2.2333,"name":"images/dian/dian00107"},{"time":2.3,"name":"images/dian/dian00109"},{"time":2.3666,"name":"images/dian/dian00111"},{"time":2.4333,"name":"images/dian/dian00113"},{"time":2.5,"name":"images/dian/dian00115"},{"time":2.5666,"name":"images/dian/dian00117"},{"time":2.6333,"name":"images/dian/dian00119"},{"time":2.7,"name":"images/dian/dian00121"},{"time":2.7666,"name":"images/dian/dian00123"},{"time":2.8333,"name":"images/dian/dian00125"},{"time":2.9,"name":"images/dian/dian00127"},{"time":2.9666,"name":"images/dian/dian00129"},{"time":3.0333,"name":"images/dian/dian00131"},{"time":3.1,"name":"images/dian/dian00133"},{"time":3.1666,"name":"images/dian/dian00134"},{"time":3.2333,"name":null},{"time":4,"name":null}]},"images/sanjiao/sj00000":{"color":[{"time":1.1333,"color":"ffffffff","curve":[0.25,0,0.75,1]},{"time":1.6666,"color":"ffffff00"}],"attachment":[{"time":0,"name":"images/sanjiao/sj00000"},{"time":0.0666,"name":"images/sanjiao/sj00004"},{"time":0.1333,"name":"images/sanjiao/sj00008"},{"time":0.2,"name":"images/sanjiao/sj00012"},{"time":0.2666,"name":"images/sanjiao/sj00016"},{"time":0.3333,"name":"images/sanjiao/sj00020"},{"time":0.4,"name":"images/sanjiao/sj00024"},{"time":0.4666,"name":"images/sanjiao/sj00028"},{"time":0.5333,"name":"images/sanjiao/sj00032"},{"time":0.6,"name":"images/sanjiao/sj00036"},{"time":0.6666,"name":"images/sanjiao/sj00042"},{"time":0.7333,"name":"images/sanjiao/sj00046"},{"time":0.8,"name":"images/sanjiao/sj00050"},{"time":0.8666,"name":"images/sanjiao/sj00054"},{"time":0.9333,"name":"images/sanjiao/sj00058"},{"time":1,"name":"images/sanjiao/sj00062"},{"time":1.0666,"name":"images/sanjiao/sj00066"},{"time":1.1333,"name":"images/sanjiao/sj00068"}]}},"bones":{"root":{"rotate":[{"time":0,"angle":0}],"translate":[{"time":0,"x":0,"y":0}],"scale":[{"time":0,"x":1,"y":1}]},"images/sanjiao/sj00000":{"rotate":[{"time":0,"angle":0}],"translate":[{"time":0,"x":0,"y":0}],"scale":[{"time":0,"x":1,"y":1,"curve":"stepped"},{"time":1.1333,"x":1,"y":1,"curve":[0.25,0,0.75,1]},{"time":1.6666,"x":2,"y":2}]},"images/dian/dian00101":{"rotate":[{"time":0,"angle":0}],"translate":[{"time":0,"x":0,"y":0}],"scale":[{"time":0,"x":1,"y":1}]}}}}}