{"skeleton":{"hash":"VA/Q2CZ6741rwLqp5nsvApHhzzQ","spine":"3.4.02","width":210,"height":210,"images":""},"bones":[{"name":"root"},{"name":"1","parent":"root","x":-64.08,"y":76.82,"scaleX":0.5,"scaleY":0.5},{"name":"2","parent":"root","x":-37.37,"y":75.96,"scaleX":0.5,"scaleY":0.5},{"name":"3","parent":"root","x":-21.85,"y":83.71,"scaleX":0.5,"scaleY":0.5},{"name":"4","parent":"root","x":-16.68,"y":73.37,"scaleX":0.5,"scaleY":0.5},{"name":"5","parent":"root","x":9.17,"y":82.85,"scaleX":0.5,"scaleY":0.5},{"name":"6","parent":"root","x":29,"y":75.96,"scaleX":0.5,"scaleY":0.5},{"name":"7","parent":"root","x":51.41,"y":86.3,"scaleX":0.5,"scaleY":0.5},{"name":"8","parent":"root","x":-77.87,"y":62.16,"scaleX":0.5,"scaleY":0.5},{"name":"9","parent":"root","x":6.58,"y":75.96,"scaleX":0.5,"scaleY":0.5},{"name":"10","parent":"root","x":66.06,"y":72.51,"scaleX":0.5,"scaleY":0.5},{"name":"11","parent":"root","x":-83.92,"y":79.4,"scaleX":0.5,"scaleY":0.5}],"slots":[{"name":"1","bone":"1","attachment":"1"},{"name":"2","bone":"2","attachment":"1"},{"name":"3","bone":"3","attachment":"1"},{"name":"4","bone":"4","attachment":"1"},{"name":"5","bone":"5","attachment":"1"},{"name":"6","bone":"6","attachment":"1"},{"name":"7","bone":"7","attachment":"1"},{"name":"8","bone":"8","attachment":"1"},{"name":"9","bone":"9","attachment":"1"},{"name":"10","bone":"10","attachment":"1"},{"name":"11","bone":"11","attachment":"1"},{"name":"avator_frame_500601","bone":"root"}],"skins":{"default":{"1":{"1":{"x":0.58,"y":1.03,"scaleX":0.2,"scaleY":0.2,"width":44,"height":44}},"10":{"1":{"x":0.58,"y":1.03,"scaleX":0.2,"scaleY":0.2,"width":44,"height":44}},"11":{"1":{"x":0.58,"y":1.03,"scaleX":0.2,"scaleY":0.2,"width":44,"height":44}},"2":{"1":{"x":0.58,"y":1.03,"scaleX":0.2,"scaleY":0.2,"width":44,"height":44}},"3":{"1":{"x":0.58,"y":1.03,"scaleX":0.2,"scaleY":0.2,"width":44,"height":44}},"4":{"1":{"x":0.58,"y":1.03,"scaleX":0.2,"scaleY":0.2,"width":44,"height":44}},"5":{"1":{"x":0.58,"y":1.03,"scaleX":0.2,"scaleY":0.2,"width":44,"height":44}},"6":{"1":{"x":0.58,"y":1.03,"scaleX":0.2,"scaleY":0.2,"width":44,"height":44}},"7":{"1":{"x":0.58,"y":1.03,"scaleX":0.2,"scaleY":0.2,"width":44,"height":44}},"8":{"1":{"x":0.58,"y":1.03,"scaleX":0.2,"scaleY":0.2,"width":44,"height":44}},"9":{"1":{"x":0.58,"y":1.03,"scaleX":0.2,"scaleY":0.2,"width":44,"height":44}}}},"animations":{"500601_1":{"slots":{"1":{"color":[{"time":0,"color":"ffffffa3"},{"time":0.3,"color":"ffffff00","curve":"stepped"},{"time":0.3333,"color":"ffffff00"},{"time":0.8333,"color":"ffffffff","curve":"stepped"},{"time":1.8333,"color":"ffffffff"},{"time":2,"color":"ffffffa3"}]},"2":{"color":[{"time":0,"color":"ffffffff","curve":"stepped"},{"time":0.1666,"color":"ffffffff"},{"time":0.6333,"color":"ffffff00","curve":"stepped"},{"time":0.6666,"color":"ffffff00"},{"time":1.1666,"color":"ffffffff","curve":"stepped"},{"time":2,"color":"ffffffff"}]},"3":{"color":[{"time":0,"color":"ffffffff","curve":"stepped"},{"time":0.5,"color":"ffffffff"},{"time":0.9666,"color":"ffffff00","curve":"stepped"},{"time":1,"color":"ffffff00"},{"time":1.5,"color":"ffffffff","curve":"stepped"},{"time":2,"color":"ffffffff"}]},"4":{"color":[{"time":0,"color":"ffffffff","curve":"stepped"},{"time":0.8333,"color":"ffffffff"},{"time":1.3,"color":"ffffff00","curve":"stepped"},{"time":1.3333,"color":"ffffff00"},{"time":1.8333,"color":"ffffffff","curve":"stepped"},{"time":2,"color":"ffffffff"}]},"5":{"color":[{"time":0,"color":"ffffff98"},{"time":0.2,"color":"ffffffff","curve":"stepped"},{"time":1.2,"color":"ffffffff"},{"time":1.6666,"color":"ffffff00","curve":"stepped"},{"time":1.7,"color":"ffffff00"},{"time":2,"color":"ffffff98"}]},"6":{"color":[{"time":0,"color":"ffffff54"},{"time":0.3333,"color":"ffffffff","curve":"stepped"},{"time":1.3333,"color":"ffffffff"},{"time":1.8,"color":"ffffff00","curve":"stepped"},{"time":1.8333,"color":"ffffff00"},{"time":2,"color":"ffffff54"}]},"7":{"color":[{"time":0,"color":"ffffffff","curve":"stepped"},{"time":1,"color":"ffffffff"},{"time":1.4666,"color":"ffffff00","curve":"stepped"},{"time":1.5,"color":"ffffff00"},{"time":2,"color":"ffffffff"}]},"8":{"color":[{"time":0,"color":"ffffffff","curve":"stepped"},{"time":0.6666,"color":"ffffffff"},{"time":1.1333,"color":"ffffff00","curve":"stepped"},{"time":1.1666,"color":"ffffff00"},{"time":1.6666,"color":"ffffffff","curve":"stepped"},{"time":2,"color":"ffffffff"}]},"9":{"color":[{"time":0,"color":"ffffffff","curve":"stepped"},{"time":0.3333,"color":"ffffffff"},{"time":0.8,"color":"ffffff00","curve":"stepped"},{"time":0.8333,"color":"ffffff00"},{"time":1.3333,"color":"ffffffff","curve":"stepped"},{"time":2,"color":"ffffffff"}]},"10":{"color":[{"time":0,"color":"ffffffff"},{"time":0.4666,"color":"ffffff00","curve":"stepped"},{"time":0.5,"color":"ffffff00"},{"time":1,"color":"ffffffff","curve":"stepped"},{"time":2,"color":"ffffffff"}]},"11":{"color":[{"time":0,"color":"ffffff5b"},{"time":0.1666,"color":"ffffff00","curve":"stepped"},{"time":0.2,"color":"ffffff00"},{"time":0.7,"color":"ffffffff","curve":"stepped"},{"time":1.7,"color":"ffffffff"},{"time":2,"color":"ffffff5b"}]}},"bones":{"1":{"rotate":[{"time":0,"angle":152.53},{"time":0.3,"angle":180},{"time":0.3333,"angle":0},{"time":2,"angle":152.53}],"translate":[{"time":0,"x":25.52,"y":-129.16},{"time":0.3,"x":32.75,"y":-152.57},{"time":0.3333,"x":-14.65,"y":0.86},{"time":2,"x":25.52,"y":-129.16}]},"2":{"rotate":[{"time":0,"angle":122.03},{"time":0.6333,"angle":180},{"time":0.6666,"angle":0},{"time":2,"angle":122.03}],"translate":[{"time":0,"x":17.48,"y":-103.16},{"time":0.6333,"x":32.75,"y":-152.57},{"time":0.6666,"x":-14.65,"y":0.86},{"time":2,"x":17.48,"y":-103.16}]},"3":{"rotate":[{"time":0,"angle":91.52},{"time":0.9666,"angle":180},{"time":1,"angle":0},{"time":2,"angle":91.52}],"translate":[{"time":0,"x":9.45,"y":-77.15},{"time":0.9666,"x":32.75,"y":-152.57},{"time":1,"x":-14.65,"y":0.86},{"time":2,"x":9.45,"y":-77.15}]},"4":{"rotate":[{"time":0,"angle":61.01},{"time":1.3,"angle":180},{"time":1.3333,"angle":0},{"time":2,"angle":61.01}],"translate":[{"time":0,"x":1.41,"y":-51.15},{"time":1.3,"x":32.75,"y":-152.57},{"time":1.3333,"x":-14.65,"y":0.86},{"time":2,"x":1.41,"y":-51.15}]},"5":{"rotate":[{"time":0,"angle":27.45},{"time":1.6666,"angle":180},{"time":1.7,"angle":0},{"time":2,"angle":27.45}],"translate":[{"time":0,"x":-7.42,"y":-22.54},{"time":1.6666,"x":32.75,"y":-152.57},{"time":1.7,"x":-14.65,"y":0.86},{"time":2,"x":-7.42,"y":-22.54}]},"6":{"rotate":[{"time":0,"angle":15.25},{"time":1.8,"angle":180},{"time":1.8333,"angle":0},{"time":2,"angle":15.25}],"translate":[{"time":0,"x":-10.63,"y":-12.14},{"time":1.8,"x":32.75,"y":-152.57},{"time":1.8333,"x":-14.65,"y":0.86},{"time":2,"x":-10.63,"y":-12.14}]},"7":{"rotate":[{"time":0,"angle":45.76},{"time":1.4666,"angle":180},{"time":1.5,"angle":0},{"time":2,"angle":45.76}],"translate":[{"time":0,"x":-2.6,"y":-38.14},{"time":1.4666,"x":32.75,"y":-152.57},{"time":1.5,"x":-14.65,"y":0.86},{"time":2,"x":-2.6,"y":-38.14}]},"8":{"rotate":[{"time":0,"angle":76.26},{"time":1.1333,"angle":180},{"time":1.1666,"angle":0},{"time":2,"angle":76.26}],"translate":[{"time":0,"x":5.43,"y":-64.15},{"time":1.1333,"x":32.75,"y":-152.57},{"time":1.1666,"x":-14.65,"y":0.86},{"time":2,"x":5.43,"y":-64.15}]},"9":{"rotate":[{"time":0,"angle":106.77},{"time":0.8,"angle":180},{"time":0.8333,"angle":0},{"time":2,"angle":106.77}],"translate":[{"time":0,"x":13.47,"y":-90.15},{"time":0.8,"x":32.75,"y":-152.57},{"time":0.8333,"x":-14.65,"y":0.86},{"time":2,"x":13.47,"y":-90.15}]},"10":{"rotate":[{"time":0,"angle":137.28},{"time":0.4666,"angle":180},{"time":0.5,"angle":0},{"time":2,"angle":137.28}],"translate":[{"time":0,"x":21.5,"y":-116.16},{"time":0.4666,"x":32.75,"y":-152.57},{"time":0.5,"x":-14.65,"y":0.86},{"time":2,"x":21.5,"y":-116.16}]},"11":{"rotate":[{"time":0,"angle":164.74},{"time":0.1666,"angle":180},{"time":0.2,"angle":0},{"time":2,"angle":164.74}],"translate":[{"time":0,"x":28.73,"y":-139.57},{"time":0.1666,"x":32.75,"y":-152.57},{"time":0.2,"x":-14.65,"y":0.86},{"time":2,"x":28.73,"y":-139.57}]}}}}}