{"skeleton":{"hash":"CzrWZlgkVHcqmU1AZ7x98NoDJ5Q","spine":"3.6.53","width":329.97,"height":210,"images":"F:\\work2020\\2.24\\2.20"},"bones":[{"name":"root"},{"name":"500337_light_bg","parent":"root","x":-52.77,"y":-61.07,"scaleX":0.573,"scaleY":0.573},{"name":"500337_light","parent":"500337_light_bg","y":-0.4},{"name":"500337_light_bg2","parent":"root","x":-79.83,"y":-71.82,"scaleX":0.25,"scaleY":0.25},{"name":"500337_light2","parent":"500337_light_bg2","y":-0.4},{"name":"500337_light_bg3","parent":"root","x":-31.27,"y":-73.61,"scaleX":0.223,"scaleY":0.223},{"name":"500337_light3","parent":"500337_light_bg3","y":-0.4},{"name":"500337_light_bg4","parent":"root","x":22.03,"y":-64.2,"scaleX":0.223,"scaleY":0.223},{"name":"500337_light4","parent":"500337_light_bg4","y":-0.4},{"name":"500337_light_bg5","parent":"root","x":43.09,"y":-67.79,"scaleX":0.409,"scaleY":0.409},{"name":"500337_light5","parent":"500337_light_bg5","y":-0.4},{"name":"500337_light_bg6","parent":"root","x":72.66,"y":-61.07,"scaleX":0.183,"scaleY":0.183},{"name":"500337_light6","parent":"500337_light_bg6","y":-0.4},{"name":"bone","parent":"root","length":16.36,"rotation":-86.98,"x":182.22,"y":42.45},{"name":"500337_light7","parent":"bone","rotation":86.98,"x":27.63,"y":16.36},{"name":"500337_light_bg7","parent":"root","x":54.17,"y":-6.36},{"name":"500337_light_bg8","parent":"root","x":41.64,"y":-20.89},{"name":"500337_light_bg9","parent":"root","x":3.36,"y":43.6},{"name":"500337_light_bg10","parent":"root","x":15.61,"y":47.67},{"name":"500337_light_bg11","parent":"root","x":29.35,"y":49.53},{"name":"500337_light_bg12","parent":"root","x":42.72,"y":46.4},{"name":"500337_light_bg13","parent":"root","x":54.12,"y":36.36},{"name":"500337_light_bg14","parent":"bone","rotation":86.98,"x":37.49,"y":-8.82},{"name":"500337_light_bg15","parent":"root","x":60.4,"y":24.97},{"name":"500337_light_bg16","parent":"root","x":61.04,"y":9.8},{"name":"500337_light_bg17","parent":"root","x":-8.97,"y":37.75},{"name":"500337_light_bg18","parent":"root","x":-19.96,"y":46.37},{"name":"500337_light_bg19","parent":"root","x":-31.93,"y":52.52},{"name":"500337_light_bg20","parent":"root","x":-45.61,"y":52.86},{"name":"500337_light_bg21","parent":"root","x":-59.35,"y":45.85},{"name":"500337_light_bg22","parent":"root","x":-69.29,"y":34.42},{"name":"500337_light_bg23","parent":"root","x":-70.58,"y":21.4},{"name":"500337_light_bg24","parent":"root","x":-32.96,"y":-61.36},{"name":"500337_light_bg25","parent":"root","x":-68.19,"y":7.72},{"name":"500337_light_bg26","parent":"root","x":-61.69,"y":-5.95},{"name":"500337_light_bg27","parent":"root","x":-53.44,"y":-19.37},{"name":"500337_light_bg28","parent":"root","x":-45.25,"y":-31.69},{"name":"500337_light_bg29","parent":"root","x":-37.1,"y":-46.15},{"name":"500337_light_bg30","parent":"root","x":-15.89,"y":-53.16},{"name":"500337_light_bg31","parent":"root","x":-0.1,"y":-48},{"name":"500337_light_bg32","parent":"root","x":14.95,"y":-40.8},{"name":"500337_light_bg33","parent":"root","x":29.31,"y":-31.19},{"name":"500337_light_bg34","parent":"bone","rotation":86.98,"x":24.58,"y":-16.75},{"name":"500337_light_bg35","parent":"bone","rotation":86.98,"x":32.81,"y":-24.08}],"slots":[{"name":"avator_frame_500337","bone":"root","attachment":"avator_frame_500337"},{"name":"500337_light_bg","bone":"500337_light_bg","attachment":"500337_light_bg","blend":"additive"},{"name":"500337_light_bg3","bone":"500337_light_bg3","attachment":"500337_light_bg","blend":"additive"},{"name":"500337_light_bg4","bone":"500337_light_bg4","attachment":"500337_light_bg","blend":"additive"},{"name":"500337_light_bg5","bone":"500337_light_bg5","attachment":"500337_light_bg","blend":"additive"},{"name":"500337_light_bg6","bone":"500337_light_bg6","attachment":"500337_light_bg","blend":"additive"},{"name":"500337_light_bg2","bone":"500337_light_bg2","attachment":"500337_light_bg","blend":"additive"},{"name":"500337_light","bone":"500337_light","attachment":"500337_light"},{"name":"500337_light3","bone":"500337_light3","attachment":"500337_light"},{"name":"500337_light4","bone":"500337_light4","attachment":"500337_light"},{"name":"500337_light5","bone":"500337_light5","attachment":"500337_light"},{"name":"500337_light6","bone":"500337_light6","attachment":"500337_light"},{"name":"500337_light2","bone":"500337_light2","attachment":"500337_light"},{"name":"500337_light_bg7","bone":"500337_light_bg7","attachment":"500337_light_bg","blend":"additive"},{"name":"500337_light_bg16","bone":"500337_light_bg16","attachment":"500337_light_bg","blend":"additive"},{"name":"500337_light_bg15","bone":"500337_light_bg15","attachment":"500337_light_bg","blend":"additive"},{"name":"500337_light_bg13","bone":"500337_light_bg13","attachment":"500337_light_bg","blend":"additive"},{"name":"500337_light_bg34","bone":"500337_light_bg14","attachment":"500337_light_bg","blend":"additive"},{"name":"500337_light_bg36","bone":"500337_light_bg35","attachment":"500337_light_bg","blend":"additive"},{"name":"500337_light_bg35","bone":"500337_light_bg34","attachment":"500337_light_bg","blend":"additive"},{"name":"500337_light_bg12","bone":"500337_light_bg12","attachment":"500337_light_bg","blend":"additive"},{"name":"500337_light_bg11","bone":"500337_light_bg11","attachment":"500337_light_bg","blend":"additive"},{"name":"500337_light_bg10","bone":"500337_light_bg10","attachment":"500337_light_bg","blend":"additive"},{"name":"500337_light_bg9","bone":"500337_light_bg9","attachment":"500337_light_bg","blend":"additive"},{"name":"500337_light_bg8","bone":"500337_light_bg8","attachment":"500337_light_bg","blend":"additive"},{"name":"500337_light_bg33","bone":"500337_light_bg33","attachment":"500337_light_bg","blend":"additive"},{"name":"500337_light_bg32","bone":"500337_light_bg32","attachment":"500337_light_bg","blend":"additive"},{"name":"500337_light_bg31","bone":"500337_light_bg31","attachment":"500337_light_bg","blend":"additive"},{"name":"500337_light_bg30","bone":"500337_light_bg30","attachment":"500337_light_bg","blend":"additive"},{"name":"500337_light_bg29","bone":"500337_light_bg29","attachment":"500337_light_bg","blend":"additive"},{"name":"500337_light_bg28","bone":"500337_light_bg28","attachment":"500337_light_bg","blend":"additive"},{"name":"500337_light_bg27","bone":"500337_light_bg27","attachment":"500337_light_bg","blend":"additive"},{"name":"500337_light_bg26","bone":"500337_light_bg26","attachment":"500337_light_bg","blend":"additive"},{"name":"500337_light_bg25","bone":"500337_light_bg25","attachment":"500337_light_bg","blend":"additive"},{"name":"500337_light_bg24","bone":"500337_light_bg24","attachment":"500337_light_bg","blend":"additive"},{"name":"500337_light_bg23","bone":"500337_light_bg23","attachment":"500337_light_bg","blend":"additive"},{"name":"500337_light_bg22","bone":"500337_light_bg22","attachment":"500337_light_bg","blend":"additive"},{"name":"500337_light_bg21","bone":"500337_light_bg21","attachment":"500337_light_bg","blend":"additive"},{"name":"500337_light_bg20","bone":"500337_light_bg20","attachment":"500337_light_bg","blend":"additive"},{"name":"500337_light_bg19","bone":"500337_light_bg19","attachment":"500337_light_bg","blend":"additive"},{"name":"500337_light_bg18","bone":"500337_light_bg18","attachment":"500337_light_bg","blend":"additive"},{"name":"500337_light_bg17","bone":"500337_light_bg17","attachment":"500337_light_bg","blend":"additive"},{"name":"500337_light_bg14","bone":"500337_light7","attachment":"500337_light_bg","blend":"additive"},{"name":"500337_light7","bone":"500337_light7","attachment":"500337_light"}],"skins":{"default":{"500337_light":{"500337_light":{"x":0.34,"y":-0.38,"width":17,"height":17}},"500337_light2":{"500337_light":{"x":0.34,"y":-0.38,"width":17,"height":17}},"500337_light3":{"500337_light":{"x":0.34,"y":-0.38,"width":17,"height":17}},"500337_light4":{"500337_light":{"x":0.34,"y":-0.38,"width":17,"height":17}},"500337_light5":{"500337_light":{"x":0.34,"y":-0.38,"width":17,"height":17}},"500337_light6":{"500337_light":{"x":0.34,"y":-0.38,"width":17,"height":17}},"500337_light7":{"500337_light":{"x":-0.43,"y":-0.43,"width":17,"height":17}},"500337_light_bg":{"500337_light_bg":{"x":0.58,"y":-0.94,"width":49,"height":49}},"500337_light_bg10":{"500337_light_bg":{"x":0.05,"y":0.45,"scaleX":0.185,"scaleY":0.185,"width":49,"height":49}},"500337_light_bg11":{"500337_light_bg":{"x":0.05,"y":0.45,"scaleX":0.185,"scaleY":0.185,"width":49,"height":49}},"500337_light_bg12":{"500337_light_bg":{"x":0.05,"y":0.45,"scaleX":0.185,"scaleY":0.185,"width":49,"height":49}},"500337_light_bg13":{"500337_light_bg":{"x":0.05,"y":0.45,"scaleX":0.185,"scaleY":0.185,"width":49,"height":49}},"500337_light_bg14":{"500337_light_bg":{"x":0.46,"y":-0.86,"width":49,"height":49}},"500337_light_bg15":{"500337_light_bg":{"x":0.05,"y":0.45,"scaleX":0.185,"scaleY":0.185,"width":49,"height":49}},"500337_light_bg16":{"500337_light_bg":{"x":0.05,"y":0.45,"scaleX":0.185,"scaleY":0.185,"width":49,"height":49}},"500337_light_bg17":{"500337_light_bg":{"x":0.05,"y":0.45,"scaleX":0.185,"scaleY":0.185,"width":49,"height":49}},"500337_light_bg18":{"500337_light_bg":{"x":0.05,"y":0.45,"scaleX":0.185,"scaleY":0.185,"width":49,"height":49}},"500337_light_bg19":{"500337_light_bg":{"x":0.05,"y":0.45,"scaleX":0.185,"scaleY":0.185,"width":49,"height":49}},"500337_light_bg2":{"500337_light_bg":{"x":0.58,"y":-0.94,"width":49,"height":49}},"500337_light_bg20":{"500337_light_bg":{"x":0.05,"y":0.45,"scaleX":0.185,"scaleY":0.185,"width":49,"height":49}},"500337_light_bg21":{"500337_light_bg":{"x":0.05,"y":0.45,"scaleX":0.185,"scaleY":0.185,"width":49,"height":49}},"500337_light_bg22":{"500337_light_bg":{"x":0.05,"y":0.45,"scaleX":0.185,"scaleY":0.185,"width":49,"height":49}},"500337_light_bg23":{"500337_light_bg":{"x":0.05,"y":0.45,"scaleX":0.185,"scaleY":0.185,"width":49,"height":49}},"500337_light_bg24":{"500337_light_bg":{"x":0.05,"y":0.45,"scaleX":0.185,"scaleY":0.185,"width":49,"height":49}},"500337_light_bg25":{"500337_light_bg":{"x":0.05,"y":0.45,"scaleX":0.185,"scaleY":0.185,"width":49,"height":49}},"500337_light_bg26":{"500337_light_bg":{"x":0.05,"y":0.45,"scaleX":0.185,"scaleY":0.185,"width":49,"height":49}},"500337_light_bg27":{"500337_light_bg":{"x":0.05,"y":0.45,"scaleX":0.185,"scaleY":0.185,"width":49,"height":49}},"500337_light_bg28":{"500337_light_bg":{"x":0.05,"y":0.45,"scaleX":0.185,"scaleY":0.185,"width":49,"height":49}},"500337_light_bg29":{"500337_light_bg":{"x":0.05,"y":0.45,"scaleX":0.185,"scaleY":0.185,"width":49,"height":49}},"500337_light_bg3":{"500337_light_bg":{"x":0.58,"y":-0.94,"width":49,"height":49}},"500337_light_bg30":{"500337_light_bg":{"x":0.05,"y":0.45,"scaleX":0.185,"scaleY":0.185,"width":49,"height":49}},"500337_light_bg31":{"500337_light_bg":{"x":0.05,"y":0.45,"scaleX":0.185,"scaleY":0.185,"width":49,"height":49}},"500337_light_bg32":{"500337_light_bg":{"x":0.05,"y":0.45,"scaleX":0.185,"scaleY":0.185,"width":49,"height":49}},"500337_light_bg33":{"500337_light_bg":{"x":0.05,"y":0.45,"scaleX":0.185,"scaleY":0.185,"width":49,"height":49}},"500337_light_bg34":{"500337_light_bg":{"x":0.05,"y":0.45,"scaleX":0.185,"scaleY":0.185,"width":49,"height":49}},"500337_light_bg35":{"500337_light_bg":{"x":0.05,"y":0.45,"scaleX":0.185,"scaleY":0.185,"width":49,"height":49}},"500337_light_bg36":{"500337_light_bg":{"x":0.05,"y":0.45,"scaleX":0.185,"scaleY":0.185,"width":49,"height":49}},"500337_light_bg4":{"500337_light_bg":{"x":0.58,"y":-0.94,"width":49,"height":49}},"500337_light_bg5":{"500337_light_bg":{"x":0.58,"y":-0.94,"width":49,"height":49}},"500337_light_bg6":{"500337_light_bg":{"x":0.58,"y":-0.94,"width":49,"height":49}},"500337_light_bg7":{"500337_light_bg":{"x":0.05,"y":0.45,"scaleX":0.185,"scaleY":0.185,"width":49,"height":49}},"500337_light_bg8":{"500337_light_bg":{"x":0.05,"y":0.45,"scaleX":0.185,"scaleY":0.185,"width":49,"height":49}},"500337_light_bg9":{"500337_light_bg":{"x":0.05,"y":0.45,"scaleX":0.185,"scaleY":0.185,"width":49,"height":49}},"avator_frame_500337":{"avator_frame_500337":{"width":210,"height":210}}}},"animations":{"500337_1":{"slots":{"500337_light":{"color":[{"time":0,"color":"ffffffdc"},{"time":1.2667,"color":"ffffff6c"},{"time":2.9667,"color":"ffffffff"},{"time":3.3333,"color":"ffffffdc"}]},"500337_light3":{"color":[{"time":0,"color":"ffffff9f"},{"time":0.2667,"color":"ffffff8c"},{"time":1.9667,"color":"ffffffff"},{"time":2.4667,"color":"ffffffdc"},{"time":3.3333,"color":"ffffff9f"}]},"500337_light4":{"color":[{"time":0,"color":"ffffffce"},{"time":1.1667,"color":"ffffff5d"},{"time":2.8333,"color":"ffffffff"},{"time":3.3333,"color":"ffffffce"}]},"500337_light5":{"color":[{"time":0,"color":"ffffffc9","curve":[0.351,0.4,0.756,1]},{"time":1.1,"color":"ffffff44","curve":[0.25,0,0.75,1]},{"time":2.8,"color":"ffffffff"},{"time":3.3333,"color":"ffffffc9"}]},"500337_light6":{"color":[{"time":0,"color":"fffffff8"},{"time":1.6,"color":"ffffff41"},{"time":2.5667,"color":"ffffffac"},{"time":3.3,"color":"ffffffff"},{"time":3.3333,"color":"fffffff8"}]},"500337_light_bg":{"color":[{"time":0,"color":"ffffffff"},{"time":1.6667,"color":"ffffff3d"},{"time":3.3333,"color":"ffffffff"}]},"500337_light_bg3":{"color":[{"time":0,"color":"ffffff99"},{"time":0.7667,"color":"ffffff41"},{"time":2.4667,"color":"ffffffff"},{"time":3.3333,"color":"ffffff99"}]},"500337_light_bg4":{"color":[{"time":0,"color":"ffffff7d"},{"time":0.5,"color":"ffffff45"},{"time":2.1667,"color":"ffffffff"},{"time":2.6667,"color":"ffffffc7"},{"time":3.3333,"color":"ffffff7d"}]},"500337_light_bg5":{"color":[{"time":0,"color":"ffffffc9","curve":[0.351,0.4,0.756,1]},{"time":1.1,"color":"ffffff44","curve":[0.25,0,0.75,1]},{"time":2.8,"color":"ffffffff","curve":[0.264,0,0.617,0.42]},{"time":3.3333,"color":"ffffffc9"}]},"500337_light_bg6":{"color":[{"time":0,"color":"ffffffac"},{"time":0.7333,"color":"ffffffff"},{"time":2.4,"color":"ffffff41"},{"time":3.3333,"color":"ffffffac"}]},"500337_light_bg7":{"color":[{"time":0,"color":"ffffff78","curve":[0.376,0.5,0.748,1]},{"time":0.8,"color":"ffffff00","curve":[0.25,0,0.75,1]},{"time":2.4667,"color":"ffffffff","curve":[0.248,0,0.626,0.51]},{"time":3.3333,"color":"ffffff78"}]},"500337_light_bg8":{"color":[{"time":0,"color":"ffffff8c","curve":[0.37,0.47,0.752,1]},{"time":0.9,"color":"ffffff00"},{"time":2.5667,"color":"ffffffff","curve":[0.252,0,0.621,0.48]},{"time":3.3333,"color":"ffffff8c"}]},"500337_light_bg9":{"color":[{"time":0,"color":"ffffff05","curve":[0.35,0.65,0.684,1]},{"time":0.1,"color":"ffffff00","curve":[0.25,0,0.75,1]},{"time":1.7667,"color":"ffffffff","curve":[0.246,0,0.725,0.89]},{"time":3.3333,"color":"ffffff05"}]},"500337_light_bg10":{"color":[{"time":0,"color":"ffffff0e","curve":[0.363,0.63,0.699,1]},{"time":0.2,"color":"ffffff00"},{"time":1.8667,"color":"ffffffff","curve":[0.244,0,0.703,0.8]},{"time":3.3333,"color":"ffffff0e"}]},"500337_light_bg11":{"color":[{"time":0,"color":"ffffff1b","curve":[0.372,0.62,0.712,1]},{"time":0.3,"color":"ffffff00","curve":[0.25,0,0.75,1]},{"time":1.9667,"color":"ffffffff","curve":[0.243,0,0.685,0.73]},{"time":3.3333,"color":"ffffff1b"}]},"500337_light_bg12":{"color":[{"time":0,"color":"ffffff2c","curve":[0.378,0.6,0.722,1]},{"time":0.4,"color":"ffffff00","curve":[0.25,0,0.75,1]},{"time":2.0667,"color":"ffffffff","curve":[0.242,0,0.669,0.67]},{"time":3.3333,"color":"ffffff2c"}]},"500337_light_bg13":{"color":[{"time":0,"color":"ffffff3d","curve":[0.381,0.58,0.731,1]},{"time":0.5,"color":"ffffff00"},{"time":2.1667,"color":"ffffffff","curve":[0.242,0,0.655,0.62]},{"time":3.3333,"color":"ffffff3d"}]},"500337_light_bg15":{"color":[{"time":0,"color":"ffffff50","curve":[0.382,0.56,0.738,1]},{"time":0.6,"color":"ffffff00"},{"time":2.2667,"color":"ffffffff","curve":[0.243,0,0.643,0.58]},{"time":3.3333,"color":"ffffff50"}]},"500337_light_bg16":{"color":[{"time":0,"color":"ffffff64","curve":[0.38,0.53,0.744,1]},{"time":0.7,"color":"ffffff00"},{"time":2.3667,"color":"ffffffff","curve":[0.245,0,0.634,0.54]},{"time":3.3333,"color":"ffffff64"}]},"500337_light_bg17":{"color":[{"time":0,"color":"ffffff00","curve":[0.25,0,0.75,1]},{"time":1.6667,"color":"ffffffff","curve":[0.25,0,0.75,1]},{"time":3.3333,"color":"ffffff00"}]},"500337_light_bg18":{"color":[{"time":0,"color":"ffffff6b","curve":[0.368,0.46,0.753,1]},{"time":0.9333,"color":"ffffffff","curve":[0.25,0,0.75,1]},{"time":2.6,"color":"ffffff00","curve":[0.254,0,0.62,0.47]},{"time":3.3333,"color":"ffffff6b"}]},"500337_light_bg19":{"color":[{"time":0,"color":"ffffff7f","curve":[0.375,0.5,0.75,1]},{"time":0.8333,"color":"ffffffff","curve":[0.25,0,0.75,1]},{"time":2.5,"color":"ffffff00"},{"time":3.3333,"color":"ffffff7f"}]},"500337_light_bg20":{"color":[{"time":0,"color":"ffffff93","curve":[0.379,0.52,0.745,1]},{"time":0.7333,"color":"ffffffff","curve":[0.25,0,0.75,1]},{"time":2.4,"color":"ffffff00"},{"time":3.3333,"color":"ffffff93"}]},"500337_light_bg21":{"color":[{"time":0,"color":"ffffffa7","curve":[0.382,0.55,0.74,1]},{"time":0.6333,"color":"ffffffff","curve":[0.25,0,0.75,1]},{"time":2.3,"color":"ffffff00","curve":[0.244,0,0.64,0.56]},{"time":3.3333,"color":"ffffffa7"}]},"500337_light_bg22":{"color":[{"time":0,"color":"ffffffba","curve":[0.382,0.57,0.733,1]},{"time":0.5333,"color":"ffffffff","curve":[0.25,0,0.75,1]},{"time":2.2,"color":"ffffff00"},{"time":3.3333,"color":"ffffffba"}]},"500337_light_bg23":{"color":[{"time":0,"color":"ffffffcd","curve":[0.379,0.59,0.725,1]},{"time":0.4333,"color":"ffffffff","curve":[0.25,0,0.75,1]},{"time":2.1,"color":"ffffff00"},{"time":3.3333,"color":"ffffffcd"}]},"500337_light_bg24":{"color":[{"time":0,"color":"fffffff0","curve":[0.296,0.19,0.755,1]},{"time":1.4667,"color":"ffffff00"},{"time":3.1333,"color":"ffffffff","curve":[0.3,0,0.636,0.36]},{"time":3.3333,"color":"fffffff0"}]},"500337_light_bg25":{"color":[{"time":0,"color":"ffffffdd","curve":[0.374,0.61,0.715,1]},{"time":0.3333,"color":"ffffffff","curve":[0.25,0,0.75,1]},{"time":2,"color":"ffffff00"},{"time":3.3333,"color":"ffffffdd"}]},"500337_light_bg26":{"color":[{"time":0,"color":"ffffffeb","curve":[0.367,0.63,0.704,1]},{"time":0.2333,"color":"ffffffff","curve":[0.25,0,0.75,1]},{"time":1.9,"color":"ffffff00","curve":[0.243,0,0.697,0.78]},{"time":3.3333,"color":"ffffffeb"}]},"500337_light_bg27":{"color":[{"time":0,"color":"fffffff9","curve":[0.35,0.65,0.684,1]},{"time":0.1,"color":"ffffffff","curve":[0.25,0,0.75,1]},{"time":1.7667,"color":"ffffff00","curve":[0.246,0,0.725,0.89]},{"time":3.3333,"color":"fffffff9"}]},"500337_light_bg28":{"color":[{"time":0,"color":"ffffffff","curve":[0.25,0,0.75,1]},{"time":1.6667,"color":"ffffff00","curve":[0.25,0,0.75,1]},{"time":3.3333,"color":"ffffffff"}]},"500337_light_bg29":{"color":[{"time":0,"color":"fffffff9","curve":[0.274,0.1,0.753,1]},{"time":1.5667,"color":"ffffff00","curve":[0.25,0,0.75,1]},{"time":3.2333,"color":"ffffffff","curve":[0.315,0,0.649,0.34]},{"time":3.3333,"color":"fffffff9"}]},"500337_light_bg30":{"color":[{"time":0,"color":"ffffffdd","curve":[0.32,0.28,0.757,1]},{"time":1.3333,"color":"ffffff00","curve":[0.25,0,0.75,1]},{"time":3,"color":"ffffffff","curve":[0.284,0,0.625,0.38]},{"time":3.3333,"color":"ffffffdd"}]},"500337_light_bg31":{"color":[{"time":0,"color":"ffffffc7","curve":[0.34,0.35,0.757,1]},{"time":1.2,"color":"ffffff00","curve":[0.25,0,0.75,1]},{"time":2.8667,"color":"ffffffff","curve":[0.271,0,0.619,0.4]},{"time":3.3333,"color":"ffffffc7"}]},"500337_light_bg32":{"color":[{"time":0,"color":"ffffffb4","curve":[0.352,0.4,0.756,1]},{"time":1.1,"color":"ffffff00"},{"time":2.7667,"color":"ffffffff","curve":[0.263,0,0.617,0.43]},{"time":3.3333,"color":"ffffffb4"}]},"500337_light_bg33":{"color":[{"time":0,"color":"ffffffa1","curve":[0.362,0.44,0.754,1]},{"time":1,"color":"ffffff00"},{"time":2.6667,"color":"ffffffff","curve":[0.257,0,0.618,0.45]},{"time":3.3333,"color":"ffffffa1"}]}},"bones":{"500337_light":{"translate":[{"time":0,"x":0,"y":0,"curve":"stepped"},{"time":3.3333,"x":0,"y":0}],"scale":[{"time":0,"x":1,"y":1,"curve":"stepped"},{"time":3.3333,"x":1,"y":1}]},"500337_light3":{"translate":[{"time":0,"x":0,"y":0,"curve":"stepped"},{"time":3.3333,"x":0,"y":0}],"scale":[{"time":0,"x":1,"y":1,"curve":"stepped"},{"time":3.3333,"x":1,"y":1}]},"500337_light4":{"translate":[{"time":0,"x":0,"y":0,"curve":"stepped"},{"time":3.3333,"x":0,"y":0}],"scale":[{"time":0,"x":1,"y":1,"curve":"stepped"},{"time":3.3333,"x":1,"y":1}]},"500337_light5":{"translate":[{"time":0,"x":0,"y":0,"curve":"stepped"},{"time":3.3333,"x":0,"y":0}],"scale":[{"time":0,"x":1,"y":1,"curve":"stepped"},{"time":3.3333,"x":1,"y":1}]},"500337_light6":{"translate":[{"time":0,"x":0,"y":0,"curve":"stepped"},{"time":3.3333,"x":0,"y":0}],"scale":[{"time":0,"x":1,"y":1,"curve":"stepped"},{"time":3.3333,"x":1,"y":1}]},"500337_light_bg":{"translate":[{"time":0,"x":0,"y":0,"curve":"stepped"},{"time":3.3333,"x":0,"y":0}],"scale":[{"time":0,"x":1,"y":1,"curve":"stepped"},{"time":3.3333,"x":1,"y":1}]},"500337_light_bg3":{"translate":[{"time":0,"x":0,"y":0,"curve":"stepped"},{"time":3.3333,"x":0,"y":0}],"scale":[{"time":0,"x":1,"y":1,"curve":"stepped"},{"time":3.3333,"x":1,"y":1}]},"500337_light_bg4":{"translate":[{"time":0,"x":0,"y":0,"curve":"stepped"},{"time":3.3333,"x":0,"y":0}],"scale":[{"time":0,"x":1,"y":1,"curve":"stepped"},{"time":3.3333,"x":1,"y":1}]},"500337_light_bg5":{"translate":[{"time":0,"x":0,"y":0,"curve":"stepped"},{"time":3.3333,"x":0,"y":0}],"scale":[{"time":0,"x":1,"y":1,"curve":"stepped"},{"time":3.3333,"x":1,"y":1}]},"500337_light_bg6":{"translate":[{"time":0,"x":0,"y":0,"curve":"stepped"},{"time":3.3333,"x":0,"y":0}],"scale":[{"time":0,"x":1,"y":1,"curve":"stepped"},{"time":3.3333,"x":1,"y":1}]},"500337_light_bg7":{"translate":[{"time":0,"x":1.86,"y":-1.27},{"time":0.8,"x":0,"y":0},{"time":3.3333,"x":1.86,"y":-1.27}],"scale":[{"time":0,"x":0.473,"y":0.473,"curve":[0.376,0.5,0.748,1]},{"time":0.8,"x":0,"y":0,"curve":[0.25,0,0.75,1]},{"time":2.4667,"x":1,"y":1,"curve":[0.248,0,0.626,0.51]},{"time":3.3333,"x":0.473,"y":0.473}]},"500337_light_bg8":{"translate":[{"time":0,"x":2.58,"y":-2.12},{"time":0.9,"x":3.53,"y":-2.91},{"time":3.3333,"x":2.58,"y":-2.12}],"scale":[{"time":0,"x":0.552,"y":0.552,"curve":[0.37,0.47,0.752,1]},{"time":0.9,"x":0,"y":0},{"time":2.5667,"x":1,"y":1,"curve":[0.252,0,0.621,0.48]},{"time":3.3333,"x":0.552,"y":0.552}]},"500337_light_bg9":{"translate":[{"time":0,"x":0,"y":0,"curve":"stepped"},{"time":0.1,"x":0,"y":0},{"time":3.3333,"x":0.9,"y":-3.35}],"scale":[{"time":0,"x":0.02,"y":0.02,"curve":[0.35,0.65,0.684,1]},{"time":0.1,"x":0,"y":0},{"time":1.7667,"x":1,"y":1,"curve":[0.246,0,0.725,0.89]},{"time":3.3333,"x":0.02,"y":0.02}]},"500337_light_bg10":{"translate":[{"time":0,"x":1.54,"y":-2.06},{"time":0.2,"x":0,"y":0},{"time":3.3333,"x":1.45,"y":-1.94}],"scale":[{"time":0,"x":0.058,"y":0.058,"curve":[0.363,0.63,0.699,1]},{"time":0.2,"x":0,"y":0},{"time":1.8667,"x":1,"y":1,"curve":[0.244,0,0.703,0.8]},{"time":3.3333,"x":0.058,"y":0.058}]},"500337_light_bg11":{"translate":[{"time":0,"x":1.67,"y":-2.32},{"time":0.3,"x":0,"y":0},{"time":3.3333,"x":1.52,"y":-2.11}],"scale":[{"time":0,"x":0.108,"y":0.108,"curve":[0.372,0.62,0.712,1]},{"time":0.3,"x":0,"y":0,"curve":[0.25,0,0.75,1]},{"time":1.9667,"x":1,"y":1,"curve":[0.243,0,0.685,0.73]},{"time":3.3333,"x":0.108,"y":0.108}]},"500337_light_bg12":{"translate":[{"time":0,"x":1.54,"y":1.03},{"time":0.4,"x":0,"y":0},{"time":3.3333,"x":1.36,"y":0.9}],"scale":[{"time":0,"x":0.173,"y":0.173,"curve":[0.378,0.6,0.722,1]},{"time":0.4,"x":0,"y":0,"curve":[0.25,0,0.75,1]},{"time":2.0667,"x":1,"y":1,"curve":[0.242,0,0.669,0.67]},{"time":3.3333,"x":0.173,"y":0.173}]},"500337_light_bg13":{"translate":[{"time":0,"x":-0.12,"y":-2.32},{"time":0.5,"x":0,"y":0},{"time":3.3333,"x":-0.1,"y":-1.97}],"scale":[{"time":0,"x":0.242,"y":0.242,"curve":[0.381,0.58,0.731,1]},{"time":0.5,"x":0,"y":0,"curve":[0.25,0,0.75,1]},{"time":2.1667,"x":1,"y":1,"curve":[0.242,0,0.655,0.62]},{"time":3.3333,"x":0.242,"y":0.242}]},"500337_light_bg15":{"translate":[{"time":0,"x":0.25,"y":-1.03},{"time":0.6,"x":0,"y":0},{"time":3.3333,"x":0.21,"y":-0.84}],"scale":[{"time":0,"x":0.317,"y":0.317,"curve":[0.382,0.56,0.738,1]},{"time":0.6,"x":0,"y":0,"curve":[0.25,0,0.75,1]},{"time":2.2667,"x":1,"y":1,"curve":[0.243,0,0.643,0.58]},{"time":3.3333,"x":0.317,"y":0.317}]},"500337_light_bg16":{"translate":[{"time":0,"x":0.81,"y":-0.81},{"time":0.7,"x":0,"y":0},{"time":3.3333,"x":0.81,"y":-0.81}],"scale":[{"time":0,"x":0.394,"y":0.394,"curve":[0.38,0.53,0.744,1]},{"time":0.7,"x":0,"y":0,"curve":[0.25,0,0.75,1]},{"time":2.3667,"x":1,"y":1,"curve":[0.245,0,0.634,0.54]},{"time":3.3333,"x":0.394,"y":0.394}]},"500337_light_bg17":{"translate":[{"time":0,"x":0,"y":0.99},{"time":3.3333,"x":-1.78,"y":5.91}],"scale":[{"time":0,"x":0,"y":0,"curve":[0.25,0,0.75,1]},{"time":1.6667,"x":1,"y":1,"curve":[0.25,0,0.75,1]},{"time":3.3333,"x":0,"y":0}]},"500337_light_bg18":{"translate":[{"time":0,"x":0,"y":0.64},{"time":2.5667,"x":0,"y":2.91},{"time":2.6,"x":0,"y":0},{"time":3.3333,"x":0,"y":0.64}],"scale":[{"time":0,"x":0.42,"y":0.42,"curve":[0.368,0.46,0.753,1]},{"time":0.9333,"x":1,"y":1,"curve":[0.25,0,0.75,1]},{"time":2.6,"x":0,"y":0,"curve":[0.254,0,0.62,0.47]},{"time":3.3333,"x":0.42,"y":0.42}]},"500337_light_bg19":{"translate":[{"time":0,"x":0.47,"y":-0.47},{"time":2.4667,"x":1.87,"y":-1.87},{"time":2.5,"x":0,"y":0},{"time":3.3333,"x":0.47,"y":-0.47}],"scale":[{"time":0,"x":0.5,"y":0.5,"curve":[0.375,0.5,0.75,1]},{"time":0.8333,"x":1,"y":1,"curve":[0.25,0,0.75,1]},{"time":2.5,"x":0,"y":0,"curve":[0.25,0,0.625,0.5]},{"time":3.3333,"x":0.5,"y":0.5}]},"500337_light_bg20":{"translate":[{"time":0,"x":0,"y":0.52},{"time":2.3667,"x":0,"y":1.87},{"time":2.4,"x":0,"y":0},{"time":3.3333,"x":0,"y":0.52}],"scale":[{"time":0,"x":0.579,"y":0.579,"curve":[0.379,0.52,0.745,1]},{"time":0.7333,"x":1,"y":1,"curve":[0.25,0,0.75,1]},{"time":2.4,"x":0,"y":0,"curve":[0.246,0,0.631,0.53]},{"time":3.3333,"x":0.579,"y":0.579}]},"500337_light_bg21":{"translate":[{"time":0,"x":0.26,"y":-0.58},{"time":2.2667,"x":0.83,"y":-1.87},{"time":2.3,"x":0,"y":0},{"time":3.3333,"x":0.26,"y":-0.58}],"scale":[{"time":0,"x":0.657,"y":0.657,"curve":[0.382,0.55,0.74,1]},{"time":0.6333,"x":1,"y":1,"curve":[0.25,0,0.75,1]},{"time":2.3,"x":0,"y":0,"curve":[0.244,0,0.64,0.56]},{"time":3.3333,"x":0.657,"y":0.657}]},"500337_light_bg22":{"translate":[{"time":0,"x":0.78,"y":-0.28},{"time":2.1667,"x":2.28,"y":-0.83},{"time":2.2,"x":0,"y":0},{"time":3.3333,"x":0.78,"y":-0.28}],"scale":[{"time":0,"x":0.732,"y":0.732,"curve":[0.382,0.57,0.733,1]},{"time":0.5333,"x":1,"y":1,"curve":[0.25,0,0.75,1]},{"time":2.2,"x":0,"y":0},{"time":3.3333,"x":0.732,"y":0.732}]},"500337_light_bg23":{"translate":[{"time":0,"x":-0.54,"y":0},{"time":2.0667,"x":-1.45,"y":0},{"time":2.1,"x":0,"y":0},{"time":3.3333,"x":-0.54,"y":0}],"scale":[{"time":0,"x":0.804,"y":0.804,"curve":[0.379,0.59,0.725,1]},{"time":0.4333,"x":1,"y":1,"curve":[0.25,0,0.75,1]},{"time":2.1,"x":0,"y":0},{"time":3.3333,"x":0.804,"y":0.804}]},"500337_light_bg24":{"translate":[{"time":0,"x":-0.7,"y":-1.41},{"time":1.4333,"x":-1.24,"y":-2.49},{"time":1.4667,"x":0,"y":0},{"time":3.3333,"x":-0.7,"y":-1.41}],"scale":[{"time":0,"x":0.941,"y":0.941,"curve":[0.296,0.19,0.755,1]},{"time":1.4667,"x":0,"y":0,"curve":[0.25,0,0.75,1]},{"time":3.1333,"x":1,"y":1,"curve":[0.3,0,0.636,0.36]},{"time":3.3333,"x":0.941,"y":0.941}]},"500337_light_bg25":{"translate":[{"time":0,"x":-0.75,"y":-0.67},{"time":1.9667,"x":-1.87,"y":-1.66},{"time":2,"x":0,"y":0},{"time":3.3333,"x":-0.75,"y":-0.67}],"scale":[{"time":0,"x":0.869,"y":0.869,"curve":[0.374,0.61,0.715,1]},{"time":0.3333,"x":1,"y":1,"curve":[0.25,0,0.75,1]},{"time":2,"x":0,"y":0},{"time":3.3333,"x":0.869,"y":0.869}]},"500337_light_bg26":{"translate":[{"time":0,"x":-1.08,"y":-0.18},{"time":1.8667,"x":-2.49,"y":-0.41},{"time":1.9,"x":0,"y":0},{"time":3.3333,"x":-1.08,"y":-0.18}],"scale":[{"time":0,"x":0.925,"y":0.925,"curve":[0.367,0.63,0.704,1]},{"time":0.2333,"x":1,"y":1,"curve":[0.25,0,0.75,1]},{"time":1.9,"x":0,"y":0,"curve":[0.243,0,0.697,0.78]},{"time":3.3333,"x":0.925,"y":0.925}]},"500337_light_bg27":{"translate":[{"time":0,"x":-1.08,"y":-0.09},{"time":1.7333,"x":-2.28,"y":-0.2},{"time":1.7667,"x":0,"y":0},{"time":3.3333,"x":-1.08,"y":-0.09}],"scale":[{"time":0,"x":0.979,"y":0.979,"curve":[0.35,0.65,0.684,1]},{"time":0.1,"x":1,"y":1,"curve":[0.25,0,0.75,1]},{"time":1.7667,"x":0,"y":0,"curve":[0.246,0,0.725,0.89]},{"time":3.3333,"x":0.979,"y":0.979}]},"500337_light_bg28":{"translate":[{"time":0,"x":0.94,"y":0.42},{"time":1.6333,"x":1.87,"y":0.83},{"time":1.6667,"x":0,"y":0},{"time":3.3333,"x":0.94,"y":0.42}],"scale":[{"time":0,"x":1,"y":1,"curve":[0.25,0,0.75,1]},{"time":1.6667,"x":0,"y":0,"curve":[0.25,0,0.75,1]},{"time":3.3333,"x":1,"y":1}]},"500337_light_bg29":{"translate":[{"time":0,"x":1,"y":0.33},{"time":1.5333,"x":1.87,"y":0.62},{"time":1.5667,"x":0,"y":0},{"time":3.3333,"x":1,"y":0.33}],"scale":[{"time":0,"x":0.979,"y":0.979,"curve":[0.274,0.1,0.753,1]},{"time":1.5667,"x":0,"y":0},{"time":3.2333,"x":1,"y":1,"curve":[0.315,0,0.649,0.34]},{"time":3.3333,"x":0.979,"y":0.979}]},"500337_light_bg30":{"translate":[{"time":0,"x":0,"y":-1.51},{"time":1.3,"x":0,"y":-2.49},{"time":1.3333,"x":0,"y":0},{"time":3.3333,"x":0,"y":-1.51}],"scale":[{"time":0,"x":0.869,"y":0.869,"curve":[0.32,0.28,0.757,1]},{"time":1.3333,"x":0,"y":0},{"time":3,"x":1,"y":1,"curve":[0.284,0,0.625,0.38]},{"time":3.3333,"x":0.869,"y":0.869}]},"500337_light_bg31":{"translate":[{"time":0,"x":1.2,"y":-1.2},{"time":1.1667,"x":1.87,"y":-1.87},{"time":1.2,"x":0,"y":0},{"time":3.3333,"x":1.2,"y":-1.2}],"scale":[{"time":0,"x":0.782,"y":0.782,"curve":[0.34,0.35,0.757,1]},{"time":1.2,"x":0,"y":0},{"time":2.8667,"x":1,"y":1,"curve":[0.271,0,0.619,0.4]},{"time":3.3333,"x":0.782,"y":0.782}]},"500337_light_bg32":{"translate":[{"time":0,"x":-0.42,"y":1.12},{"time":1.0667,"x":-0.62,"y":1.66},{"time":1.1,"x":0,"y":0},{"time":3.3333,"x":-0.42,"y":1.12}],"scale":[{"time":0,"x":0.707,"y":0.707,"curve":[0.352,0.4,0.756,1]},{"time":1.1,"x":0,"y":0,"curve":[0.25,0,0.75,1]},{"time":2.7667,"x":1,"y":1,"curve":[0.263,0,0.617,0.43]},{"time":3.3333,"x":0.707,"y":0.707}]},"500337_light_bg33":{"translate":[{"time":0,"x":1.89,"y":-0.87},{"time":0.9667,"x":2.7,"y":-1.24},{"time":1,"x":0,"y":0},{"time":3.3333,"x":1.89,"y":-0.87}],"scale":[{"time":0,"x":0.632,"y":0.632,"curve":[0.362,0.44,0.754,1]},{"time":1,"x":0,"y":0},{"time":2.6667,"x":1,"y":1,"curve":[0.257,0,0.618,0.45]},{"time":3.3333,"x":0.632,"y":0.632}]},"500337_light7":{"translate":[{"time":0,"x":-38.57,"y":-212.08},{"time":0.0667,"x":-35.01,"y":-206.61},{"time":0.2,"x":-37.68,"y":-195.17},{"time":0.3333,"x":-41.76,"y":-182.17},{"time":0.4667,"x":-42.54,"y":-168.74},{"time":0.5667,"x":-39.17,"y":-155.54},{"time":0.7,"x":-28.18,"y":-144.52},{"time":0.8333,"x":-16.56,"y":-138.59},{"time":0.9667,"x":-1.42,"y":-139.08},{"time":1.1,"x":14.52,"y":-146.77},{"time":1.2333,"x":28.4,"y":-159.99},{"time":1.3333,"x":37.83,"y":-172.97},{"time":1.4667,"x":46.58,"y":-187.41},{"time":1.6,"x":52.91,"y":-202.91},{"time":1.7333,"x":58,"y":-219.24},{"time":1.8667,"x":63.99,"y":-235.32},{"time":2,"x":49.49,"y":-239.61},{"time":2.1,"x":34.81,"y":-247.17},{"time":2.2333,"x":23.43,"y":-254.3},{"time":2.3667,"x":7.58,"y":-261.79},{"time":2.5,"x":-5.54,"y":-268.24},{"time":2.6333,"x":-20.2,"y":-269.85},{"time":2.7667,"x":-33.17,"y":-267.68},{"time":2.8667,"x":-43.6,"y":-256.72},{"time":3,"x":-50.62,"y":-243.27},{"time":3.1333,"x":-48.95,"y":-228.48},{"time":3.2667,"x":-42.13,"y":-217.54},{"time":3.3333,"x":-38.57,"y":-212.08}],"scale":[{"time":0,"x":1,"y":1},{"time":0.3333,"x":0.583,"y":0.583},{"time":0.6667,"x":1,"y":1},{"time":1,"x":0.583,"y":0.583},{"time":1.3333,"x":1,"y":1},{"time":1.6667,"x":0.583,"y":0.583},{"time":2,"x":1,"y":1},{"time":2.3333,"x":0.583,"y":0.583},{"time":2.6667,"x":1,"y":1},{"time":3,"x":0.583,"y":0.583},{"time":3.3333,"x":1,"y":1}]},"500337_light_bg35":{"translate":[{"time":0,"x":-38.39,"y":-175.49},{"time":0.4667,"x":-36.1,"y":-187.27,"curve":"stepped"},{"time":0.5,"x":-43.81,"y":-121.2},{"time":1,"x":-46.14,"y":-108.16,"curve":"stepped"},{"time":1.0333,"x":1.89,"y":-103.93},{"time":1.5333,"x":14.7,"y":-112.61,"curve":"stepped"},{"time":3.3333,"x":14.7,"y":-112.61}],"scale":[{"time":0,"x":1,"y":1},{"time":0.4667,"x":0,"y":0,"curve":"stepped"},{"time":0.5,"x":1,"y":1},{"time":1,"x":0,"y":0,"curve":"stepped"},{"time":1.0333,"x":1,"y":1},{"time":1.5333,"x":0,"y":0,"curve":"stepped"},{"time":3.3333,"x":0,"y":0}]},"500337_light_bg34":{"translate":[{"time":0,"x":-34.49,"y":-163.66},{"time":0.5,"x":-38.28,"y":-166.38,"curve":"stepped"},{"time":0.5333,"x":-25.77,"y":-110.48},{"time":1.0333,"x":-17.98,"y":-106.95,"curve":"stepped"},{"time":1.0667,"x":14.3,"y":-112.23},{"time":1.5667,"x":53.45,"y":-164.59,"curve":"stepped"},{"time":1.6,"x":56.91,"y":-170.33},{"time":2.0333,"x":63.69,"y":-186.3,"curve":"stepped"},{"time":2.0667,"x":41.44,"y":-213},{"time":2.5333,"x":19.66,"y":-213.02,"curve":"stepped"},{"time":2.5667,"x":-8.96,"y":-235.96},{"time":2.9333,"x":-18.84,"y":-240.64,"curve":"stepped"},{"time":2.9667,"x":-46.93,"y":-212.57},{"time":3.3333,"x":-48.72,"y":-203.86}],"scale":[{"time":0,"x":1,"y":1},{"time":0.5,"x":0,"y":0,"curve":"stepped"},{"time":0.5333,"x":1,"y":1},{"time":1.0333,"x":0,"y":0,"curve":"stepped"},{"time":1.0667,"x":1,"y":1},{"time":1.5667,"x":0,"y":0,"curve":"stepped"},{"time":1.6,"x":1,"y":1},{"time":2.0333,"x":0,"y":0,"curve":"stepped"},{"time":2.0667,"x":1,"y":1},{"time":2.5333,"x":0,"y":0,"curve":"stepped"},{"time":2.5667,"x":1,"y":1},{"time":2.9333,"x":0,"y":0,"curve":"stepped"},{"time":2.9667,"x":1,"y":1},{"time":3.3333,"x":0,"y":0}]},"500337_light_bg14":{"translate":[{"time":0,"x":-48.76,"y":-188.2},{"time":0.4667,"x":-51.35,"y":-142.61},{"time":1,"x":-57.05,"y":-139.8,"curve":"stepped"},{"time":1.0333,"x":-2.33,"y":-118.15},{"time":1.5333,"x":11.26,"y":-121.37,"curve":"stepped"},{"time":1.5667,"x":42.58,"y":-172.7},{"time":2,"x":45.68,"y":-181.46,"curve":"stepped"},{"time":2.0333,"x":34.63,"y":-215.92},{"time":2.4333,"x":28.14,"y":-218.12,"curve":"stepped"},{"time":2.4667,"x":-12.59,"y":-241.78},{"time":2.9333,"x":-20.07,"y":-244.88,"curve":"stepped"},{"time":2.9667,"x":-58.34,"y":-221.53},{"time":3.3333,"x":-57.8,"y":-211.37}],"scale":[{"time":0,"x":0,"y":0},{"time":0.4667,"x":1,"y":1},{"time":1,"x":0,"y":0,"curve":"stepped"},{"time":1.0333,"x":1,"y":1},{"time":1.5333,"x":0,"y":0,"curve":"stepped"},{"time":1.5667,"x":1,"y":1},{"time":2,"x":0,"y":0,"curve":"stepped"},{"time":2.0333,"x":1,"y":1},{"time":2.4333,"x":0,"y":0,"curve":"stepped"},{"time":2.4667,"x":1,"y":1},{"time":2.9333,"x":0,"y":0,"curve":"stepped"},{"time":2.9667,"x":1,"y":1},{"time":3.3333,"x":0,"y":0}]},"root":{"translate":[{"time":0,"x":0,"y":0,"curve":"stepped"},{"time":3.3333,"x":0,"y":0}],"scale":[{"time":0,"x":1,"y":1,"curve":"stepped"},{"time":3.3333,"x":1,"y":1}]},"500337_light_bg2":{"translate":[{"time":0,"x":0,"y":0,"curve":"stepped"},{"time":3.3333,"x":0,"y":0}],"scale":[{"time":0,"x":1,"y":1,"curve":"stepped"},{"time":3.3333,"x":1,"y":1}]},"500337_light2":{"translate":[{"time":0,"x":0,"y":0,"curve":"stepped"},{"time":3.3333,"x":0,"y":0}],"scale":[{"time":0,"x":1,"y":1,"curve":"stepped"},{"time":3.3333,"x":1,"y":1}]}}}}}