{"skeleton":{"hash":"cxgx/qsdBC4/PR3TCI/LexQpyDw","spine":"3.6.53","width":210,"height":210,"images":""},"bones":[{"name":"root"},{"name":"bone","parent":"root","scaleX":0.55,"scaleY":0.55},{"name":"ying","parent":"bone","length":28.63,"rotation":90,"x":0.09,"y":6.36},{"name":"ying2","parent":"bone","length":28.63,"rotation":22.66,"x":6.05,"y":1.99},{"name":"ying3","parent":"bone","length":28.63,"rotation":-45,"x":4.46,"y":-5.55},{"name":"ying4","parent":"bone","length":28.63,"rotation":-135,"x":-3.88,"y":-5.15},{"name":"ying5","parent":"bone","length":28.63,"rotation":165,"x":-5.86,"y":2.39}],"slots":[{"name":"5","bone":"root"},{"name":"ying","bone":"ying","attachment":"ying"},{"name":"ying2","bone":"ying2","attachment":"ying"},{"name":"ying3","bone":"ying3","attachment":"ying"},{"name":"ying4","bone":"ying4","attachment":"ying"},{"name":"ying5","bone":"ying5","attachment":"ying"}],"skins":{"default":{"ying":{"ying":{"x":15.62,"y":-0.77,"rotation":-93.87,"width":48,"height":67}},"ying2":{"ying":{"x":15.62,"y":-0.77,"rotation":-93.87,"width":48,"height":67}},"ying3":{"ying":{"x":15.62,"y":-0.77,"rotation":-93.87,"width":48,"height":67}},"ying4":{"ying":{"x":15.62,"y":-0.77,"rotation":-93.87,"width":48,"height":67}},"ying5":{"ying":{"x":15.62,"y":-0.77,"rotation":-93.87,"width":48,"height":67}}}},"animations":{"500358_1":{"slots":{"ying":{"color":[{"time":0,"color":"ffffff00","curve":"stepped"},{"time":0.1667,"color":"ffffff00"},{"time":0.5,"color":"ffffffff","curve":"stepped"},{"time":1,"color":"ffffffff"},{"time":2,"color":"ffffff00"}]},"ying2":{"color":[{"time":0,"color":"ffffff00","curve":"stepped"},{"time":0.1667,"color":"ffffff00"},{"time":0.5,"color":"ffffffff","curve":"stepped"},{"time":1,"color":"ffffffff"},{"time":2,"color":"ffffff00"}]},"ying3":{"color":[{"time":0,"color":"ffffff00","curve":"stepped"},{"time":0.1667,"color":"ffffff00"},{"time":0.5,"color":"ffffffff","curve":"stepped"},{"time":1,"color":"ffffffff"},{"time":2,"color":"ffffff00"}]},"ying4":{"color":[{"time":0,"color":"ffffff00","curve":"stepped"},{"time":0.1667,"color":"ffffff00"},{"time":0.5,"color":"ffffffff","curve":"stepped"},{"time":1,"color":"ffffffff"},{"time":2,"color":"ffffff00"}]},"ying5":{"color":[{"time":0,"color":"ffffff00"},{"time":0.5,"color":"ffffffff","curve":"stepped"},{"time":1,"color":"ffffffff"},{"time":2,"color":"ffffff00"}]}},"bones":{"ying":{"rotate":[{"time":0,"angle":0},{"time":0.6,"angle":21.34},{"time":2,"angle":32.83}],"translate":[{"time":0,"x":0,"y":0},{"time":0.7333,"x":0,"y":46.3},{"time":2,"x":0,"y":60.39}],"scale":[{"time":0.7333,"x":1,"y":1}]},"ying2":{"rotate":[{"time":0,"angle":0},{"time":0.6,"angle":21.34},{"time":2,"angle":32.83}],"translate":[{"time":0,"x":0,"y":0},{"time":0.7333,"x":42.72,"y":17.83},{"time":2,"x":55.73,"y":23.26}],"scale":[{"time":0.7333,"x":1,"y":1}]},"ying3":{"rotate":[{"time":0,"angle":0},{"time":0.6,"angle":21.34},{"time":2,"angle":32.83}],"translate":[{"time":0,"x":-0.24,"y":0.95},{"time":0.7333,"x":32.74,"y":-32.74},{"time":2,"x":42.7,"y":-42.7}],"scale":[{"time":0.7333,"x":1,"y":1}]},"ying4":{"rotate":[{"time":0,"angle":2.93},{"time":0.6,"angle":22.37},{"time":2,"angle":32.83}],"translate":[{"time":0,"x":0,"y":0},{"time":0.7333,"x":-27.49,"y":-36.85},{"time":2,"x":-35.86,"y":-48.07}],"scale":[{"time":0.7333,"x":1,"y":1}]},"ying5":{"rotate":[{"time":0,"angle":0},{"time":0.6,"angle":21.34},{"time":2,"angle":-327.17}],"translate":[{"time":0,"x":0,"y":0},{"time":0.7333,"x":-44.72,"y":11.98},{"time":2,"x":-58.33,"y":15.63}],"scale":[{"time":0.7333,"x":1,"y":1}]},"bone":{"rotate":[{"time":0,"angle":0},{"time":0.7333,"angle":132.8},{"time":2,"angle":173.22}],"translate":[{"time":0,"x":0,"y":0,"curve":"stepped"},{"time":0.7333,"x":0,"y":0}],"scale":[{"time":0,"x":1,"y":1},{"time":0.7333,"x":1.501,"y":1.501},{"time":2,"x":1.654,"y":1.654}]}}}}}