{"skeleton":{"hash":"uJPDbjFSoS4H0h/8SFXWmt+mozQ","spine":"3.4.02","width":210,"height":351.88,"images":""},"bones":[{"name":"root"},{"name":"ya_ball","parent":"root","length":30.03,"rotation":130.72,"x":-71.77,"y":82.61},{"name":"ya_leaf_1","parent":"root","length":28.7,"rotation":-97.52,"x":29.4,"y":157.61,"scaleX":0.734,"scaleY":0.734},{"name":"ya_leaf_2","parent":"root","length":19.77,"rotation":-68.19,"x":-65.67,"y":162.22},{"name":"ya_leaf_3","parent":"root","length":28.7,"rotation":-97.52,"x":92.39,"y":186.38,"scaleX":0.491,"scaleY":0.491},{"name":"ya_leaf_4","parent":"root","length":28.7,"rotation":-97.52,"x":63.12,"y":186.38,"scaleX":0.379,"scaleY":0.379},{"name":"ya_leaf_5","parent":"root","length":28.7,"rotation":-97.52,"x":63.12,"y":219.11,"scaleX":0.283,"scaleY":0.283},{"name":"ya_leaf_6","parent":"root","length":19.77,"rotation":-68.19,"x":-65.67,"y":194.96,"scaleX":0.607,"scaleY":0.607},{"name":"ya_leaf_7","parent":"root","length":19.77,"rotation":-68.19,"x":-48.31,"y":221.74,"scaleX":0.863,"scaleY":0.863},{"name":"ya_leaf_8","parent":"root","length":19.77,"rotation":-68.19,"x":-95.43,"y":233.15,"scaleX":0.555,"scaleY":0.555},{"name":"ya_leaf_9","parent":"root","length":19.77,"rotation":-68.19,"x":-95.93,"y":194.96,"scaleX":0.604,"scaleY":0.604},{"name":"ya_leaf_10","parent":"root","length":28.7,"rotation":-97.52,"x":78,"y":238.46,"scaleX":0.484,"scaleY":0.484}],"slots":[{"name":"avator_frame_500385","bone":"root"},{"name":"ya_ball","bone":"ya_ball","attachment":"ya_ball"},{"name":"ya_leaf_1","bone":"ya_leaf_1","attachment":"ya_leaf_1"},{"name":"ya_leaf_3","bone":"ya_leaf_3","attachment":"ya_leaf_1"},{"name":"ya_leaf_4","bone":"ya_leaf_4","attachment":"ya_leaf_1"},{"name":"ya_leaf_5","bone":"ya_leaf_5","attachment":"ya_leaf_1"},{"name":"ya_leaf_10","bone":"ya_leaf_10","attachment":"ya_leaf_1"},{"name":"ya_leaf_2","bone":"ya_leaf_2","attachment":"ya_leaf_2"},{"name":"ya_leaf_6","bone":"ya_leaf_6","attachment":"ya_leaf_2"},{"name":"ya_leaf_9","bone":"ya_leaf_9","attachment":"ya_leaf_2"},{"name":"ya_leaf_7","bone":"ya_leaf_7","attachment":"ya_leaf_2"},{"name":"ya_leaf_8","bone":"ya_leaf_8","attachment":"ya_leaf_2"}],"skins":{"default":{"ya_ball":{"ya_ball":{"x":2.67,"y":3.88,"rotation":-130.72,"width":41,"height":40}},"ya_leaf_1":{"ya_leaf_1":{"x":9.11,"y":-3.23,"rotation":97.52,"width":45,"height":52}},"ya_leaf_10":{"ya_leaf_1":{"x":9.11,"y":-3.23,"rotation":97.52,"width":45,"height":52}},"ya_leaf_2":{"ya_leaf_2":{"x":5.94,"y":2.12,"rotation":68.19,"width":26,"height":35}},"ya_leaf_3":{"ya_leaf_1":{"x":9.11,"y":-3.23,"rotation":97.52,"width":45,"height":52}},"ya_leaf_4":{"ya_leaf_1":{"x":9.11,"y":-3.23,"rotation":97.52,"width":45,"height":52}},"ya_leaf_5":{"ya_leaf_1":{"x":9.11,"y":-3.23,"rotation":97.52,"width":45,"height":52}},"ya_leaf_6":{"ya_leaf_2":{"x":5.94,"y":2.12,"rotation":68.19,"width":26,"height":35}},"ya_leaf_7":{"ya_leaf_2":{"x":5.94,"y":2.12,"rotation":68.19,"width":26,"height":35}},"ya_leaf_8":{"ya_leaf_2":{"x":5.94,"y":2.12,"rotation":68.19,"width":26,"height":35}},"ya_leaf_9":{"ya_leaf_2":{"x":5.94,"y":2.12,"rotation":68.19,"width":26,"height":35}}}},"animations":{"500385_1":{"slots":{"ya_leaf_1":{"color":[{"time":0,"color":"ffffff00","curve":"stepped"},{"time":1.5333,"color":"ffffff00","curve":[0.025,0.63,0.492,1]},{"time":1.5666,"color":"ffffffff","curve":"stepped"},{"time":1.8666,"color":"ffffffff"},{"time":2.1,"color":"ffffff00","curve":"stepped"},{"time":2.6666,"color":"ffffff00"}]},"ya_leaf_2":{"color":[{"time":0,"color":"ffffff00","curve":"stepped"},{"time":1.5333,"color":"ffffff00","curve":[0.025,0.63,0.492,1]},{"time":1.5666,"color":"ffffffff","curve":"stepped"},{"time":1.8,"color":"ffffffff"},{"time":2.0333,"color":"ffffff00","curve":"stepped"},{"time":2.6666,"color":"ffffff00"}]},"ya_leaf_3":{"color":[{"time":0,"color":"ffffff00","curve":"stepped"},{"time":0.5,"color":"ffffff00","curve":[0,0.77,0.75,1]},{"time":0.5333,"color":"ffffffff","curve":"stepped"},{"time":0.8,"color":"ffffffff","curve":[0,0.77,0.75,1]},{"time":1.0333,"color":"ffffff00","curve":"stepped"},{"time":1.2,"color":"ffffff00","curve":[0,0.77,0.75,1]},{"time":1.2333,"color":"ffffffff","curve":"stepped"},{"time":1.5,"color":"ffffffff","curve":[0,0.77,0.75,1]},{"time":1.7333,"color":"ffffff00","curve":"stepped"},{"time":2.6666,"color":"ffffff00"}]},"ya_leaf_4":{"color":[{"time":0,"color":"ffffff00","curve":"stepped"},{"time":0.5,"color":"ffffff00","curve":[0,0.77,0.75,1]},{"time":0.5333,"color":"ffffffff","curve":"stepped"},{"time":0.8666,"color":"ffffffff","curve":[0,0.77,0.75,1]},{"time":1.1,"color":"ffffff00","curve":"stepped"},{"time":1.2,"color":"ffffff00","curve":[0,0.77,0.75,1]},{"time":1.2333,"color":"ffffffff","curve":"stepped"},{"time":1.5666,"color":"ffffffff","curve":[0,0.77,0.75,1]},{"time":1.8,"color":"ffffff00","curve":"stepped"},{"time":2.6666,"color":"ffffff00"}]},"ya_leaf_5":{"color":[{"time":0,"color":"ffffff00","curve":"stepped"},{"time":0.5,"color":"ffffff00","curve":[0,0.77,0.75,1]},{"time":0.5333,"color":"ffffffff","curve":"stepped"},{"time":0.7333,"color":"ffffffff","curve":[0,0.77,0.75,1]},{"time":0.9666,"color":"ffffff00","curve":"stepped"},{"time":1.2,"color":"ffffff00","curve":[0,0.77,0.75,1]},{"time":1.2333,"color":"ffffffff","curve":"stepped"},{"time":1.4333,"color":"ffffffff","curve":[0,0.77,0.75,1]},{"time":1.6666,"color":"ffffff00","curve":"stepped"},{"time":2.6666,"color":"ffffff00"}]},"ya_leaf_6":{"color":[{"time":0,"color":"ffffff00","curve":"stepped"},{"time":0.8333,"color":"ffffff00","curve":[0,0.65,0.75,1]},{"time":0.8666,"color":"ffffffff","curve":"stepped"},{"time":1.1333,"color":"ffffffff"},{"time":1.3666,"color":"ffffff00","curve":"stepped"},{"time":2.6666,"color":"ffffff00"}]},"ya_leaf_7":{"color":[{"time":0,"color":"ffffff00","curve":"stepped"},{"time":1.5333,"color":"ffffff00","curve":[0.025,0.63,0.492,1]},{"time":1.5666,"color":"ffffffff","curve":"stepped"},{"time":1.8333,"color":"ffffffff"},{"time":2.0666,"color":"ffffff00","curve":"stepped"},{"time":2.6666,"color":"ffffff00"}]},"ya_leaf_8":{"color":[{"time":0,"color":"ffffff00","curve":"stepped"},{"time":1.5333,"color":"ffffff00","curve":[0.025,0.63,0.492,1]},{"time":1.5666,"color":"ffffffff","curve":"stepped"},{"time":1.8,"color":"ffffffff"},{"time":2.0333,"color":"ffffff00","curve":"stepped"},{"time":2.6666,"color":"ffffff00"}]},"ya_leaf_9":{"color":[{"time":0,"color":"ffffff00","curve":"stepped"},{"time":0.8333,"color":"ffffff00","curve":[0,0.65,0.75,1]},{"time":0.8666,"color":"ffffffff","curve":"stepped"},{"time":1.0666,"color":"ffffffff"},{"time":1.3,"color":"ffffff00","curve":"stepped"},{"time":2.6666,"color":"ffffff00"}]},"ya_leaf_10":{"color":[{"time":0,"color":"ffffff00","curve":"stepped"},{"time":0.8333,"color":"ffffff00","curve":[0,0.65,0.75,1]},{"time":0.8666,"color":"ffffffff","curve":"stepped"},{"time":1.2,"color":"ffffffff"},{"time":1.4333,"color":"ffffff00","curve":"stepped"},{"time":2.6666,"color":"ffffff00"}]}},"bones":{"ya_ball":{"rotate":[{"time":0,"angle":0,"curve":"stepped"},{"time":0.3333,"angle":0,"curve":[0.25,0,0.824,0.35]},{"time":0.5,"angle":9.51,"curve":[0.175,0.61,0.75,1]},{"time":0.6666,"angle":-297.35,"curve":[0.25,0,0.932,0.43]},{"time":0.8333,"angle":-285.42,"curve":[0.044,0.6,0.75,1]},{"time":1,"angle":-281.7,"curve":[0.25,0,0.806,0.38]},{"time":1.1666,"angle":-295.36,"curve":[0.034,0.57,0.75,1]},{"time":1.3333,"angle":-306.3,"curve":[0.25,0,0.843,0.24]},{"time":1.5,"angle":5.36,"curve":[0.002,0.55,0.75,1]},{"time":1.6666,"angle":0,"curve":"stepped"},{"time":2.6666,"angle":0}],"translate":[{"time":0,"x":0,"y":0,"curve":[0.053,0.63,0.572,1]},{"time":0.3333,"x":-2.6,"y":3.03,"curve":[0.25,0,0.824,0.35]},{"time":0.5,"x":135.15,"y":-102.19,"curve":[0.175,0.61,0.75,1]},{"time":0.6666,"x":148.01,"y":-112.89,"curve":[0.25,0,0.932,0.43]},{"time":0.8333,"x":42,"y":-129.57,"curve":[0.25,0,0.806,0.38]},{"time":1,"x":38.42,"y":-131.26,"curve":[0.25,0,0.806,0.38]},{"time":1.1666,"x":131.53,"y":-79.61,"curve":[0.034,0.57,0.75,1]},{"time":1.3333,"x":145.73,"y":-78.52,"curve":[0.25,0,0.843,0.24]},{"time":1.5,"x":14.57,"y":-7.85,"curve":[0.002,0.55,0.75,1]},{"time":1.6666,"x":0,"y":0,"curve":"stepped"},{"time":2.6666,"x":0,"y":0}],"scale":[{"time":0,"x":1,"y":1,"curve":[0.053,0.63,0.572,1]},{"time":0.3333,"x":0.824,"y":1.037,"curve":[0.25,0,0.824,0.35]},{"time":0.5,"x":1.333,"y":0.774,"curve":[0.175,0.61,0.75,1]},{"time":0.6666,"x":0.618,"y":0.955,"curve":[0.25,0,0.932,0.43]},{"time":0.8333,"x":1.106,"y":0.657,"curve":[0.044,0.6,0.75,1]},{"time":1,"x":0.63,"y":0.903,"curve":[0.25,0,0.806,0.38]},{"time":1.1666,"x":1.097,"y":0.571,"curve":[0.034,0.57,0.75,1]},{"time":1.3333,"x":0.597,"y":0.759,"curve":[0.25,0,0.843,0.24]},{"time":1.5,"x":1.098,"y":0.724,"curve":[0.002,0.55,0.75,1]},{"time":1.6666,"x":1,"y":1,"curve":"stepped"},{"time":2.6666,"x":1,"y":1}]},"ya_leaf_4":{"rotate":[{"time":0,"angle":67.86,"curve":"stepped"},{"time":0.5,"angle":67.86,"curve":[0,0.77,0.75,1]},{"time":1.1,"angle":31.65},{"time":1.2,"angle":67.86,"curve":[0,0.77,0.75,1]},{"time":1.8,"angle":31.65},{"time":2.6666,"angle":67.86}],"translate":[{"time":0,"x":16.07,"y":-220.19,"curve":"stepped"},{"time":0.5,"x":16.07,"y":-220.19,"curve":[0,0.77,0.75,1]},{"time":1.1,"x":44.45,"y":-236.35},{"time":1.2,"x":21.75,"y":-208.83,"curve":[0,0.77,0.75,1]},{"time":1.8,"x":43.32,"y":-222.15},{"time":2.6666,"x":16.07,"y":-220.19}]},"ya_leaf_3":{"rotate":[{"time":0,"angle":116.72,"curve":"stepped"},{"time":0.5,"angle":116.72,"curve":[0,0.77,0.75,1]},{"time":1.0333,"angle":80.52},{"time":1.2,"angle":116.72,"curve":[0,0.77,0.75,1]},{"time":1.7333,"angle":80.52},{"time":2.6666,"angle":116.72}],"translate":[{"time":0,"x":-11.61,"y":-201.63,"curve":"stepped"},{"time":0.5,"x":-11.61,"y":-201.63,"curve":[0,0.77,0.75,1]},{"time":1.0333,"x":19.23,"y":-190.89},{"time":1.2,"x":-9.34,"y":-172.67,"curve":[0,0.77,0.75,1]},{"time":1.7333,"x":5.03,"y":-172.15},{"time":2.6666,"x":-11.61,"y":-201.63}]},"ya_leaf_5":{"rotate":[{"time":0,"angle":111.08,"curve":"stepped"},{"time":0.5,"angle":111.08,"curve":[0,0.77,0.75,1]},{"time":0.9666,"angle":44.91},{"time":1.2,"angle":111.08,"curve":[0,0.77,0.75,1]},{"time":1.6666,"angle":44.91},{"time":2.6666,"angle":111.08}],"translate":[{"time":0,"x":12.53,"y":-245.78,"curve":"stepped"},{"time":0.5,"x":12.53,"y":-245.78,"curve":[0,0.77,0.75,1]},{"time":0.9666,"x":59.72,"y":-246.22},{"time":1.2,"x":21.05,"y":-226.47,"curve":[0,0.77,0.75,1]},{"time":1.6666,"x":64.83,"y":-224.63},{"time":2.6666,"x":12.53,"y":-245.78}]},"ya_leaf_10":{"rotate":[{"time":0,"angle":-7.14,"curve":"stepped"},{"time":0.8333,"angle":-7.14,"curve":[0,0.65,0.75,1]},{"time":1.4333,"angle":-29.12},{"time":2.6666,"angle":-7.14}],"translate":[{"time":0,"x":-118.68,"y":-299.82,"curve":"stepped"},{"time":0.8333,"x":-118.68,"y":-299.82,"curve":[0,0.65,0.75,1]},{"time":1.4333,"x":-126.78,"y":-331.11},{"time":2.6666,"x":-118.68,"y":-299.82}]},"ya_leaf_6":{"rotate":[{"time":0,"angle":-47.82,"curve":"stepped"},{"time":0.8333,"angle":-47.82,"curve":[0,0.65,0.75,1]},{"time":1.3666,"angle":18.95},{"time":2.6666,"angle":-47.82}],"translate":[{"time":0,"x":9.85,"y":-252.41,"curve":"stepped"},{"time":0.8333,"x":9.85,"y":-252.41,"curve":[0,0.65,0.75,1]},{"time":1.3666,"x":-22.79,"y":-264.94},{"time":2.6666,"x":9.85,"y":-252.41}]},"ya_leaf_9":{"rotate":[{"time":0,"angle":-110.16,"curve":"stepped"},{"time":0.8333,"angle":-110.16,"curve":[0,0.65,0.75,1]},{"time":1.3,"angle":-74.31},{"time":2.6666,"angle":-110.16}],"translate":[{"time":0,"x":45.35,"y":-234.66,"curve":"stepped"},{"time":0.8333,"x":45.35,"y":-234.66,"curve":[0,0.65,0.75,1]},{"time":1.3,"x":27.88,"y":-232.38},{"time":2.6666,"x":45.35,"y":-234.66}]},"ya_leaf_1":{"rotate":[{"time":0,"angle":0,"curve":"stepped"},{"time":1.5333,"angle":0,"curve":[0.025,0.63,0.492,1]},{"time":2.1,"angle":37.38},{"time":2.6666,"angle":0}],"translate":[{"time":0,"x":-92.92,"y":-61.94,"curve":"stepped"},{"time":1.5333,"x":-92.92,"y":-61.94,"curve":[0.025,0.63,0.492,1]},{"time":2.1,"x":-102.44,"y":-10.63},{"time":2.6666,"x":-92.92,"y":-61.94}]},"ya_leaf_2":{"rotate":[{"time":0,"angle":0,"curve":"stepped"},{"time":1.5333,"angle":0,"curve":[0.025,0.63,0.492,1]},{"time":2.0333,"angle":-6.48},{"time":2.6666,"angle":0}],"translate":[{"time":0,"x":-19.13,"y":-74.7,"curve":"stepped"},{"time":1.5333,"x":-19.13,"y":-74.7,"curve":[0.025,0.63,0.492,1]},{"time":2.0333,"x":-60.92,"y":-32.91},{"time":2.6666,"x":-19.13,"y":-74.7}]},"ya_leaf_7":{"rotate":[{"time":0,"angle":0,"curve":"stepped"},{"time":1.5333,"angle":0,"curve":[0.025,0.63,0.492,1]},{"time":2.0666,"angle":-62.24},{"time":2.6666,"angle":0}],"translate":[{"time":0,"x":-26.36,"y":-114.08,"curve":"stepped"},{"time":1.5333,"x":-26.36,"y":-114.08,"curve":[0.025,0.63,0.492,1]},{"time":2.0666,"x":-46.46,"y":-58},{"time":2.6666,"x":-26.36,"y":-114.08}]},"ya_leaf_8":{"rotate":[{"time":0,"angle":0,"curve":"stepped"},{"time":1.5333,"angle":0,"curve":[0.025,0.63,0.492,1]},{"time":2.0333,"angle":-16.34},{"time":2.6666,"angle":0}],"translate":[{"time":0,"x":1.82,"y":-148.49,"curve":"stepped"},{"time":1.5333,"x":1.82,"y":-148.49,"curve":[0.025,0.63,0.492,1]},{"time":2.0333,"x":-36.26,"y":-149.02},{"time":2.6666,"x":1.82,"y":-148.49}]}}}}}