{"skeleton":{"hash":"Z7k11BbNk7KXqTVf/1G8n5C+ax8","spine":"3.4.02","width":0,"height":0,"images":"./avator_frame_500321/"},"bones":[{"name":"root"},{"name":"zong","parent":"root"}],"slots":[{"name":"avator_frame_500321","bone":"root"},{"name":"anime_500321_card2","bone":"zong","attachment":"anime_500321_card2"},{"name":"anime_500321_card1","bone":"zong","attachment":"anime_500321_card1","blend":"additive"}],"skins":{"default":{"anime_500321_card1":{"anime_500321_card1":{"width":210,"height":210}},"anime_500321_card2":{"anime_500321_card2":{"width":210,"height":210}}}},"animations":{"500321_1":{"slots":{"anime_500321_card1":{"color":[{"time":0,"color":"ffffff00","curve":[0.25,0,0.75,1]},{"time":2,"color":"ffffffff","curve":[0.25,0,0.75,1]},{"time":4,"color":"ffffff00"}]},"anime_500321_card2":{"color":[{"time":0,"color":"ffffff00","curve":[0.25,0,0.75,1]},{"time":2,"color":"ffffffff","curve":[0.25,0,0.75,1]},{"time":4,"color":"ffffff00"}]}}}}}