{"skeleton":{"hash":"WQSdDHWXTraGvrL7b/5wTCzFUbs","spine":"3.4.02","width":210,"height":239.68,"images":"./images/"},"bones":[{"name":"root"},{"name":"avator_frame_500595_1","parent":"root","x":-58.72,"y":84.19},{"name":"avator_frame_500595_2","parent":"root","x":-7.84,"y":57.83},{"name":"avator_frame_500595_3","parent":"root","x":-27.46,"y":118.52}],"slots":[{"name":"avator_frame_500595","bone":"root","attachment":"avator_frame_500595"},{"name":"avator_frame_500595_1","bone":"avator_frame_500595_1","attachment":"avator_frame_500595_1"},{"name":"avator_frame_500595_2","bone":"avator_frame_500595_2","attachment":"avator_frame_500595_2"},{"name":"avator_frame_500595_3","bone":"avator_frame_500595_3","attachment":"avator_frame_500595_2"}],"skins":{"default":{"avator_frame_500595":{"avator_frame_500595":{"width":210,"height":210}},"avator_frame_500595_1":{"avator_frame_500595_1":{"x":4.72,"y":3.3,"width":33,"height":41}},"avator_frame_500595_2":{"avator_frame_500595_2":{"x":-3.65,"y":2.16,"width":22,"height":28}},"avator_frame_500595_3":{"avator_frame_500595_2":{"x":-3.65,"y":2.16,"width":22,"height":28}}}},"animations":{"500595_1":{"slots":{"avator_frame_500595_1":{"color":[{"time":0,"color":"ffffffff"},{"time":0.4666,"color":"ffffff00","curve":"stepped"},{"time":0.5,"color":"ffffff00"},{"time":1,"color":"ffffffff","curve":"stepped"},{"time":2,"color":"ffffffff"}]},"avator_frame_500595_2":{"color":[{"time":0,"color":"ffffffff","curve":"stepped"},{"time":0.5,"color":"ffffffff"},{"time":0.9666,"color":"ffffff00","curve":"stepped"},{"time":1,"color":"ffffff00"},{"time":1.5,"color":"ffffffff","curve":"stepped"},{"time":2,"color":"ffffffff"}]},"avator_frame_500595_3":{"color":[{"time":0,"color":"ffffffff","curve":"stepped"},{"time":1,"color":"ffffffff"},{"time":1.4666,"color":"ffffff00","curve":"stepped"},{"time":1.5,"color":"ffffff00"},{"time":2,"color":"ffffffff"}]}},"bones":{"avator_frame_500595_3":{"rotate":[{"time":0,"angle":45.76},{"time":1.4666,"angle":180},{"time":1.5,"angle":0},{"time":2,"angle":45.76}],"translate":[{"time":0,"x":7.72,"y":-42.65},{"time":1.4666,"x":30.37,"y":-167.76},{"time":1.5,"x":0,"y":0},{"time":2,"x":7.72,"y":-42.65}],"scale":[{"time":0,"x":0.78,"y":0.78},{"time":1.4666,"x":1,"y":1},{"time":1.5,"x":0.706,"y":0.706},{"time":2,"x":0.78,"y":0.78}]},"avator_frame_500595_1":{"rotate":[{"time":0,"angle":137.28},{"time":0.4666,"angle":180},{"time":0.5,"angle":0},{"time":2,"angle":137.28}],"translate":[{"time":0,"x":23.16,"y":-127.95},{"time":0.4666,"x":30.37,"y":-167.76},{"time":0.5,"x":0,"y":0},{"time":2,"x":23.16,"y":-127.95}],"scale":[{"time":0,"x":0.93,"y":0.93},{"time":0.4666,"x":1,"y":1},{"time":0.5,"x":0.706,"y":0.706},{"time":2,"x":0.93,"y":0.93}]},"avator_frame_500595_2":{"rotate":[{"time":0,"angle":73.41},{"time":0.9666,"angle":-8.99},{"time":1,"angle":158.67},{"time":2,"angle":73.41}],"translate":[{"time":0,"x":15.44,"y":-85.3},{"time":0.9666,"x":30.37,"y":-167.76},{"time":1,"x":0,"y":0},{"time":2,"x":15.44,"y":-85.3}],"scale":[{"time":0,"x":0.855,"y":0.855},{"time":0.9666,"x":1,"y":1},{"time":1,"x":0.706,"y":0.706},{"time":2,"x":0.855,"y":0.855}]}}}}}