{"skeleton":{"hash":"ILoLnGH+676L756hTzupOR6Zq2A","spine":"3.4.02","width":210,"height":210,"images":""},"bones":[{"name":"root"},{"name":"zhixie/1","parent":"root","x":-8.06,"y":83.79,"scaleX":2,"scaleY":2},{"name":"zhixie/2","parent":"root","x":56.05,"y":87.55,"scaleX":0.8,"scaleY":0.8},{"name":"zhixie/3","parent":"root","x":70.98,"y":65.6,"scaleX":0.8,"scaleY":0.8},{"name":"zhixie/4","parent":"root","x":-39.74,"y":91.24,"scaleX":0.8,"scaleY":0.8},{"name":"zhixie/5","parent":"root","x":-69.08,"y":79.87,"scaleX":0.8,"scaleY":0.8},{"name":"zhixie/6","parent":"root","x":35,"y":80.52,"scaleX":0.8,"scaleY":0.8},{"name":"zhixie/7","parent":"root","x":23.42,"y":92.58,"scaleX":0.8,"scaleY":0.8}],"slots":[{"name":"temp2","bone":"root"},{"name":"zhixie/1","bone":"zhixie/1"},{"name":"zhixie/2","bone":"zhixie/2"},{"name":"zhixie/3","bone":"zhixie/3"},{"name":"zhixie/4","bone":"zhixie/4"},{"name":"zhixie/5","bone":"zhixie/5"},{"name":"zhixie/6","bone":"zhixie/6"},{"name":"zhixie/7","bone":"zhixie/7"}],"skins":{"default":{"zhixie/1":{"leaf_1":{"width":17,"height":34}},"zhixie/2":{"leaf_2":{"width":19,"height":27}},"zhixie/3":{"leaf_1":{"width":17,"height":34}},"zhixie/4":{"leaf_2":{"width":19,"height":27}},"zhixie/5":{"leaf_1":{"width":17,"height":34}},"zhixie/6":{"leaf_1":{"width":17,"height":34}},"zhixie/7":{"leaf_2":{"width":19,"height":27}}}},"animations":{"500311_1":{"slots":{"zhixie/1":{"color":[{"time":0,"color":"ffffffff","curve":"stepped"},{"time":0.6666,"color":"ffffffff"},{"time":0.8666,"color":"ffffff00","curve":"stepped"},{"time":1,"color":"ffffff00"},{"time":1.1666,"color":"ffffffff","curve":"stepped"},{"time":2.5,"color":"ffffffff"}],"attachment":[{"time":0,"name":"leaf_1"}]},"zhixie/2":{"color":[{"time":0,"color":"ffffff00"},{"time":0.2,"color":"ffffffff","curve":"stepped"},{"time":2.1666,"color":"ffffffff"},{"time":2.3666,"color":"ffffff00","curve":"stepped"},{"time":2.5,"color":"ffffff00"}],"attachment":[{"time":0,"name":"leaf_2"},{"time":2.5,"name":"leaf_2"}]},"zhixie/3":{"color":[{"time":0,"color":"ffffffff","curve":"stepped"},{"time":1.9666,"color":"ffffffff"},{"time":2.1666,"color":"ffffff00","curve":"stepped"},{"time":2.3,"color":"ffffff00"},{"time":2.5,"color":"ffffffff"}],"attachment":[{"time":0,"name":"leaf_1"}]},"zhixie/4":{"color":[{"time":0,"color":"ffffffff","curve":"stepped"},{"time":0.7,"color":"ffffffff"},{"time":0.9,"color":"ffffff00","curve":"stepped"},{"time":1.0333,"color":"ffffff00"},{"time":1.2333,"color":"ffffffff","curve":"stepped"},{"time":2.5,"color":"ffffffff"}],"attachment":[{"time":0,"name":"leaf_2"}]},"zhixie/5":{"color":[{"time":0,"color":"ffffffff","curve":"stepped"},{"time":1.4333,"color":"ffffffff"},{"time":1.6333,"color":"ffffff00","curve":"stepped"},{"time":1.7333,"color":"ffffff00"},{"time":1.9333,"color":"ffffffff","curve":"stepped"},{"time":2.5,"color":"ffffffff"}],"attachment":[{"time":0,"name":"leaf_1"}]},"zhixie/6":{"color":[{"time":0,"color":"ffffffff","curve":"stepped"},{"time":0.4,"color":"ffffffff"},{"time":0.6,"color":"ffffff00","curve":"stepped"},{"time":0.7,"color":"ffffff00"},{"time":0.9,"color":"ffffffff","curve":"stepped"},{"time":2.5,"color":"ffffffff"}],"attachment":[{"time":0,"name":"leaf_1"}]},"zhixie/7":{"color":[{"time":0,"color":"ffffffff","curve":"stepped"},{"time":1,"color":"ffffffff"},{"time":1.1666,"color":"ffffff00","curve":"stepped"},{"time":1.3,"color":"ffffff00"},{"time":1.5,"color":"ffffffff","curve":"stepped"},{"time":2.5,"color":"ffffffff"}],"attachment":[{"time":0,"name":"leaf_2"}]}},"bones":{"zhixie/1":{"rotate":[{"time":0,"angle":74.57},{"time":0.8666,"angle":60.24},{"time":1,"angle":99.32},{"time":2.5,"angle":74.57}],"translate":[{"time":0,"x":0.45,"y":-93.55},{"time":0.8666,"x":14.86,"y":-155.64},{"time":1,"x":-24.43,"y":13.7},{"time":2.5,"x":0.45,"y":-93.55}],"scale":[{"time":0,"x":0.375,"y":0.375}]},"zhixie/2":{"rotate":[{"time":0,"angle":43.83},{"time":2.3666,"angle":62.74},{"time":2.5,"angle":43.83}],"translate":[{"time":0,"x":-14.66,"y":0.97},{"time":2.3666,"x":20.53,"y":-172.11},{"time":2.5,"x":-14.66,"y":0.97}],"scale":[{"time":0,"x":0.875,"y":0.875}]},"zhixie/3":{"rotate":[{"time":0,"angle":1.79},{"time":2.1666,"angle":21.55},{"time":2.3,"angle":0},{"time":2.5,"angle":1.79}],"translate":[{"time":0,"x":-9.53,"y":-4.6},{"time":2.1666,"x":25.42,"y":-146.68},{"time":2.3,"x":-12.71,"y":8.31},{"time":2.5,"x":-9.53,"y":-4.6}],"scale":[{"time":0,"x":0.875,"y":0.875}]},"zhixie/4":{"rotate":[{"time":0,"angle":-19.84},{"time":0.9,"angle":-18.64},{"time":1.0333,"angle":-21.78},{"time":2.5,"angle":-19.84}],"translate":[{"time":0,"x":-28.29,"y":-104.39},{"time":0.9,"x":-43.76,"y":-167.46},{"time":1.0333,"x":-3.42,"y":-2.93},{"time":2.5,"x":-28.29,"y":-104.39}],"scale":[{"time":0,"x":0.625,"y":0.625}]},"zhixie/5":{"rotate":[{"time":0,"angle":0,"curve":"stepped"},{"time":1.6333,"angle":0,"curve":"stepped"},{"time":1.7333,"angle":0,"curve":"stepped"},{"time":2.5,"angle":0}],"translate":[{"time":0,"x":-6.33,"y":-39.79},{"time":1.6333,"x":-27.38,"y":-125.65},{"time":1.7333,"x":3.42,"y":0},{"time":2.5,"x":-6.33,"y":-39.79}],"scale":[{"time":0,"x":0.5,"y":0.5}]},"zhixie/6":{"rotate":[{"time":0,"angle":0,"curve":"stepped"},{"time":0.6,"angle":0,"curve":"stepped"},{"time":0.7,"angle":0,"curve":"stepped"},{"time":2.5,"angle":0}],"translate":[{"time":0,"x":-49.45,"y":-130.9},{"time":0.6,"x":-52.91,"y":-178.72},{"time":0.7,"x":-39.06,"y":12.55},{"time":2.5,"x":-49.45,"y":-130.9}],"scale":[{"time":0,"x":0.75,"y":0.75}]},"zhixie/7":{"rotate":[{"time":0,"angle":-82.8},{"time":1.1666,"angle":-119.2},{"time":1.3,"angle":-46.41},{"time":2.5,"angle":-82.8}],"translate":[{"time":0,"x":12.22,"y":-94.36},{"time":1.1666,"x":29.82,"y":-187.26},{"time":1.3,"x":-5.37,"y":-1.46},{"time":2.5,"x":12.22,"y":-94.36}],"scale":[{"time":0,"x":0.75,"y":0.75}]}}}}}