{"skeleton":{"hash":"AgJ2f+unQAMVC4p2f6WeT4dCxms","spine":"3.4.02","width":210,"height":210,"images":""},"bones":[{"name":"root"},{"name":"2/20230717-160524","parent":"root","length":52.14,"rotation":90.62,"x":0.94,"y":-82.36},{"name":"2/500649_ribbon_1","parent":"root","x":7.06,"y":-69.96},{"name":"2/500649_ribbon_2","parent":"root","x":-25.17,"y":-70.58},{"name":"2/500649_ribbon_3","parent":"root","x":48.6,"y":-71.51},{"name":"2/500649_ribbon_4","parent":"root","x":73.09,"y":-69.03},{"name":"2/500649_ribbon_5","parent":"root","x":30.31,"y":-69.34},{"name":"2/500649_ribbon_6","parent":"root","x":-59.58,"y":-71.51}],"slots":[{"name":"2/20230717-160524","bone":"2/20230717-160524","color":"0c65ffff","attachment":"2/20230717-160524","blend":"additive"},{"name":"2/avator_frame_500649","bone":"root","attachment":"2/avator_frame_500649"},{"name":"2/500649_ribbon_1","bone":"2/500649_ribbon_1","attachment":"2/500649_ribbon_1"},{"name":"2/500649_ribbon_2","bone":"2/500649_ribbon_2","attachment":"2/500649_ribbon_2"},{"name":"2/500649_ribbon_3","bone":"2/500649_ribbon_3","attachment":"2/500649_ribbon_3"},{"name":"2/500649_ribbon_4","bone":"2/500649_ribbon_4","attachment":"2/500649_ribbon_4"},{"name":"2/500649_ribbon_5","bone":"2/500649_ribbon_5","attachment":"2/500649_ribbon_5"},{"name":"2/500649_ribbon_6","bone":"2/500649_ribbon_6","attachment":"2/500649_ribbon_6"}],"skins":{"default":{"2/20230717-160524":{"2/20230717-160524":{"x":82.37,"y":0.04,"rotation":-90.62,"width":178,"height":165}},"2/500649_ribbon_1":{"2/500649_ribbon_1":{"x":-0.73,"y":-0.83,"width":22,"height":22}},"2/500649_ribbon_2":{"2/500649_ribbon_2":{"x":-0.47,"y":1.58,"width":24,"height":30}},"2/500649_ribbon_3":{"2/500649_ribbon_3":{"x":0.46,"y":-0.06,"width":18,"height":15}},"2/500649_ribbon_4":{"2/500649_ribbon_4":{"x":-0.17,"y":0.26,"width":8,"height":12}},"2/500649_ribbon_5":{"2/500649_ribbon_5":{"x":-0.13,"y":1.15,"width":9,"height":8}},"2/500649_ribbon_6":{"2/500649_ribbon_6":{"x":-0.23,"y":-0.45,"width":7,"height":7}},"2/avator_frame_500649":{"2/avator_frame_500649":{"width":210,"height":210}}}},"animations":{"500649_1":{"slots":{"2/20230717-160524":{"color":[{"time":0,"color":"0c65ffff","curve":[0.25,0,0.75,1]},{"time":0.6666,"color":"0c65ff56","curve":[0.25,0,0.75,1]},{"time":1.3333,"color":"0c65ffff","curve":[0.25,0,0.75,1]},{"time":2,"color":"0c65ff56","curve":[0.25,0,0.75,1]},{"time":2.6666,"color":"0c65ffff"}]},"2/500649_ribbon_1":{"color":[{"time":0,"color":"ffffffff"},{"time":0.6666,"color":"ffffff00"},{"time":1.3333,"color":"ffffffff","curve":"stepped"},{"time":2.6666,"color":"ffffffff"}]},"2/500649_ribbon_2":{"color":[{"time":0,"color":"ffffffff","curve":"stepped"},{"time":0.7,"color":"ffffffff"},{"time":1.3666,"color":"ffffff00"},{"time":2.0333,"color":"ffffffff","curve":"stepped"},{"time":2.6666,"color":"ffffffff"}]},"2/500649_ribbon_3":{"color":[{"time":0,"color":"fffffff2"},{"time":0.0333,"color":"ffffffff","curve":"stepped"},{"time":1.3666,"color":"ffffffff"},{"time":2.0333,"color":"ffffff00"},{"time":2.6666,"color":"fffffff2"}]},"2/500649_ribbon_4":{"color":[{"time":0,"color":"ffffffff","curve":"stepped"},{"time":0.3666,"color":"ffffffff"},{"time":1.0333,"color":"ffffff00"},{"time":1.7,"color":"ffffffff","curve":"stepped"},{"time":2.6666,"color":"ffffffff"}]},"2/500649_ribbon_5":{"color":[{"time":0,"color":"ffffff72"},{"time":0.3666,"color":"ffffffff","curve":"stepped"},{"time":1.7,"color":"ffffffff"},{"time":2.3666,"color":"ffffff00"},{"time":2.6666,"color":"ffffff72"}]},"2/500649_ribbon_6":{"color":[{"time":0,"color":"ffffffff","curve":"stepped"},{"time":1.0333,"color":"ffffffff"},{"time":1.7,"color":"ffffff00"},{"time":2.3666,"color":"ffffffff","curve":"stepped"},{"time":2.6666,"color":"ffffffff"}]}},"bones":{"root":{"rotate":[{"time":0,"angle":0,"curve":"stepped"},{"time":2.6666,"angle":0}],"translate":[{"time":0,"x":0,"y":0,"curve":"stepped"},{"time":2.6666,"x":0,"y":0}],"scale":[{"time":0,"x":1,"y":1,"curve":"stepped"},{"time":2.6666,"x":1,"y":1}]},"2/500649_ribbon_6":{"rotate":[{"time":0,"angle":66.07},{"time":1.6666,"angle":180},{"time":1.7,"angle":0},{"time":2.6666,"angle":66.07}],"translate":[{"time":0,"x":0,"y":54.29},{"time":1.6666,"x":0,"y":147.91},{"time":1.7,"x":0,"y":0},{"time":2.6666,"x":0,"y":54.29}],"scale":[{"time":0,"x":1,"y":1,"curve":"stepped"},{"time":1.6666,"x":1,"y":1,"curve":"stepped"},{"time":1.7,"x":1,"y":1,"curve":"stepped"},{"time":2.6666,"x":1,"y":1}]},"2/500649_ribbon_2":{"rotate":[{"time":0,"angle":88.86},{"time":1.3333,"angle":180},{"time":1.3666,"angle":0},{"time":2.6666,"angle":88.86}],"translate":[{"time":0,"x":0,"y":73.02},{"time":1.3333,"x":0,"y":147.91},{"time":1.3666,"x":0,"y":0},{"time":2.6666,"x":0,"y":73.02}],"scale":[{"time":0,"x":1,"y":1,"curve":"stepped"},{"time":1.3333,"x":1,"y":1,"curve":"stepped"},{"time":1.3666,"x":1,"y":1,"curve":"stepped"},{"time":2.6666,"x":1,"y":1}]},"2/500649_ribbon_1":{"rotate":[{"time":0,"angle":136.7},{"time":0.6333,"angle":180},{"time":0.6666,"angle":0},{"time":2.6666,"angle":136.7}],"translate":[{"time":0,"x":0,"y":112.34},{"time":0.6333,"x":0,"y":147.91},{"time":0.6666,"x":0,"y":0},{"time":2.6666,"x":0,"y":112.34}],"scale":[{"time":0,"x":1,"y":1,"curve":"stepped"},{"time":0.6333,"x":1,"y":1,"curve":"stepped"},{"time":0.6666,"x":1,"y":1,"curve":"stepped"},{"time":2.6666,"x":1,"y":1}]},"2/500649_ribbon_5":{"rotate":[{"time":0,"angle":20.5},{"time":2.3333,"angle":180},{"time":2.3666,"angle":0},{"time":2.6666,"angle":20.5}],"translate":[{"time":0,"x":0,"y":16.85},{"time":2.3333,"x":0,"y":147.91},{"time":2.3666,"x":0,"y":0},{"time":2.6666,"x":0,"y":16.85}],"scale":[{"time":0,"x":1,"y":1,"curve":"stepped"},{"time":2.3333,"x":1,"y":1,"curve":"stepped"},{"time":2.3666,"x":1,"y":1,"curve":"stepped"},{"time":2.6666,"x":1,"y":1}]},"2/500649_ribbon_3":{"rotate":[{"time":0,"angle":43.29},{"time":2,"angle":180},{"time":2.0333,"angle":0},{"time":2.6666,"angle":43.29}],"translate":[{"time":0,"x":0,"y":35.57},{"time":2,"x":0,"y":147.91},{"time":2.0333,"x":0,"y":0},{"time":2.6666,"x":0,"y":35.57}],"scale":[{"time":0,"x":1,"y":1,"curve":"stepped"},{"time":2,"x":1,"y":1,"curve":"stepped"},{"time":2.0333,"x":1,"y":1,"curve":"stepped"},{"time":2.6666,"x":1,"y":1}]},"2/500649_ribbon_4":{"rotate":[{"time":0,"angle":111.64},{"time":1,"angle":180},{"time":1.0333,"angle":0},{"time":2.6666,"angle":111.64}],"translate":[{"time":0,"x":0,"y":91.74},{"time":1,"x":0,"y":147.91},{"time":1.0333,"x":0,"y":0},{"time":2.6666,"x":0,"y":91.74}],"scale":[{"time":0,"x":1,"y":1,"curve":"stepped"},{"time":1,"x":1,"y":1,"curve":"stepped"},{"time":1.0333,"x":1,"y":1,"curve":"stepped"},{"time":2.6666,"x":1,"y":1}]},"2/20230717-160524":{"scale":[{"time":0,"x":1,"y":1,"curve":"stepped"},{"time":0.6666,"x":1,"y":1}]}}}}}