{"skeleton":{"hash":"l0M3ESQd06/QFkfH2mNFoSs8En0","spine":"3.6.53","width":211.59,"height":216.51,"images":""},"bones":[{"name":"root"},{"name":"1","parent":"root","length":58.79,"x":197.97,"y":170.07},{"name":"2","parent":"root","length":55.66,"rotation":2.66,"x":33.61,"y":24.3},{"name":"12","parent":"root","length":44.7,"y":-35.1},{"name":"500424_wave11","parent":"12","length":37.24,"rotation":90,"x":-90.42,"y":-62.26,"scaleX":0.096,"scaleY":0.079},{"name":"500424_wave12","parent":"12","length":37.24,"rotation":90,"x":-82.26,"y":-62.26,"scaleX":0.093,"scaleY":0.076},{"name":"500424_wave13","parent":"12","length":37.24,"rotation":90,"x":-75.51,"y":-64.59,"scaleX":0.092,"scaleY":0.076},{"name":"500424_wave14","parent":"12","length":37.24,"rotation":90,"x":-80.17,"y":-68.79,"scaleX":0.113,"scaleY":0.093},{"name":"500424_wave15","parent":"12","length":37.24,"rotation":90,"x":-80.17,"y":-52.94,"scaleX":0.099,"scaleY":0.082},{"name":"500424_wave16","parent":"12","length":37.24,"rotation":90,"x":-85.29,"y":-56.44,"scaleX":0.152,"scaleY":0.125},{"name":"500424_wave17","parent":"12","length":37.24,"rotation":90,"x":-68.98,"y":-56.44,"scaleX":0.097,"scaleY":0.08},{"name":"500424_wave18","parent":"12","length":37.24,"rotation":90,"x":-68.98,"y":-62.96,"scaleX":0.078,"scaleY":0.064},{"name":"500424_wave19","parent":"12","length":37.24,"rotation":90,"x":-68.98,"y":-46.42,"scaleX":0.083,"scaleY":0.069},{"name":"500424_wave20","parent":"12","length":37.24,"rotation":90,"x":-88.79,"y":-46.42,"scaleX":0.093,"scaleY":0.077},{"name":"500424_wave21","parent":"12","length":37.24,"rotation":90,"x":-84.72,"y":-46.42,"scaleX":0.093,"scaleY":0.077},{"name":"500424_wave22","parent":"12","length":37.24,"rotation":90,"x":-68.98,"y":-73.25,"scaleX":0.083,"scaleY":0.069},{"name":"500424_wave23","parent":"12","length":37.24,"rotation":90,"x":-64.92,"y":-58.06,"scaleX":0.097,"scaleY":0.08},{"name":"500424_wave24","parent":"12","length":37.24,"rotation":90,"x":-68.98,"y":-61.33,"scaleX":0.078,"scaleY":0.064},{"name":"500424_wave25","parent":"12","length":37.24,"rotation":90,"x":-73.88,"y":-61.34,"scaleX":0.092,"scaleY":0.076},{"name":"500424_wave26","parent":"12","length":37.24,"rotation":90,"x":-83.15,"y":-70.95,"scaleX":0.095,"scaleY":0.078},{"name":"500424_wave27","parent":"12","length":37.24,"rotation":90,"x":-85.29,"y":-65.11,"scaleX":0.093,"scaleY":0.077},{"name":"500424_wave28","parent":"12","length":37.24,"rotation":90,"x":-90.42,"y":-59.01,"scaleX":0.083,"scaleY":0.068}],"slots":[{"name":"avator_frame_500424","bone":"root"},{"name":"3812/1_00000","bone":"1"},{"name":"avator_frame_5004241","bone":"root","attachment":"avator_frame_5004241"},{"name":"500424_wave11","bone":"500424_wave11","attachment":"500424_wave11","blend":"additive"},{"name":"500424_wave28","bone":"500424_wave28","attachment":"500424_wave11","blend":"additive"},{"name":"500424_wave12","bone":"500424_wave12","attachment":"500424_wave11","blend":"additive"},{"name":"500424_wave13","bone":"500424_wave13","attachment":"500424_wave11","blend":"additive"},{"name":"500424_wave25","bone":"500424_wave25","attachment":"500424_wave11","blend":"additive"},{"name":"500424_wave14","bone":"500424_wave14","attachment":"500424_wave11","blend":"additive"},{"name":"500424_wave26","bone":"500424_wave26","attachment":"500424_wave11","blend":"additive"},{"name":"500424_wave15","bone":"500424_wave15","attachment":"500424_wave11","blend":"additive"},{"name":"500424_wave16","bone":"500424_wave16","attachment":"500424_wave11","blend":"additive"},{"name":"500424_wave27","bone":"500424_wave27","attachment":"500424_wave11","blend":"additive"},{"name":"500424_wave17","bone":"500424_wave17","attachment":"500424_wave11","blend":"additive"},{"name":"500424_wave23","bone":"500424_wave23","attachment":"500424_wave11","blend":"additive"},{"name":"500424_wave18","bone":"500424_wave18","attachment":"500424_wave11","blend":"additive"},{"name":"500424_wave24","bone":"500424_wave24","attachment":"500424_wave11","blend":"additive"},{"name":"500424_wave19","bone":"500424_wave19","attachment":"500424_wave11","blend":"additive"},{"name":"500424_wave22","bone":"500424_wave22","attachment":"500424_wave11","blend":"additive"},{"name":"500424_wave20","bone":"500424_wave20","attachment":"500424_wave11","blend":"additive"},{"name":"500424_wave21","bone":"500424_wave21","attachment":"500424_wave11","blend":"additive"},{"name":"1/1","bone":"2","attachment":"1/9","blend":"additive"}],"skins":{"default":{"1/1":{"1/1":{"x":-33.6,"y":-22.53,"rotation":-2.66,"width":210,"height":210},"1/2":{"x":-33.6,"y":-22.53,"rotation":-2.66,"width":210,"height":210},"1/3":{"x":-33.6,"y":-22.53,"rotation":-2.66,"width":210,"height":210},"1/4":{"x":-33.6,"y":-22.53,"rotation":-2.66,"width":210,"height":210},"1/5":{"x":-33.6,"y":-22.53,"rotation":-2.66,"width":210,"height":210},"1/6":{"x":-33.6,"y":-22.53,"rotation":-2.66,"width":210,"height":210},"1/7":{"x":-33.6,"y":-22.53,"rotation":-2.66,"width":210,"height":210},"1/8":{"x":-33.6,"y":-22.53,"rotation":-2.66,"width":210,"height":210},"1/9":{"x":-33.6,"y":-22.53,"rotation":-2.66,"width":210,"height":210},"1/10":{"x":-33.6,"y":-22.53,"rotation":-2.66,"width":210,"height":210},"1/11":{"x":-33.6,"y":-22.53,"rotation":-2.66,"width":210,"height":210}},"3812/1_00000":{"3812/1_00000":{"x":47.53,"y":-115.07,"width":200,"height":200},"3812/1_00001":{"x":47.53,"y":-115.07,"width":200,"height":200},"3812/1_00002":{"x":47.53,"y":-115.07,"width":200,"height":200},"3812/1_00003":{"x":47.53,"y":-115.07,"width":200,"height":200},"3812/1_00004":{"x":47.53,"y":-115.07,"width":200,"height":200},"3812/1_00005":{"x":47.53,"y":-115.07,"width":200,"height":200},"3812/1_00006":{"x":47.53,"y":-115.07,"width":200,"height":200},"3812/1_00007":{"x":47.53,"y":-115.07,"width":200,"height":200},"3812/1_00008":{"x":47.53,"y":-115.07,"width":200,"height":200},"3812/1_00009":{"x":47.53,"y":-115.07,"width":200,"height":200},"3812/1_00010":{"x":47.53,"y":-115.07,"width":200,"height":200},"3812/1_00011":{"x":47.53,"y":-115.07,"width":200,"height":200},"3812/1_00012":{"x":47.53,"y":-115.07,"width":200,"height":200},"3812/1_00013":{"x":47.53,"y":-115.07,"width":200,"height":200},"3812/1_00014":{"x":47.53,"y":-115.07,"width":200,"height":200}},"500424_wave11":{"500424_wave11":{"x":4.78,"y":-0.83,"rotation":-90,"width":80,"height":80}},"500424_wave12":{"500424_wave11":{"x":4.78,"y":-0.83,"rotation":-90,"width":80,"height":80}},"500424_wave13":{"500424_wave11":{"x":4.78,"y":-0.83,"rotation":-90,"width":80,"height":80}},"500424_wave14":{"500424_wave11":{"x":4.78,"y":-0.83,"rotation":-90,"width":80,"height":80}},"500424_wave15":{"500424_wave11":{"x":4.78,"y":-0.83,"rotation":-90,"width":80,"height":80}},"500424_wave16":{"500424_wave11":{"x":4.78,"y":-0.83,"rotation":-90,"width":80,"height":80}},"500424_wave17":{"500424_wave11":{"x":4.78,"y":-0.83,"rotation":-90,"width":80,"height":80}},"500424_wave18":{"500424_wave11":{"x":4.78,"y":-0.83,"rotation":-90,"width":80,"height":80}},"500424_wave19":{"500424_wave11":{"x":4.78,"y":-0.83,"rotation":-90,"width":80,"height":80}},"500424_wave20":{"500424_wave11":{"x":4.78,"y":-0.83,"rotation":-90,"width":80,"height":80}},"500424_wave21":{"500424_wave11":{"x":4.78,"y":-0.83,"rotation":-90,"width":80,"height":80}},"500424_wave22":{"500424_wave11":{"x":4.78,"y":-0.83,"rotation":-90,"width":80,"height":80}},"500424_wave23":{"500424_wave11":{"x":4.78,"y":-0.83,"rotation":-90,"width":80,"height":80}},"500424_wave24":{"500424_wave11":{"x":4.78,"y":-0.83,"rotation":-90,"width":80,"height":80}},"500424_wave25":{"500424_wave11":{"x":4.78,"y":-0.83,"rotation":-90,"width":80,"height":80}},"500424_wave26":{"500424_wave11":{"x":4.78,"y":-0.83,"rotation":-90,"width":80,"height":80}},"500424_wave27":{"500424_wave11":{"x":4.78,"y":-0.83,"rotation":-90,"width":80,"height":80}},"500424_wave28":{"500424_wave11":{"x":4.78,"y":-0.83,"rotation":-90,"width":80,"height":80}},"avator_frame_5004241":{"avator_frame_5004241":{"x":-0.5,"y":-1,"width":210,"height":210}}}},"animations":{"500424_1":{"slots":{"1/1":{"color":[{"time":0,"color":"ffffffff","curve":"stepped"},{"time":0.5333,"color":"ffffffff"},{"time":0.7333,"color":"ffffff00"}],"attachment":[{"time":0,"name":"1/1"},{"time":0.0667,"name":"1/2"},{"time":0.1333,"name":"1/3"},{"time":0.2,"name":"1/4"},{"time":0.2667,"name":"1/5"},{"time":0.3333,"name":"1/6"},{"time":0.4,"name":"1/7"},{"time":0.4667,"name":"1/8"},{"time":0.5333,"name":"1/9"},{"time":0.6,"name":"1/10"},{"time":0.6667,"name":"1/11"},{"time":0.7333,"name":null}]},"3812/1_00000":{"color":[{"time":0,"color":"ffffffba"}],"attachment":[{"time":0,"name":"3812/1_00000"},{"time":0.0667,"name":"3812/1_00001"},{"time":0.1333,"name":"3812/1_00002"},{"time":0.2,"name":"3812/1_00003"},{"time":0.2667,"name":"3812/1_00004"},{"time":0.3333,"name":"3812/1_00005"},{"time":0.4,"name":"3812/1_00006"},{"time":0.4667,"name":"3812/1_00007"},{"time":0.5333,"name":"3812/1_00008"},{"time":0.6,"name":"3812/1_00009"},{"time":0.7,"name":"3812/1_00010"},{"time":0.7667,"name":"3812/1_00011"},{"time":0.8333,"name":"3812/1_00012"},{"time":0.9,"name":"3812/1_00013"},{"time":0.9667,"name":"3812/1_00014"},{"time":1.0333,"name":"3812/1_00000"},{"time":1.1,"name":"3812/1_00001"},{"time":1.1667,"name":"3812/1_00002"},{"time":1.2333,"name":"3812/1_00003"},{"time":1.3,"name":"3812/1_00004"},{"time":1.3667,"name":"3812/1_00005"},{"time":1.4333,"name":"3812/1_00006"},{"time":1.5,"name":"3812/1_00007"},{"time":1.5667,"name":"3812/1_00008"},{"time":1.6333,"name":"3812/1_00009"},{"time":1.7,"name":"3812/1_00010"},{"time":1.7667,"name":"3812/1_00011"},{"time":1.8333,"name":"3812/1_00012"},{"time":1.9,"name":"3812/1_00013"},{"time":1.9667,"name":"3812/1_00014"}]},"500424_wave11":{"color":[{"time":0,"color":"ffffff00","curve":"stepped"},{"time":0.4333,"color":"ffffff00","curve":[0.084,0.58,0.721,0.95]},{"time":0.6,"color":"ffffffff","curve":"stepped"},{"time":1.3333,"color":"ffffffff"},{"time":1.4333,"color":"ffffff00"}]},"500424_wave12":{"color":[{"time":0,"color":"ffffff00","curve":"stepped"},{"time":0.4333,"color":"ffffff00","curve":[0.084,0.58,0.721,0.95]},{"time":0.5667,"color":"ffffffff","curve":"stepped"},{"time":1.2333,"color":"ffffffff"},{"time":1.3333,"color":"ffffff00"}]},"500424_wave13":{"color":[{"time":0,"color":"ffffff00","curve":"stepped"},{"time":0.4,"color":"ffffff00","curve":[0.084,0.58,0.721,0.95]},{"time":0.5333,"color":"ffffffff","curve":"stepped"},{"time":1.3,"color":"ffffffff"},{"time":1.4,"color":"ffffff00"}]},"500424_wave14":{"color":[{"time":0,"color":"ffffff00","curve":"stepped"},{"time":0.4667,"color":"ffffff00","curve":[0.084,0.58,0.721,0.95]},{"time":0.6,"color":"ffffffff","curve":"stepped"},{"time":1.3667,"color":"ffffffff"},{"time":1.4667,"color":"ffffff00"}]},"500424_wave15":{"color":[{"time":0,"color":"ffffff00","curve":"stepped"},{"time":0.2333,"color":"ffffff00","curve":[0.084,0.58,0.721,0.95]},{"time":0.4,"color":"ffffffff","curve":"stepped"},{"time":1.2333,"color":"ffffffff"},{"time":1.3333,"color":"ffffff00"}]},"500424_wave16":{"color":[{"time":0,"color":"ffffff00","curve":"stepped"},{"time":0.4667,"color":"ffffff00","curve":[0.084,0.58,0.721,0.95]},{"time":0.6333,"color":"ffffffff","curve":"stepped"},{"time":1.4,"color":"ffffffff"},{"time":1.5,"color":"ffffff00"}]},"500424_wave17":{"color":[{"time":0,"color":"ffffff00","curve":"stepped"},{"time":0.4333,"color":"ffffff00","curve":[0.084,0.58,0.721,0.95]},{"time":0.5667,"color":"ffffffff","curve":"stepped"},{"time":1.2333,"color":"ffffffff"},{"time":1.3333,"color":"ffffff00"}]},"500424_wave18":{"color":[{"time":0,"color":"ffffff00","curve":"stepped"},{"time":0.2333,"color":"ffffff00","curve":[0.084,0.58,0.721,0.95]},{"time":0.4,"color":"ffffffff","curve":"stepped"},{"time":1.2333,"color":"ffffffff"},{"time":1.3333,"color":"ffffff00"}]},"500424_wave19":{"color":[{"time":0,"color":"ffffff00","curve":"stepped"},{"time":0.5,"color":"ffffff00","curve":[0.084,0.58,0.721,0.95]},{"time":0.6333,"color":"ffffffff","curve":"stepped"},{"time":1.3667,"color":"ffffffff"},{"time":1.4667,"color":"ffffff00"}]},"500424_wave20":{"color":[{"time":0,"color":"ffffff00","curve":"stepped"},{"time":0.3,"color":"ffffff00","curve":[0.084,0.58,0.721,0.95]},{"time":0.4667,"color":"ffffffff","curve":"stepped"},{"time":1.3,"color":"ffffffff"},{"time":1.4,"color":"ffffff00"}]},"500424_wave21":{"color":[{"time":0,"color":"ffffff00","curve":"stepped"},{"time":0.6667,"color":"ffffff00","curve":[0.084,0.58,0.721,0.95]},{"time":0.8,"color":"ffffffff","curve":"stepped"},{"time":1.5,"color":"ffffffff"},{"time":1.5667,"color":"ffffff00"}]},"500424_wave22":{"color":[{"time":0,"color":"ffffff00","curve":"stepped"},{"time":0.3,"color":"ffffff00","curve":[0.084,0.58,0.721,0.95]},{"time":0.4667,"color":"ffffffff","curve":"stepped"},{"time":1.3,"color":"ffffffff"},{"time":1.4,"color":"ffffff00"}]},"500424_wave23":{"color":[{"time":0,"color":"ffffff00","curve":"stepped"},{"time":0.4333,"color":"ffffff00","curve":[0.084,0.58,0.721,0.95]},{"time":0.6,"color":"ffffffff","curve":"stepped"},{"time":1.4333,"color":"ffffffff"},{"time":1.5333,"color":"ffffff00"}]},"500424_wave24":{"color":[{"time":0,"color":"ffffff00","curve":"stepped"},{"time":0.5333,"color":"ffffff00","curve":[0.084,0.58,0.721,0.95]},{"time":0.6667,"color":"ffffffff","curve":"stepped"},{"time":1.3333,"color":"ffffffff"},{"time":1.4333,"color":"ffffff00"}]},"500424_wave25":{"color":[{"time":0,"color":"ffffff00","curve":"stepped"},{"time":0.3667,"color":"ffffff00","curve":[0.084,0.58,0.721,0.95]},{"time":0.5333,"color":"ffffffff","curve":"stepped"},{"time":1.2,"color":"ffffffff"},{"time":1.2667,"color":"ffffff00"}]},"500424_wave26":{"color":[{"time":0,"color":"ffffff00","curve":"stepped"},{"time":0.4333,"color":"ffffff00","curve":[0.084,0.58,0.721,0.95]},{"time":0.6,"color":"ffffffff","curve":"stepped"},{"time":1.4333,"color":"ffffffff"},{"time":1.5333,"color":"ffffff00"}]},"500424_wave27":{"color":[{"time":0,"color":"ffffff00","curve":"stepped"},{"time":0.1667,"color":"ffffff00","curve":[0.084,0.58,0.721,0.95]},{"time":0.3333,"color":"ffffffff","curve":"stepped"},{"time":1.1667,"color":"ffffffff"},{"time":1.2667,"color":"ffffff00"}]},"500424_wave28":{"color":[{"time":0,"color":"ffffff00","curve":"stepped"},{"time":0.5,"color":"ffffff00","curve":[0.084,0.58,0.721,0.95]},{"time":0.6333,"color":"ffffffff","curve":"stepped"},{"time":1.3333,"color":"ffffffff"},{"time":1.4333,"color":"ffffff00"}]}},"bones":{"1":{"translate":[{"time":0,"x":-246.96,"y":-54.27,"curve":"stepped"},{"time":2,"x":-246.96,"y":-54.27}],"scale":[{"time":0,"x":1.034,"y":1.034}]},"2":{"translate":[{"time":0,"x":0,"y":0}]},"500424_wave11":{"translate":[{"time":0,"x":0,"y":0,"curve":"stepped"},{"time":0.4333,"x":0,"y":0,"curve":[0.084,0.58,0.721,0.95]},{"time":0.9,"x":0,"y":91.31,"curve":[0.25,0,0.728,0.28]},{"time":1.4333,"x":0,"y":0}],"scale":[{"time":0,"x":1,"y":1,"curve":"stepped"},{"time":0.4667,"x":1,"y":1},{"time":1.4,"x":0.441,"y":0.441}]},"500424_wave12":{"translate":[{"time":0,"x":0,"y":0,"curve":"stepped"},{"time":0.4333,"x":0,"y":0,"curve":[0.084,0.58,0.721,0.95]},{"time":0.8333,"x":0,"y":128.49,"curve":[0.25,0,0.728,0.28]},{"time":1.3333,"x":0,"y":0}],"scale":[{"time":0,"x":1,"y":1,"curve":"stepped"},{"time":0.4667,"x":1,"y":1},{"time":1.4,"x":0.441,"y":0.441}]},"500424_wave13":{"translate":[{"time":0,"x":0,"y":0,"curve":"stepped"},{"time":0.4,"x":0,"y":0,"curve":[0.084,0.58,0.721,0.95]},{"time":0.8333,"x":0,"y":78.08,"curve":[0.25,0,0.728,0.28]},{"time":1.4,"x":0,"y":0}],"scale":[{"time":0,"x":1,"y":1,"curve":"stepped"},{"time":0.4667,"x":1,"y":1},{"time":1.4,"x":0.441,"y":0.441}]},"500424_wave14":{"translate":[{"time":0,"x":0,"y":0,"curve":"stepped"},{"time":0.4667,"x":0,"y":0,"curve":[0.084,0.58,0.721,0.95]},{"time":0.9333,"x":0,"y":77.21,"curve":[0.25,0,0.728,0.28]},{"time":1.4667,"x":0,"y":0}],"scale":[{"time":0,"x":1,"y":1,"curve":"stepped"},{"time":0.4667,"x":1,"y":1},{"time":1.4,"x":0.479,"y":0.479}]},"500424_wave15":{"translate":[{"time":0,"x":0,"y":0,"curve":"stepped"},{"time":0.2333,"x":0,"y":0,"curve":[0.084,0.58,0.721,0.95]},{"time":0.7333,"x":0,"y":91.31,"curve":[0.25,0,0.728,0.28]},{"time":1.3333,"x":0,"y":0}],"scale":[{"time":0,"x":1,"y":1,"curve":"stepped"},{"time":0.4667,"x":1,"y":1},{"time":1.4,"x":0.441,"y":0.441}]},"500424_wave16":{"translate":[{"time":0,"x":0,"y":0,"curve":"stepped"},{"time":0.4667,"x":0,"y":0,"curve":[0.084,0.58,0.721,0.95]},{"time":0.9333,"x":0,"y":75.1,"curve":[0.25,0,0.728,0.28]},{"time":1.5,"x":0,"y":0}],"scale":[{"time":0,"x":1,"y":1,"curve":"stepped"},{"time":0.4667,"x":1,"y":1},{"time":1.4,"x":0.435,"y":0.435}]},"500424_wave17":{"translate":[{"time":0,"x":0,"y":0,"curve":"stepped"},{"time":0.4333,"x":0,"y":0,"curve":[0.084,0.58,0.721,0.95]},{"time":0.8333,"x":0,"y":93.13,"curve":[0.25,0,0.728,0.28]},{"time":1.3333,"x":0,"y":0}],"scale":[{"time":0,"x":1,"y":1,"curve":"stepped"},{"time":0.4667,"x":1,"y":1},{"time":1.4,"x":0.435,"y":0.435}]},"500424_wave18":{"translate":[{"time":0,"x":0,"y":0,"curve":"stepped"},{"time":0.2333,"x":0,"y":0,"curve":[0.084,0.58,0.721,0.95]},{"time":0.7333,"x":0,"y":113.38,"curve":[0.25,0,0.728,0.28]},{"time":1.3333,"x":0,"y":0}],"scale":[{"time":0,"x":1,"y":1,"curve":"stepped"},{"time":0.4667,"x":1,"y":1},{"time":1.4,"x":0.441,"y":0.441}]},"500424_wave19":{"translate":[{"time":0,"x":0,"y":0,"curve":"stepped"},{"time":0.5,"x":0,"y":0,"curve":[0.084,0.58,0.721,0.95]},{"time":0.9333,"x":0,"y":103.49,"curve":[0.25,0,0.728,0.28]},{"time":1.4667,"x":0,"y":0}],"scale":[{"time":0,"x":1,"y":1,"curve":"stepped"},{"time":0.4667,"x":1,"y":1},{"time":1.4,"x":0.506,"y":0.506}]},"500424_wave20":{"translate":[{"time":0,"x":0,"y":0,"curve":"stepped"},{"time":0.3,"x":0,"y":0,"curve":[0.084,0.58,0.721,0.95]},{"time":0.8,"x":0,"y":88.17,"curve":[0.25,0,0.728,0.28]},{"time":1.4,"x":0,"y":0}],"scale":[{"time":0,"x":1,"y":1,"curve":"stepped"},{"time":0.4667,"x":1,"y":1},{"time":1.4,"x":0.441,"y":0.441}]},"500424_wave21":{"translate":[{"time":0,"x":0,"y":0,"curve":"stepped"},{"time":0.6667,"x":0,"y":0,"curve":[0.084,0.58,0.721,0.95]},{"time":1.0667,"x":0,"y":103.08,"curve":[0.25,0,0.728,0.28]},{"time":1.5667,"x":0,"y":0}],"scale":[{"time":0,"x":1,"y":1,"curve":"stepped"},{"time":0.4667,"x":1,"y":1},{"time":1.4,"x":0.441,"y":0.441}]},"500424_wave22":{"translate":[{"time":0,"x":0,"y":0,"curve":"stepped"},{"time":0.3,"x":0,"y":0,"curve":[0.084,0.58,0.721,0.95]},{"time":0.8,"x":0,"y":95.36,"curve":[0.25,0,0.728,0.28]},{"time":1.4,"x":0,"y":0}],"scale":[{"time":0,"x":1,"y":1,"curve":"stepped"},{"time":0.4667,"x":1,"y":1},{"time":1.4,"x":0.506,"y":0.506}]},"500424_wave23":{"translate":[{"time":0,"x":0,"y":0,"curve":"stepped"},{"time":0.4333,"x":0,"y":0,"curve":[0.084,0.58,0.721,0.95]},{"time":0.9333,"x":0,"y":96.38,"curve":[0.25,0,0.728,0.28]},{"time":1.5333,"x":0,"y":0}],"scale":[{"time":0,"x":1,"y":1,"curve":"stepped"},{"time":0.4667,"x":1,"y":1},{"time":1.4,"x":0.435,"y":0.435}]},"500424_wave24":{"translate":[{"time":0,"x":0,"y":0,"curve":"stepped"},{"time":0.5333,"x":0,"y":0,"curve":[0.084,0.58,0.721,0.95]},{"time":0.9333,"x":0,"y":91.31,"curve":[0.25,0,0.728,0.28]},{"time":1.4333,"x":0,"y":0}],"scale":[{"time":0,"x":1,"y":1,"curve":"stepped"},{"time":0.4667,"x":1,"y":1},{"time":1.4,"x":0.441,"y":0.441}]},"500424_wave25":{"translate":[{"time":0,"x":0,"y":0,"curve":"stepped"},{"time":0.3667,"x":0,"y":0,"curve":[0.084,0.58,0.721,0.95]},{"time":0.8,"x":0,"y":113.73,"curve":[0.25,0,0.728,0.28]},{"time":1.2667,"x":0,"y":0}],"scale":[{"time":0,"x":1,"y":1,"curve":"stepped"},{"time":0.4667,"x":1,"y":1},{"time":1.4,"x":0.441,"y":0.441}]},"500424_wave26":{"translate":[{"time":0,"x":0,"y":0,"curve":"stepped"},{"time":0.4333,"x":0,"y":0,"curve":[0.084,0.58,0.721,0.95]},{"time":0.9333,"x":0,"y":82.94,"curve":[0.25,0,0.728,0.28]},{"time":1.5333,"x":0,"y":0}],"scale":[{"time":0,"x":1,"y":1,"curve":"stepped"},{"time":0.4667,"x":1,"y":1},{"time":1.4,"x":0.441,"y":0.441}]},"500424_wave27":{"translate":[{"time":0,"x":0,"y":0,"curve":"stepped"},{"time":0.1667,"x":0,"y":0,"curve":[0.084,0.58,0.721,0.95]},{"time":0.6667,"x":0,"y":91.31,"curve":[0.25,0,0.728,0.28]},{"time":1.2667,"x":0,"y":0}],"scale":[{"time":0,"x":1,"y":1,"curve":"stepped"},{"time":0.4667,"x":1,"y":1},{"time":1.4,"x":0.441,"y":0.441}]},"500424_wave28":{"translate":[{"time":0,"x":0,"y":0,"curve":"stepped"},{"time":0.5,"x":0,"y":0,"curve":[0.084,0.58,0.721,0.95]},{"time":0.9,"x":0.54,"y":111.02,"curve":[0.25,0,0.728,0.28]},{"time":1.4333,"x":0,"y":0}],"scale":[{"time":0,"x":1,"y":1,"curve":"stepped"},{"time":0.4667,"x":1,"y":1},{"time":1.4,"x":0.506,"y":0.506}]},"12":{"translate":[{"time":0,"x":46.18,"y":0,"curve":"stepped"},{"time":0.1333,"x":46.18,"y":0,"curve":[0.084,0.46,0.721,0.94]},{"time":1.3333,"x":0.89,"y":0}]}}}}}