{"skeleton":{"hash":"0UfF7qItN/v5Rb0jKsImqpZiWUo","spine":"3.4.02","width":210,"height":210,"images":""},"bones":[{"name":"root"},{"name":"images/500652_1","parent":"root","x":-2.1,"y":67.23},{"name":"images/500652_2","parent":"root","x":-46.52,"y":57.87},{"name":"images/500652_3","parent":"root","x":46.32,"y":56.2}],"slots":[{"name":"images/avator_frame_500652","bone":"root","attachment":"images/avator_frame_500652"},{"name":"images/500652_1","bone":"images/500652_1","attachment":"images/500652_1"},{"name":"images/500652_2","bone":"images/500652_2","attachment":"images/500652_2"},{"name":"images/500652_3","bone":"images/500652_3","attachment":"images/500652_3"}],"skins":{"default":{"images/500652_1":{"images/500652_1":{"x":-1.54,"y":-0.06,"width":32,"height":23}},"images/500652_2":{"images/500652_2":{"x":0.1,"y":-0.03,"width":18,"height":18}},"images/500652_3":{"images/500652_3":{"x":-2,"y":1.07,"width":23,"height":23}},"images/avator_frame_500652":{"images/avator_frame_500652":{"width":210,"height":210}}}},"animations":{"500652_1":{"slots":{"images/500652_1":{"color":[{"time":0,"color":"ffffffff","curve":"stepped"},{"time":0.5,"color":"ffffffff"},{"time":1,"color":"ffffff00"},{"time":1.5,"color":"ffffffff","curve":"stepped"},{"time":2,"color":"ffffffff"}]},"images/500652_2":{"color":[{"time":0,"color":"ffffffa9"},{"time":0.1666,"color":"ffffffff","curve":"stepped"},{"time":1.1666,"color":"ffffffff"},{"time":1.6666,"color":"ffffff00"},{"time":2,"color":"ffffffa9"}]},"images/500652_3":{"color":[{"time":0,"color":"ffffffff"},{"time":0.5,"color":"ffffff00"},{"time":1,"color":"ffffffff","curve":"stepped"},{"time":2,"color":"ffffffff"}]}},"bones":{"images/500652_2":{"rotate":[{"time":0,"angle":30.5},{"time":1.6333,"angle":180},{"time":1.6666,"angle":0},{"time":2,"angle":30.5}],"translate":[{"time":0,"x":0,"y":-23.76},{"time":1.6333,"x":0,"y":-140.22},{"time":1.6666,"x":0,"y":0},{"time":2,"x":0,"y":-23.76}],"scale":[{"time":0,"x":1,"y":1,"curve":"stepped"},{"time":1.6333,"x":1,"y":1,"curve":"stepped"},{"time":1.6666,"x":1,"y":1,"curve":"stepped"},{"time":2,"x":1,"y":1}]},"images/500652_1":{"rotate":[{"time":0,"angle":91.52},{"time":0.9666,"angle":180},{"time":1,"angle":0},{"time":2,"angle":91.52}],"translate":[{"time":0,"x":0,"y":-71.29},{"time":0.9666,"x":0,"y":-140.22},{"time":1,"x":0,"y":0},{"time":2,"x":0,"y":-71.29}],"scale":[{"time":0,"x":1,"y":1,"curve":"stepped"},{"time":0.9666,"x":1,"y":1,"curve":"stepped"},{"time":1,"x":1,"y":1,"curve":"stepped"},{"time":2,"x":1,"y":1}]},"images/500652_3":{"rotate":[{"time":0,"angle":137.28},{"time":0.4666,"angle":180},{"time":0.5,"angle":0},{"time":2,"angle":137.28}],"translate":[{"time":0,"x":0,"y":-106.94},{"time":0.4666,"x":0,"y":-140.22},{"time":0.5,"x":0,"y":0},{"time":2,"x":0,"y":-106.94}],"scale":[{"time":0,"x":1,"y":1,"curve":"stepped"},{"time":0.4666,"x":1,"y":1,"curve":"stepped"},{"time":0.5,"x":1,"y":1,"curve":"stepped"},{"time":2,"x":1,"y":1}]}}}}}